Date,Delhi,Kanpur,Raipur,Mumbai,Ranchi,Kolkata,Guwahati,Hyderabad,Chennai
01/08/2026,5030,5050,4970,4980,5000,5040,5050,5000,5200
31/07/2026,4950,4980,4900,4900,4920,4960,4980,4900,5180
30/07/2026,4860,4900,4820,4820,4860,4880,4900,4820,5150
29/07/2026,4860,4900,4820,4820,4860,4880,4900,4820,5150
28/07/2026,4850,4880,4800,4800,4850,4850,4890,4800,5120
27/07/2026,4820,4860,4800,4780,4850,4850,4870,4780,5100
25/07/2026,4810,4850,4780,4780,4850,4850,4870,4780,5100
24/07/2026,4820,4860,4780,4790,4850,4860,4880,4790,5100
23/07/2026,4820,4860,4780,4790,4850,4860,4880,4790,5100
22/07/2026,4840,4870,4760,4800,4870,4900,4920,4800,5080
21/07/2026,4850,4880,4780,4820,4900,4920,4950,4820,5100
20/07/2026,4850,4880,4780,4820,4920,4960,4980,4820,5100
18/07/2026,4850,4880,4780,4820,4920,4960,4980,4820,5100
17/07/2026,4850,4880,4780,4820,4920,4960,4980,4750,5020
16/07/2026,4820,4850,4750,4780,4900,4950,4960,4740,5000
15/07/2026,4760,4780,4650,4680,4800,4860,4880,4620,4980
14/07/2026,4730,4740,4600,4600,4720,4800,4820,4580,4920
13/07/2026,4700,4700,4580,4550,4700,4760,4780,4550,4880
11/07/2026,4700,4700,4580,4550,4700,4760,4780,4550,4880
10/07/2026,4680,4700,4550,4540,4680,4750,4780,4540,4850
09/07/2026,4680,4700,4550,4530,4650,4750,4780,4540,4800
08/07/2026,4680,4700,4550,4520,4650,4750,4780,4520,4780
07/07/2026,4680,4700,4550,4500,4600,4720,4750,4500,4750
06/07/2026,4650,4650,4500,4430,4520,4660,4680,4400,4700
04/07/2026,4580,4600,4450,4400,4500,4600,4620,4390,4700
03/07/2026,4580,4600,4450,4400,4500,4600,4620,4390,4700
02/07/2026,4580,4600,4450,4400,4500,4600,4620,4380,4680
01/07/2026,4580,4600,4450,4400,4500,4600,4620,4380,4680
30/06/2026,4520,4540,4400,4350,4450,4560,4560,4340,4650
29/06/2026,4480,4490,4350,4300,4400,4500,4520,4280,4620
27/06/2026,4480,4490,4350,4300,4400,4500,4520,4280,4620
26/06/2026,4450,4460,4350,4300,4400,4500,4500,4280,4600
25/06/2026,4450,4460,4350,4300,4400,4500,4500,4280,4600
24/06/2026,4450,4460,4300,4280,4400,4480,4600,4260,4600
23/06/2026,4440,4450,4280,4250,4400,4450,4460,4260,4600
22/06/2026,4440,4450,4280,4250,4400,4450,4460,4260,4600
20/06/2026,4440,4450,4280,4240,4400,4450,4460,4250,4600
19/06/2026,4440,4450,4280,4220,4400,4450,4460,4230,4600
18/06/2026,4440,4450,4280,4220,4400,4450,4460,4230,4600
17/06/2026,4440,4450,4280,4220,4400,4450,4460,4230,4600
16/06/2026,4440,4450,4280,4220,4400,4450,4460,4230,4600
15/06/2026,4440,4450,4280,4220,4400,4450,4460,4230,4600
13/06/2026,4440,4450,4280,4220,4400,4450,4460,4230,4600
12/06/2026,4440,4450,4280,4220,4400,4450,4460,4230,4600
11/06/2026,4440,4450,4280,4220,4400,4450,4460,4230,4600
10/06/2026,4440,4450,4280,4220,4400,4450,4460,4230,4600
09/06/2026,4440,4450,4280,4220,4400,4450,4460,4230,4600
08/06/2026,4440,4450,4280,4220,4400,4450,4460,4230,4600
06/06/2026,4440,4450,4280,4220,4400,4450,4460,4230,4600
05/06/2026,4440,4450,4280,4220,4400,4450,4460,4230,4600
04/06/2026,4440,4450,4280,4220,4400,4450,4460,4230,4600
03/06/2026,4440,4450,4280,4220,4400,4450,4460,4230,4600
02/06/2026,4440,4450,4300,4240,4400,4450,4460,4240,4600
01/06/2026,4440,4450,4300,4240,4400,4450,4460,4240,4600
30/05/2026,4440,4450,4300,4240,4400,4450,4460,4240,4600
29/05/2026,4420,4450,4300,4240,4400,4450,4460,4240,4600
28/05/2026,4400,4420,4280,4220,4400,4450,4460,4220,4600
27/05/2026,4400,4420,4240,4210,4400,4450,4460,4220,4600
26/05/2026,4400,4420,4240,4210,4400,4450,4460,4220,4600
25/05/2026,4380,4400,4220,4210,4380,4440,4450,4220,4580
23/05/2026,4380,4400,4220,4210,4380,4440,4450,4220,4580
22/05/2026,4380,4400,4200,4200,4380,4440,4450,4200,4580
21/05/2026,4380,4400,4200,4200,4380,4440,4450,4200,4580
20/05/2026,4380,4400,4200,4200,4380,4440,4450,4200,4580
19/05/2026,4380,4400,4200,4200,4380,4440,4450,4200,4580
18/05/2026,4380,4400,4200,4200,4380,4420,4440,4200,4580
16/05/2026,4380,4400,4200,4200,4380,4400,4420,4200,4580
15/05/2026,4380,4400,4200,4200,4380,4400,4420,4200,4580
14/05/2026,4380,4400,4200,4200,4380,4400,4420,4200,4580
13/05/2026,4400,4400,4220,4200,4380,4420,4430,4200,4580
12/05/2026,4400,4400,4220,4200,4380,4420,4430,4200,4580
11/05/2026,4400,4400,4220,4200,4380,4420,4430,4200,4580
09/05/2026,4400,4400,4220,4200,4380,4420,4430,4200,4580
08/05/2026,4400,4400,4220,4200,4380,4420,4430,4200,4580
07/05/2026,4400,4400,4220,4200,4380,4420,4430,4200,4560
06/05/2026,4400,4400,4220,4200,4380,4420,4430,4200,4560
05/05/2026,4400,4400,4220,4200,4380,4420,4430,4200,4560
04/05/2026,4400,4400,4220,4200,4380,4420,4430,4200,4560
02/05/2026,4400,4400,4220,4180,4380,4420,4430,4180,4560
30/04/2026,4340,4360,4200,4120,4320,4350,4370,4130,4520
29/04/2026,4330,4350,4150,4090,4280,4300,4310,4100,4550
28/04/2026,4330,4350,4150,4090,4280,4300,4310,4100,4550
27/04/2026,4320,4350,4150,4080,4280,4280,4300,4090,4540
25/04/2026,4320,4350,4150,4080,4280,4280,4300,4090,4540
24/04/2026,4330,4350,4150,4080,4280,4280,4300,4090,4540
23/04/2026,4330,4350,4150,4080,4280,4280,4300,4090,4540
22/04/2026,4330,4350,4150,4080,4280,4280,4300,4090,4540
21/04/2026,4330,4350,4150,4080,4280,4280,4300,4090,4540
20/04/2026,4330,4350,4150,4080,4280,4280,4300,4090,4540
18/04/2026,4330,4350,4150,4080,4280,4280,4300,4090,4540
17/04/2026,4330,4350,4150,4080,4280,4280,4300,4090,4540
16/04/2026,4340,4360,4150,4090,4280,4280,4300,4100,4550
15/04/2026,4340,4360,4150,4090,4280,4280,4300,4100,4550
14/04/2026,4340,4360,4150,4090,4280,4280,4300,4100,4550
13/04/2026,4340,4360,4150,4090,4280,4280,4300,4100,4550
11/04/2026,4340,4360,4150,4090,4280,4280,4300,4110,4550
10/04/2026,4340,4360,4150,4090,4280,4280,4300,4110,4550
09/04/2026,4340,4360,4150,4090,4280,4280,4300,4110,4550
08/04/2026,4340,4360,4150,4090,4280,4280,4300,4110,4550
07/04/2026,4340,4360,4150,4090,4280,4290,4300,4100,4550
06/04/2026,4340,4360,4150,4090,4280,4290,4300,4100,4550
04/04/2026,4340,4360,4150,4090,4280,4290,4300,4100,4550
03/04/2026,4340,4360,4150,4080,4280,4290,4300,4070,4520
02/04/2026,4340,4360,4150,4080,4280,4290,4300,4070,4520
01/04/2026,4330,4360,4150,4070,4270,4280,4300,4060,4500
31/03/2026,4330,4360,4150,4070,4270,4280,4300,4060,4500
30/03/2026,4330,4360,4150,4070,4270,4280,4300,4060,4500
28/03/2026,4320,4350,4150,4070,4270,4280,4300,4060,4470
27/03/2026,4320,4350,4150,4070,4270,4280,4300,4060,4470
26/03/2026,4320,4350,4150,4070,4270,4280,4300,4060,4470
25/03/2026,4300,4330,4150,4070,4270,4280,4290,4060,4470
24/03/2026,4290,4320,4140,4060,4260,4270,4280,4050,4460
23/03/2026,4300,4330,4140,4060,4260,4270,4280,4050,4460
21/03/2026,4300,4330,4140,4060,4260,4270,4280,4050,4460
20/03/2026,4300,4330,4140,4060,4260,4270,4280,4050,4460
18/03/2026,4310,4350,4140,4060,4260,4280,4300,4050,4460
17/03/2026,4310,4350,4140,4060,4260,4280,4300,4050,4460
16/03/2026,4350,4360,4140,4060,4280,4300,4320,4070,4460
14/03/2026,4350,4360,4140,4060,4280,4300,4320,4070,4460
13/03/2026,4350,4360,4140,4090,4300,4320,4340,4090,4460
12/03/2026,4350,4370,4150,4100,4320,4350,4370,4100,4460
11/03/2026,4350,4370,4150,4100,4320,4340,4350,4100,4440
10/03/2026,4350,4370,4150,4100,4320,4340,4350,4100,4440
09/03/2026,4350,4370,4130,4100,4300,4320,4340,4100,4440
07/03/2026,4350,4370,4130,4100,4300,4320,4340,4100,4440
06/03/2026,4350,4370,4130,4100,4300,4320,4340,4100,4440
05/03/2026,4350,4370,4130,4100,4300,4320,4340,4100,4440
04/03/2026,4350,4370,4150,4080,4300,4350,4360,4090,4440
03/03/2026,4350,4370,4150,4080,4300,4350,4360,4090,4440
02/03/2026,4350,4370,4150,4080,4300,4350,4360,4090,4440
28/2/2026,4350,4370,4150,4060,4300,4350,4360,4060,4400
27/2/2026,4350,4370,4150,4060,4300,4350,4360,4060,4400
26/2/2026,4350,4370,4150,4060,4300,4350,4360,4060,4400
25/2/2026,4350,4370,4150,4060,4300,4360,4370,4060,4400
24/2/2026,4360,4380,4150,4090,4300,4370,4380,4080,4400
23/2/2026,4360,4380,4150,4110,4300,4380,4390,4100,4400
21/2/2026,4360,4380,4150,4110,4300,4380,4390,4100,4400
20/2/2026,4360,4390,4140,4120,4300,4380,4390,4120,4400
19/2/2026,4360,4390,4140,4120,4300,4380,4390,4120,4400
18/2/2026,4360,4390,4140,4120,4300,4380,4390,4120,4400
17/2/2026,4370,4400,4140,4120,4300,4380,4390,4120,4400
16/2/2026,4370,4400,4140,4120,4300,4380,4390,4120,4400
14/2/2026,4370,4400,4140,4120,4300,4380,4390,4120,4400
13/2/2026,4370,4400,4140,4120,4300,4380,4390,4120,4400
12/2/2026,4370,4400,4140,4120,4300,4380,4390,4120,4400
11/2/2026,4370,4400,4140,4120,4300,4380,4390,4120,4400
10/2/2026,4370,4400,4140,4120,4300,4380,4390,4120,4400
9/2/2026,4370,4400,4140,4120,4300,4380,4390,4120,4400
7/2/2026,4370,4400,4140,4120,4300,4380,4390,4120,4400
6/2/2026,4370,4400,4140,4120,4300,4380,4390,4120,4400
5/2/2026,4370,4400,4140,4100,4300,4380,4390,4100,4400
4/2/2026,4370,4400,4140,4100,4300,4380,4390,4100,4400
3/2/2026,4370,4400,4140,4100,4300,4380,4390,4100,4400
2/2/2026,4380,4410,4120,4100,4300,4380,4390,4080,4400
31/1/2026,4380,4410,4070,4100,4280,4380,4390,4080,4380
30/1/2026,4340,4380,4040,4040,4240,4340,4350,4050,4340
29/1/2026,4340,4380,4040,4020,4240,4320,4340,4030,4320
28/1/2026,4340,4360,4040,4020,4240,4320,4340,4030,4320
27/1/2026,4350,4380,4050,4040,4240,4320,4340,4040,4320
24/1/2026,4350,4380,4050,4040,4240,4300,4320,4030,4300
23/1/2026,4350,4380,4050,4040,4240,4300,4320,4030,4300
22/1/2026,4350,4380,4050,4060,4240,4300,4320,4040,4300
21/1/2026,4350,4380,4050,4060,4240,4300,4320,4040,4300
20/1/2026,4300,4340,4020,4020,4200,4260,4260,4000,4250
19/1/2026,4290,4320,4020,4020,4200,4250,4260,4000,4250
17/1/2026,4260,4300,4000,3990,4180,4220,4230,3980,4220
16/1/2026,4260,4300,4000,3980,4180,4220,4230,3980,4220
15/1/2026,4260,4300,4000,3980,4180,4220,4230,3980,4220
14/1/2026,4260,4300,4000,3980,4180,4220,4230,3980,4220
13/1/2026,4260,4300,4000,3980,4180,4220,4230,3980,4220
12/1/2026,4260,4300,4000,3980,4180,4220,4230,3980,4220
10/1/2026,4280,4320,4020,4000,4200,4240,4250,4000,4250
9/1/2026,4280,4320,4020,4000,4200,4240,4250,4000,4250
8/1/2026,4280,4320,4020,4000,4200,4240,4250,4000,4250
7/1/2026,4280,4320,4020,4000,4200,4240,4250,4000,4250
6/1/2026,4280,4300,4020,4000,4200,4240,4250,4000,4250
5/1/2026,4280,4300,4020,4000,4200,4240,4250,4000,4250
3/1/2026,4280,4300,4020,4000,4200,4250,4260,4000,4260
2/1/2026,4290,4310,4020,4000,4200,4250,4270,4000,4260
1/1/2026,4290,4310,4040,4020,4220,4280,4300,4020,4300
31/12/2025,4290,4310,4040,4020,4220,4280,4300,4020,4300
30/12/2025,4290,4310,4040,4020,4220,4280,4300,4020,4300
29/12/2025,4290,4310,4040,4020,4220,4280,4300,4020,4300
27/12/2025,4300,4320,4060,4020,4240,4280,4300,4020,4300
26/12/2025,4300,4320,4060,4020,4240,4280,4300,4020,4300
25/12/2025,4300,4320,4060,4020,4240,4280,4300,4020,4300
24/12/2025,4300,4320,4060,4020,4240,4280,4300,4020,4300
23/12/2025,4280,4300,4080,4000,4240,4280,4300,4020,4300
22/12/2025,4280,4300,4100,4000,4240,4280,4300,4020,4320
20/12/2025,4280,4300,4100,4000,4240,4280,4300,4020,4320
19/12/2025,4280,4300,4100,4000,4240,4280,4300,4020,4320
18/12/2025,4280,4300,4100,4000,4250,4300,4320,4030,4320
17/12/2025,4280,4300,4100,4000,4250,4300,4320,4040,4320
16/12/2025,4280,4300,4100,4000,4250,4300,4320,4040,4320
15/12/2025,4280,4300,4120,4000,4250,4300,4320,4040,4320
13/12/2025,4300,4300,4160,4020,4250,4330,4340,4050,4340
12/12/2025,4320,4300,4200,4020,4280,4330,4340,4070,4350
11/12/2025,4320,4300,4200,4020,4280,4330,4340,4070,4350
10/12/2025,4340,4320,4200,4050,4280,4340,4350,4080,4380
09/12/2025,4350,4320,4200,4050,4300,4350,4360,4080,4380
08/12/2025,4350,4320,4200,4070,4320,4370,4380,4080,4380
06/12/2025,4360,4340,4220,4080,4340,4380,4400,4080,4380
05/12/2025,4360,4340,4220,4080,4340,4380,4400,4080,4380
04/12/2025,4360,4340,4250,4080,4340,4380,4400,4080,4380
03/12/2025,4360,4340,4250,4080,4340,4380,4400,4080,4380
02/12/2025,4360,4340,4250,4080,4340,4400,4420,4080,4380
01/12/2025,4360,4340,4250,4080,4340,4400,4420,4080,4380
29/11/2025,4360,4340,4250,4080,4340,4400,4420,4080,4380
28/11/2025,4360,4340,4300,4090,4340,4400,4420,4100,4400
27/11/2025,4360,4340,4300,4100,4340,4400,4420,4110,4400
26/11/2025,4360,4340,4300,4100,4340,4400,4420,4110,4400
25/11/2025,4360,4340,4300,4120,4340,4400,4420,4160,4400
24/11/2025,4360,4320,4300,4120,4340,4400,4420,4160,4400
22/11/2025,4360,4320,4300,4120,4340,4400,4420,4160,4400
21/11/2025,4360,4320,4300,4120,4340,4400,4420,4160,4400
20/11/2025,4340,4300,4300,4100,4340,4400,4420,4160,4400
19/11/2025,4320,4280,4300,4100,4340,4400,4420,4160,4400
18/11/2025,4320,4280,4300,4120,4340,4400,4420,4180,4400
17/11/2025,4320,4280,4300,4120,4340,4400,4420,4180,4400
15/11/2025,4320,4280,4300,4120,4340,4400,4420,4180,4400
14/11/2025,4320,4280,4300,4120,4340,4400,4420,4180,4400
13/11/2025,4320,4280,4300,4120,4340,4400,4420,4200,4400
12/11/2025,4320,4280,4300,4120,4340,4400,4420,4200,4400
11/11/2025,4320,4280,4300,4120,4340,4400,4420,4200,4400
10/11/2025,4320,4280,4300,4120,4340,4400,4420,4200,4400
07/11/2025,4320,4280,4300,4120,4340,4380,4400,4200,4400
06/11/2025,4320,4280,4300,4120,4340,4240,4360,4200,4380
05/11/2025,4320,4280,4300,4100,4340,4240,4360,4180,4380
04/11/2025,4300,4250,4280,4080,4340,4300,4320,4170,4380
03/11/2025,4300,4250,4280,4080,4340,4300,4320,4170,4380
01/11/2025,4300,4250,4280,4080,4340,4300,4320,4170,4380
31/10/2025,4300,4250,4280,4080,4340,4300,4320,4170,4380
30/10/2025,4300,4250,4280,4080,4340,4300,4320,4170,4380
29/10/2025,4300,4250,4280,4080,4340,4300,4320,4170,4380
28/10/2025,4300,4250,4280,4080,4340,4300,4320,4170,4380
27/10/2025,4300,4250,4280,4080,4340,4300,4320,4170,4380
25/10/2025,4300,4260,4280,4100,4350,4320,4340,4180,4400
24/10/2025,4320,4270,4280,4120,4360,4320,4340,4200,4420
23/10/2025,4340,4300,4300,4160,4400,4360,4380,4220,4440
20/10/2025,4340,4300,4300,4160,4400,4360,4380,4220,4440
18/10/2025,4340,4300,4300,4160,4400,4360,4380,4220,4440
17/10/2025,4340,4300,4300,4160,4400,4360,4380,4220,4440
16/10/2025,4340,4300,4300,4160,4400,4360,4380,4220,4440
15/10/2025,4330,4300,4300,4150,4400,4350,4370,4220,4440
14/10/2025,4350,4310,4310,4170,4410,4370,4390,4230,4450
13/10/2025,4360,4320,4320,4180,4420,4380,4400,4230,4450
11/10/2025,4360,4320,4320,4180,4420,4380,4400,4230,4450
10/10/2025,4370,4320,4320,4180,4430,4390,4410,4230,4460
09/10/2025,4370,4320,4320,4180,4430,4390,4410,4230,4460
08/10/2025,4380,4330,4320,4180,4430,4410,4430,4230,4470
07/10/2025,4390,4340,4320,4180,4430,4410,4430,4230,4470
06/10/2025,4400,4350,4340,4200,4450,4420,4440,4240,4480
04/10/2025,4400,4350,4340,4200,4450,4420,4440,4240,4480
03/10/2025,4400,4350,4340,4200,4450,4420,4440,4240,4500
01/10/2025,4400,4350,4350,4220,4450,4420,4440,4250,4520
30/09/2025,4400,4350,4350,4220,4450,4420,4440,4250,4520
29/09/2025,4400,4350,4350,4220,4450,4420,4440,4250,4520
27/09/2025,4400,4350,4330,4220,4320,4420,4440,4250,4520
26/09/2025,4400,4350,4330,4220,4320,4420,4440,4250,4520
25/09/2025,4400,4350,4330,4220,4320,4420,4440,4250,4530
24/09/2025,4400,4350,4330,4220,4320,4420,4440,4250,4530
23/09/2025,4400,4350,4330,4220,4320,4420,4440,4250,4530
22/09/2025,4400,4350,4330,4220,4320,4420,4440,4250,4530
20/09/2025,4400,4350,4330,4240,4340,4430,4450,4260,4540
19/09/2025,4400,4350,4330,4240,4340,4430,4450,4260,4540
18/09/2025,4400,4350,4330,4240,4340,4430,4450,4270,4550
17/09/2025,4390,4350,4320,4220,4320,4420,4440,4250,4520
16/09/2025,4390,4350,4320,4240,4320,4420,4440,4250,4520
15/09/2025,4390,4350,4320,4240,4320,4420,4440,4250,4520
13/09/2025,4400,4360,4330,4250,4330,4430,4450,4250,4520
12/09/2025,4400,4360,4330,4250,4330,4430,4450,4250,4520
11/09/2025,4400,4360,4330,4250,4330,4430,4450,4250,4520
10/09/2025,4400,4360,4330,4250,4330,4430,4450,4250,4520
09/09/2025,4400,4360,4330,4250,4330,4430,4450,4250,4520
08/09/2025,4380,4360,4330,4240,4320,4420,4440,4240,4500
06/09/2025,4380,4360,4330,4240,4320,4420,4440,4240,4500
05/09/2025,4380,4360,4330,4240,4320,4420,4440,4240,4500
04/09/2025,4380,4360,4330,4250,4330,4420,4440,4250,4500
03/09/2025,4390,4370,4350,4260,4340,4430,4440,4270,4470
02/09/2025,4390,4370,4350,4260,4340,4430,4440,4270,4470
01/09/2025,4390,4370,4350,4260,4340,4430,4440,4270,4470
30/08/2025,4390,4370,4350,4260,4340,4430,4440,4270,4470
29/08/2025,4390,4370,4350,4260,4340,4430,4440,4270,4470
28/08/2025,4400,4380,4360,4280,4350,4440,4450,4280,4480
26/08/2025,4400,4380,4360,4280,4350,4440,4450,4280,4480
25/08/2025,4400,4380,4360,4280,4350,4440,4450,4280,4480
23/08/2025,4400,4380,4360,4280,4350,4440,4450,4280,4480
22/08/2025,4400,4380,4360,4280,4350,4440,4450,4280,4480
21/08/2025,4400,4380,4360,4270,4350,4440,4450,4280,4480
20/08/2025,4400,4380,4350,4280,4350,4460,4460,4290,4480
19/08/2025,4400,4380,4350,4280,4350,4460,4460,4290,4480
18/08/2025,4400,4380,4350,4260,4350,4460,4460,4280,4480
16/08/2025,4400,4380,4350,4230,4350,4460,4460,4240,4480
14/08/2025,4400,4380,4350,4230,4350,4460,4460,4240,4480
13/08/2025,4400,4380,4350,4230,4350,4460,4460,4240,4480
12/08/2025,4400,4380,4350,4230,4350,4460,4460,4240,4480
11/08/2025,4400,4380,4320,4230,4350,4460,4460,4240,4480
09/08/2025,4400,4380,4300,4230,4300,4460,4460,4240,4480
08/08/2025,4400,4380,4280,4240,4300,4480,4480,4250,4500
07/08/2025,4400,4380,4280,4240,4300,4480,4480,4250,4500
06/08/2025,4400,4380,4280,4240,4300,4480,4480,4250,4500
05/08/2025,4400,4380,4280,4240,4300,4480,4480,4250,4500
04/08/2025,4400,4380,4280,4240,4300,4480,4480,4250,4500
02/08/2025,4400,4370,4260,4240,4270,4480,4480,4240,4500
01/08/2025,4400,4370,4260,4240,4270,4480,4480,4240,4500
31/07/2025,4400,4370,4260,4240,4270,4480,4480,4240,4500
30/07/2025,4380,4340,4220,4180,4220,4450,4450,4180,4500
29/07/2025,4350,4320,4180,4160,4180,4400,4410,4150,4460
28/07/2025,4320,4300,4160,4140,4160,4370,4380,4130,4440
26/07/2025,4320,4300,4160,4140,4160,4370,4380,4130,4440
25/07/2025,4320,4300,4160,4140,4160,4370,4380,4130,4440
24/07/2025,4300,4275,4150,4120,4160,4350,4360,4120,4420
23/07/2025,4300,4275,4150,4120,4160,4350,4360,4120,4420
22/07/2025,4300,4275,4150,4120,4160,4350,4360,4120,4420
21/07/2025,4300,4275,4150,4120,4160,4350,4360,4120,4420
19/07/2025,4300,4275,4150,4120,4160,4350,4360,4120,4420
18/07/2025,4300,4275,4150,4120,4160,4350,4360,4120,4420
17/07/2025,4300,4275,4150,4120,4160,4350,4360,4120,4420
16/07/2025,4320,4300,4170,4140,4180,4350,4360,4120,4420
15/07/2025,4340,4320,4200,4160,4200,4350,4360,4120,4420
14/07/2025,4340,4320,4200,4160,4200,4350,4360,4120,4420
12/07/2025,4340,4320,4200,4160,4200,4350,4360,4120,4420
11/07/2025,4340,4320,4200,4160,4200,4350,4360,4120,4420
10/07/2025,4340,4320,4200,4160,4200,4350,4360,4120,4420
09/07/2025,4340,4320,4200,4160,4200,4350,4360,4120,4420
08/07/2025,4340,4320,4200,4160,4200,4350,4360,4120,4420
07/07/2025,4340,4320,4200,4160,4200,4350,4360,4120,4420
05/07/2025,4340,4320,4200,4160,4200,4350,4360,4120,4420
04/07/2025,4340,4320,4200,4160,4200,4350,4360,4120,4420
03/07/2025,4350,4320,4220,4160,4220,4360,4370,4130,4440
02/07/2025,4350,4320,4220,4160,4220,4360,4370,4130,4440
01/07/2025,4350,4320,4220,4160,4220,4360,4370,4130,4440
30/06/2025,4350,4320,4220,4150,4220,4360,4370,4130,4440
28/06/2025,4350,4320,4220,4150,4220,4360,4370,4130,4440
27/06/2025,4350,4320,4220,4150,4220,4360,4370,4130,4440
26/06/2025,4320,4300,4200,4120,4200,4340,4350,4100,4400
25/06/2025,4300,4280,4180,4100,4180,4320,4330,4100,4380
24/06/2025,4300,4280,4180,4100,4180,4320,4330,4100,4380
23/06/2025,4300,4280,4180,4100,4180,4320,4330,4100,4380
21/06/2025,4330,4310,4200,4120,4200,4340,4360,4110,4400
20/06/2025,4330,4310,4200,4120,4200,4340,4360,4110,4400
19/06/2025,4340,4320,4200,4120,4200,4350,4370,4120,4400
18/06/2025,4340,4320,4200,4120,4200,4350,4370,4120,4400
17/06/2025,4340,4320,4200,4120,4200,4350,4370,4120,4400
16/06/2025,4340,4320,4200,4120,4200,4350,4370,4120,4400
14/06/2025,4320,4300,4200,4120,4200,4330,4350,4120,4400
13/06/2025,4320,4300,4200,4120,4200,4330,4350,4120,4400
12/06/2025,4310,4300,4200,4120,4200,4330,4350,4120,4400
11/06/2025,4320,4310,4200,4120,4200,4340,4350,4130,4420
10/06/2025,4320,4310,4200,4120,4200,4340,4350,4130,4420
09/06/2025,4320,4310,4200,4120,4200,4340,4350,4130,4420
07/06/2025,4330,4320,4200,4140,4200,4350,4360,4140,4420
06/06/2025,4330,4320,4200,4140,4200,4350,4360,4140,4420
05/06/2025,4330,4320,4190,4150,4190,4340,4350,4150,4420
04/06/2025,4340,4330,4200,4170,4190,4350,4360,4180,4420
03/06/2025,4350,4340,4200,4180,4210,4360,4370,4200,4430
02/06/2025,4350,4340,4200,4180,4210,4360,4370,4200,4430
31/05/2025,4360,4340,4200,4180,4220,4370,4380,4210,4430
30/05/2025,4360,4340,4200,4180,4220,4370,4380,4210,4430
29/05/2025,4360,4340,4200,4180,4220,4370,4380,4210,4430
28/05/2025,4360,4340,4200,4180,4220,4370,4380,4210,4430
27/05/2025,4360,4340,4200,4180,4220,4370,4380,4210,4430
26/05/2025,4360,4340,4200,4180,4220,4370,4380,4210,4430
24/05/2025,4360,4340,4200,4180,4220,4370,4380,4210,4430
23/05/2025,4360,4340,4200,4180,4220,4370,4380,4210,4430
22/05/2025,4360,4340,4200,4180,4220,4370,4380,4210,4430
21/05/2025,4360,4340,4200,4200,4220,4370,4380,4200,4420
20/05/2025,4360,4340,4200,4190,4220,4370,4380,4200,4420
19/05/2025,4360,4340,4200,4180,4220,4370,4380,4200,4420
17/05/2025,4380,4340,4200,4180,4230,4370,4380,4200,4420
16/05/2025,4380,4340,4200,4200,4240,4370,4380,4200,4420
15/05/2025,4380,4340,4200,4200,4240,4370,4380,4200,4420
14/05/2025,4380,4340,4220,4200,4240,4370,4380,4200,4420
13/05/2025,4400,4350,4240,4200,4260,4380,4390,4210,4420
12/05/2025,4400,4350,4240,4200,4260,4380,4390,4210,4420
10/05/2025,4400,4350,4240,4200,4260,4380,4390,4220,4420
09/05/2025,4400,4350,4240,4200,4260,4380,4390,4220,4420
08/05/2025,4400,4350,4240,4200,4260,4380,4390,4220,4420
07/05/2025,4400,4350,4240,4200,4260,4380,4390,4220,4420
06/05/2025,4400,4350,4240,4200,4260,4380,4390,4220,4410
05/05/2025,4400,4350,4240,4180,4260,4375,4390,4200,4400
03/05/2025,4400,4360,4250,4180,4270,4380,4390,4200,4400
02/05/2025,4400,4360,4250,4180,4270,4380,4390,4200,4400
30/04/2025,4380,4340,4260,4180,4280,4370,4380,4190,4400
29/04/2025,4370,4330,4260,4180,4280,4360,4380,4190,4400
28/04/2025,4370,4330,4270,4180,4290,4370,4380,4200,4400
26/04/2025,4350,4310,4250,4160,4270,4340,4360,4180,4380
25/04/2025,4360,4320,4250,4160,4270,4350,4370,4180,4380
24/04/2025,4360,4320,4250,4160,4270,4350,4370,4180,4380
23/04/2025,4370,4330,4250,4160,4270,4350,4370,4180,4380
22/04/2025,4380,4330,4250,4170,4280,4360,4380,4180,4380
21/04/2025,4390,4340,4250,4180,4290,4360,4380,4190,4390
19/04/2025,4390,4340,4250,4180,4290,4360,4380,4190,4390
18/04/2025,4390,4340,4250,4180,4290,4360,4380,4190,4390
17/04/2025,4390,4340,4250,4180,4290,4360,4380,4190,4390
16/04/2025,4390,4340,4260,4190,4290,4370,4390,4190,4390
15/04/2025,4390,4340,4260,4190,4290,4370,4390,4190,4390
14/04/2025,4380,4320,4250,4180,4280,4360,4380,4180,4380
12/04/2025,4380,4320,4250,4180,4280,4360,4380,4180,4380
11/04/2025,4370,4300,4220,4180,4280,4360,4380,4180,4380
10/04/2025,4370,4300,4220,4180,4280,4360,4380,4180,4380
09/04/2025,4370,4300,4220,4180,4280,4360,4380,4180,4380
08/04/2025,4370,4300,4220,4180,4280,4360,4380,4180,4380
07/04/2025,4380,4300,4225,4180,4280,4360,4380,4180,4380
05/04/2025,4400,4310,4240,4190,4300,4380,4400,4190,4390
04/04/2025,4410,4320,4250,4190,4300,4390,4400,4200,4400
03/04/2025,4400,4320,4260,4190,4300,4390,4410,4210,4400
02/04/2025,4400,4320,4280,4190,4300,4400,4420,4210,4400
01/04/2025,4390,4290,4300,4200,4300,4400,4420,4220,4400
31/03/2025,4380,4280,4300,4200,4300,4400,4420,4220,4400
29/03/2025,4380,4280,4320,4200,4300,4400,4420,4220,4400
28/03/2025,4380,4280,4320,4200,4300,4400,4420,4220,4400
27/03/2025,4350,4260,4320,4160,4280,4380,4410,4200,4390
26/03/2025,4360,4270,4340,4140,4280,4380,4410,4220,4400
25/03/2025,4340,4250,4325,4130,4260,4360,4400,4210,4400
24/03/2025,4340,4250,4325,4130,4260,4360,4400,4210,4400
22/03/2025,4350,4260,4325,4130,4280,4380,4420,4210,4400
21/03/2025,4350,4260,4325,4130,4280,4380,4420,4210,4400
20/03/2025,4350,4260,4325,4130,4280,4380,4420,4210,4400
19/03/2025,4350,4260,4325,4130,4280,4380,4420,4210,4400
18/03/2025,4350,4260,4325,4130,4280,4380,4420,4210,4400
17/03/2025,4350,4260,4325,4130,4280,4380,4420,4210,4400
15/03/2025,4350,4260,4325,4130,4280,4380,4420,4210,4400
14/03/2025,4360,4270,4325,4150,4290,4400,4450,4210,4400
13/03/2025,4360,4270,4325,4150,4290,4400,4450,4210,4400
12/03/2025,4360,4270,4325,4150,4290,4400,4450,4210,4400
11/03/2025,4360,4270,4325,4150,4290,4420,4450,4200,4400
10/03/2025,4360,4270,4325,4150,4290,4420,4450,4200,4400
08/03/2025,4370,4280,4325,4170,4290,4450,4470,4200,4400
07/03/2025,4390,4300,4340,4180,4290,4480,4490,4200,4400
06/03/2025,4400,4320,4340,4180,4300,4490,4500,4210,4400
05/03/2025,4400,4330,4340,4200,4300,4500,4500,4210,4420
04/03/2025,4400,4330,4340,4240,4340,4480,4480,4210,4420
03/03/2025,4420,4340,4340,4240,4340,4490,4480,4210,4420
01/03/2025,4430,4350,4340,4240,4340,4490,4480,4210,4420
28/02/2025,4410,4330,4320,4220,4320,4470,4460,4190,4400
27/02/2025,4390,4310,4310,4210,4300,4450,4440,4170,4380
26/02/2025,4390,4310,4310,4210,4300,4450,4440,4170,4380
25/02/2025,4340,4260,4270,4190,4270,4400,4390,4150,4350
24/02/2025,4340,4260,4270,4190,4270,4400,4390,4150,4350
22/02/2025,4360,4280,4290,4200,4290,4420,4410,4160,4370
21/02/2025,4360,4280,4290,4200,4290,4420,4410,4160,4370
20/02/2025,4330,4260,4260,4180,4260,4380,4370,4130,4340
19/02/2025,4290,4220,4230,4150,4220,4340,4330,4090,4310
18/02/2025,4290,4220,4230,4150,4220,4340,4330,4090,4310
17/02/2025,4310,4240,4240,4150,4230,4360,4350,4090,4310
15/02/2025,4340,4270,4270,4170,4260,4390,4380,4110,4340
14/02/2025,4370,4290,4290,4190,4280,4420,4410,4130,4360
13/02/2025,4400,4310,4310,4210,4300,4450,4440,4150,4380
12/02/2025,4430,4350,4340,4240,4320,4490,4480,4180,4410
11/02/2025,4430,4350,4340,4240,4320,4490,4480,4180,4410
10/02/2025,4450,4370,4350,4250,4330,4510,4500,4190,4430
08/02/2025,4470,4400,4370,4270,4350,4540,4530,4210,4460
07/02/2025,4470,4400,4370,4270,4350,4540,4530,4210,4460
06/02/2025,4450,4380,4350,4250,4330,4520,4510,4190,4450
05/02/2025,4450,4380,4350,4250,4330,4520,4510,4190,4450
04/02/2025,4450,4380,4340,4200,4320,4520,4510,4160,4450
03/02/2025,4450,4390,4320,4150,4300,4510,4500,4120,4440
01/02/2025,4450,4390,4320,4150,4300,4510,4500,4120,4440
31/01/2025,4330,4270,4240,4060,4220,4380,4370,4000,4350
30/01/2025,4330,4270,4240,4060,4220,4380,4370,4000,4350
29/01/2025,4320,4260,4230,4050,4210,4370,4360,3990,4340
28/01/2025,4300,4240,4210,4020,4190,4350,4340,3970,4310
27/01/2025,4290,4230,4190,4000,4170,4340,4330,3960,4290
25/01/2025,4290,4230,4190,4000,4170,4340,4330,3960,4290
24/01/2025,4290,4230,4190,4000,4170,4340,4330,3960,4290
23/01/2025,4300,4240,4200,4010,4180,4350,4340,3970,4300
22/01/2025,4310,4250,4210,4020,4190,4360,4350,3980,4310
21/01/2025,4310,4250,4210,4020,4190,4360,4350,3980,4310
20/01/2025,4310,4250,4210,4010,4180,4360,4350,3970,4310
18/01/2025,4250,4190,4130,3960,4110,4300,4290,3900,4260
17/01/2025,4250,4190,4130,3960,4110,4300,4290,3900,4260
16/01/2025,4240,4170,4120,3940,4100,4280,4270,3880,4240
15/01/2025,4230,4150,4100,3930,4090,4270,4260,3870,4230
14/01/2025,4210,4130,4080,3920,4080,4250,4240,3860,4210
13/01/2025,4210,4130,4080,3920,4080,4250,4240,3860,4210
11/01/2025,4180,4110,4060,3900,4060,4220,4210,3840,4190
10/01/2025,4160,4090,4050,3890,4050,4200,4190,3830,4170
09/01/2025,4160,4090,4050,3890,4050,4200,4190,3830,4170
08/01/2025,4160,4090,4050,3890,4050,4200,4190,3830,4170
07/01/2025,4150,4080,4040,3880,4040,4180,4170,3820,4160
06/01/2025,4150,4080,4040,3880,4040,4180,4170,3820,4160
04/01/2025,4160,4090,4040,3880,4040,4190,4180,3820,4160
03/01/2025,4160,4090,4040,3880,4040,4190,4180,3820,4160
02/01/2025,4130,4060,4010,3860,4010,4160,4150,3800,4130
01/01/2025,4120,4050,4000,3850,4000,4150,4140,3790,4120
31/12/2024,4110,4040,3950,3830,3990,4130,4120,3780,4100
30/12/2024,4110,4040,3950,3830,3990,4130,4120,3780,4100
28/12/2024,4110,4040,3950,3830,3990,4130,4120,3780,4100
27/12/2024,4070,4000,3920,3810,3960,4100,4090,3760,4070
26/12/2024,4050,3980,3900,3800,3940,4080,4070,3750,4050
25/12/2024,4030,3960,3880,3790,3920,4060,4050,3750,4030
24/12/2024,4030,3960,3880,3790,3920,4060,4050,3750,4030
23/12/2024,4020,3950,3870,3780,3910,4050,4040,3740,4020
21/12/2024,4000,3930,3850,3770,3890,4030,4020,3730,4000
20/12/2024,3980,3910,3840,3760,3870,4010,4000,3720,3970
19/12/2024,3960,3880,3820,3740,3860,3990,3980,3710,3950
18/12/2024,3940,3860,3810,3730,3850,3970,3960,3700,3940
17/12/2024,3950,3860,3820,3740,3860,3970,3960,3710,3950
16/12/2024,3970,3870,3840,3760,3880,3990,3980,3730,3970
14/12/2024,3970,3870,3840,3760,3880,3990,3980,3730,3970
13/12/2024,3970,3870,3840,3760,3880,3990,3980,3730,3970
12/12/2024,3960,3860,3840,3760,3880,3980,3970,3730,3970
11/12/2024,3950,3850,3840,3760,3880,3970,3960,3730,3970
10/12/2024,3970,3870,3860,3780,3900,3990,3980,3750,3980
09/12/2024,4000,3880,3880,3820,3920,4010,4000,3780,4000
07/12/2024,3950,3870,3880,3820,3920,4000,3990,3780,4000
06/12/2024,3950,3870,3880,3820,3920,4000,3990,3780,4000
05/12/2024,3950,3870,3880,3820,3920,4000,3990,3780,4000
04/12/2024,3960,3880,3890,3830,3930,4010,4000,3790,4010
03/12/2024,3970,3890,3900,3840,3940,4020,4010,3800,4020
02/12/2024,3990,3910,3920,3860,3960,4040,4030,3820,4040
30/11/2024,4000,3920,3930,3870,3980,4050,4040,3830,4050
29/11/2024,4010,3930,3940,3880,4000,4060,4050,3840,4060
28/11/2024,4010,3930,3940,3880,4000,4060,4050,3840,4060
27/11/2024,4010,3930,3940,3880,4000,4060,4050,3840,4060
26/11/2024,4020,3950,3960,3900,4020,4080,4070,3850,4070
25/11/2024,4040,3970,3970,3910,4030,4100,4090,3860,4080
23/11/2024,4060,3990,3980,3920,4040,4120,4110,3870,4090
22/11/2024,4060,3990,3980,3920,4040,4120,4110,3870,4090
21/11/2024,4070,4000,3990,3930,4050,4130,4120,3880,4100
20/11/2024,4070,4000,3990,3930,4050,4130,4120,3880,4100
19/11/2024,4070,4000,3990,3930,4050,4130,4120,3880,4100
18/11/2024,4070,4000,3990,3930,4050,4130,4120,3880,4100
16/11/2024,4100,4030,4010,3940,4070,4150,4140,3910,4120
15/11/2024,4100,4030,4010,3940,4070,4150,4140,3910,4120
14/11/2024,4120,4050,4020,3950,4090,4170,4160,3930,4130
13/11/2024,4140,4070,4040,3970,4110,4190,4180,3950,4150
12/11/2024,4140,4070,4040,3970,4110,4190,4180,3950,4150
11/11/2024,4160,4090,4050,3980,4120,4210,4200,3960,4160
09/11/2024,4170,4100,4050,3980,4120,4220,4210,3960,4160
08/11/2024,4190,4120,4060,3990,4130,4240,4230,3970,4170
07/11/2024,4200,4130,4070,4000,4140,4250,4240,3980,4180
06/11/2024,4210,4140,4080,4010,4150,4260,4250,3990,4190
05/11/2024,4230,4150,4090,4030,4150,4270,4260,4000,4200
04/11/2024,4230,4150,4090,4030,4150,4270,4260,4000,4200
31/10/2024,4230,4150,4090,4030,4150,4270,4260,4000,4200
30/10/2024,4230,4150,4090,4030,4150,4270,4260,4000,4200
29/10/2024,4230,4150,4090,4030,4150,4270,4260,4000,4200
28/10/2024,4230,4150,4090,4030,4150,4270,4260,4000,4200
26/10/2024,4150,4090,4070,4020,4110,4200,4190,3980,4180
25/10/2024,4150,4090,4070,4020,4110,4200,4190,3980,4180
24/10/2024,4150,4090,4070,4020,4110,4200,4190,3980,4180
23/10/2024,4160,4100,4090,4040,4120,4210,4210,4000,4190
22/10/2024,4170,4110,4100,4050,4130,4220,4220,4010,4200
21/10/2024,4170,4110,4100,4050,4130,4220,4220,4010,4200
19/10/2024,4180,4120,4110,4060,4140,4230,4230,4020,4210
18/10/2024,4200,4140,4120,4070,4150,4250,4250,4030,4220
17/10/2024,4210,4150,4130,4080,4160,4260,4260,4040,4230
16/10/2024,4220,4160,4140,4090,4170,4270,4270,4050,4240
15/10/2024,4220,4160,4140,4090,4170,4270,4270,4050,4240
14/10/2024,4230,4170,4150,4100,4180,4280,4280,4060,4250
11/10/2024,4240,4180,4150,4100,4180,4290,4280,4060,4250
10/10/2024,4240,4180,4150,4100,4180,4290,4280,4060,4250
09/10/2024,4240,4180,4150,4100,4180,4290,4280,4060,4250
08/10/2024,4260,4200,4160,4110,4190,4310,4300,4070,4260
07/10/2024,4260,4200,4160,4110,4190,4310,4300,4070,4260
05/10/2024,4270,4210,4170,4120,4200,4320,4310,4080,4270
04/10/2024,4270,4210,4170,4120,4200,4320,4310,4090,4280
03/10/2024,4270,4210,4170,4120,4200,4320,4310,4090,4280
01/10/2024,4260,4200,4160,4110,4190,4310,4300,4080,4270
30/09/2024,4250,4190,4150,4100,4180,4300,4290,4070,4260
28/09/2024,4270,4210,4150,4110,4180,4300,4290,4080,4260
27/09/2024,4270,4210,4150,4110,4180,4300,4290,4080,4260
26/09/2024,4170,4120,4100,4080,4130,4210,4190,4040,4220
25/09/2024,4170,4120,4100,4080,4130,4210,4190,4040,4220
24/09/2024,4180,4130,4100,4080,4140,4220,4200,4050,4230
23/09/2024,4180,4130,4100,4080,4140,4220,4200,4050,4230
21/09/2024,4200,4150,4110,4080,4150,4240,4220,4060,4240
20/09/2024,4200,4150,4110,4080,4150,4250,4230,4060,4240
19/09/2024,4200,4150,4110,4080,4150,4250,4230,4060,4240
18/09/2024,4200,4150,4110,4080,4150,4250,4230,4060,4240
17/09/2024,4160,4110,4090,4070,4130,4210,4190,4050,4220
16/09/2024,4150,4100,4080,4060,4120,4200,4180,4040,4210
14/09/2024,4090,4040,4030,4040,4070,4140,4130,4020,4180
13/09/2024,4050,4010,4010,4030,4040,4110,4100,4020,4160
12/09/2024,4070,4030,4020,4030,4050,4130,4120,4030,4160
11/09/2024,4070,4030,4020,4030,4050,4130,4120,4030,4160
10/09/2024,4080,4040,4030,4040,4060,4140,4130,4040,4160
09/09/2024,4090,4050,4040,4040,4070,4150,4140,4050,4170
06/09/2024,4110,4070,4050,4050,4080,4170,4160,4060,4180
05/09/2024,4110,4070,4050,4050,4080,4170,4160,4060,4180
04/09/2024,4130,4090,4050,4060,4090,4190,4180,4070,4190
03/09/2024,4140,4100,4060,4070,4100,4200,4190,4080,4200
02/09/2024,4150,4100,4060,4070,4100,4210,4200,4080,4200
31/08/2024,4160,4110,4065,4080,4105,4220,4210,4085,4210
30/08/2024,4160,4110,4065,4080,4105,4220,4210,4085,4210
29/08/2024,4160,4110,4065,4080,4105,4230,4220,4085,4220
28/08/2024,4160,4110,4065,4080,4105,4230,4220,4085,4220
27/08/2024,4150,4100,4055,4070,4095,4220,4210,4075,4215
26/08/2024,4160,4110,4060,4070,4100,4230,4220,4080,4220
24/08/2024,4170,4120,4070,4080,4110,4240,4230,4080,4230
23/08/2024,4180,4130,4080,4090,4120,4250,4240,4080,4240
22/08/2024,4180,4130,4080,4090,4120,4250,4240,4080,4240
21/08/2024,4190,4140,4090,4090,4120,4260,4250,4080,4250
20/08/2024,4190,4140,4090,4090,4120,4260,4250,4080,4250
19/08/2024,4200,4150,4100,4090,4120,4270,4260,4080,4260
17/08/2024,4210,4160,4110,4100,4130,4280,4270,4090,4270
16/08/2024,4210,4160,4110,4100,4130,4280,4270,4090,4270
14/08/2024,4220,4170,4120,4110,4140,4290,4280,4100,4290
13/08/2024,4230,4180,4130,4120,4150,4300,4290,4110,4300
12/08/2024,4250,4200,4140,4120,4160,4310,4300,4110,4300
09/08/2024,4290,4240,4160,4150,4180,4350,4340,4130,4330
08/08/2024,4300,4250,4170,4160,4190,4360,4350,4140,4340
07/08/2024,4300,4250,4170,4160,4190,4360,4350,4140,4340
06/08/2024,4300,4250,4170,4160,4190,4360,4350,4140,4340
05/08/2024,4310,4260,4180,4170,4200,4370,4360,4140,4360
03/08/2024,4340,4270,4180,4170,4200,4380,4370,4140,4380
02/08/2024,4350,4280,4190,4170,4200,4390,4380,4140,4400
01/08/2024,4370,4300,4200,4180,4210,4410,4400,4150,4410
31/07/2024,4370,4300,4200,4180,4210,4410,4400,4150,4410
30/07/2024,4370,4300,4200,4180,4210,4410,4400,4150,4410
29/07/2024,4370,4300,4200,4180,4210,4410,4400,4150,4410
27/07/2024,4260,4210,4100,4060,4110,4320,4310,4020,4300
26/07/2024,4160,4120,4000,4010,4040,4220,4210,3970,4210
25/07/2024,4170,4130,4010,4020,4050,4230,4220,3980,4220
24/07/2024,4170,4130,4010,4020,4050,4230,4220,3980,4220
23/07/2024,4170,4130,4010,4020,4050,4230,4220,3980,4220
22/07/2024,4170,4130,4010,4020,4050,4230,4220,3980,4220
20/07/2024,4160,4120,4000,4010,4040,4220,4210,3980,4210
19/07/2024,4150,4110,3990,4000,4030,4210,4200,3970,4200
18/07/2024,4150,4110,3990,4000,4030,4210,4200,3970,4200
17/07/2024,4140,4100,3980,3990,4020,4200,4190,3960,4190
16/07/2024,4120,4080,3970,3980,4000,4180,4170,3950,4170
15/07/2024,4110,4070,3960,3970,3990,4170,4160,3940,4160
13/07/2024,4100,4060,3950,3970,3980,4160,4150,3930,4150
12/07/2024,4090,4050,3950,3970,3970,4150,4140,3920,4140
11/07/2024,4090,4040,3950,3970,3970,4150,4140,3920,4140
10/07/2024,4090,4040,3950,3970,3970,4150,4140,3920,4140
09/07/2024,4110,4050,3950,3980,3980,4160,4150,3930,4150
08/07/2024,4110,4050,3950,3980,3980,4160,4150,3930,4150
06/07/2024,4120,4060,3960,3990,3990,4170,4160,3930,4160
05/07/2024,4120,4060,3960,3990,3990,4170,4160,3930,4160
04/07/2024,4130,4070,3970,4000,4000,4180,4170,3940,4170
03/07/2024,4140,4080,3980,4010,4010,4190,4180,3950,4180
02/07/2024,4140,4080,3980,4010,4010,4190,4180,3950,4180
01/07/2024,4150,4090,3980,4010,4020,4200,4190,3950,4190
29/06/2024,4150,4090,3980,4010,4020,4200,4190,3950,4190
28/06/2024,4160,4100,3980,4020,4030,4210,4200,3950,4200
27/06/2024,4170,4110,3980,4030,4040,4220,4200,3960,4210
26/06/2024,4160,4100,3970,4020,4030,4210,4190,3950,4200
25/06/2024,4160,4100,3970,4020,4030,4210,4190,3950,4200
24/06/2024,4160,4100,3970,4020,4030,4210,4190,3950,4200
22/06/2024,4170,4110,3980,4030,4050,4220,4200,3960,4210
21/06/2024,4180,4120,3990,4050,4060,4220,4210,3960,4210
20/06/2024,4180,4120,3990,4050,4060,4220,4210,3960,4210
19/06/2024,4180,4130,3990,4050,4060,4220,4210,3960,4210
18/06/2024,4170,4130,3980,4040,4060,4200,4200,3950,4200
17/06/2024,4180,4140,3990,4050,4070,4200,4200,3950,4210
15/06/2024,4190,4140,3990,4050,4080,4200,4200,3950,4210
14/06/2024,4190,4140,3990,4050,4080,4200,4200,3950,4210
13/06/2024,4190,4140,3990,4050,4080,4200,4200,3950,4210
12/06/2024,4180,4140,3990,4050,4080,4190,4180,3940,4200
11/06/2024,4190,4140,3990,4060,4090,4200,4190,3950,4200
10/06/2024,4200,4150,4000,4070,4100,4200,4190,3950,4200
08/06/2024,4210,4160,4000,4080,4110,4210,4200,3950,4210
07/06/2024,4230,4180,4000,4090,4120,4230,4230,3960,4220
06/06/2024,4230,4180,4000,4090,4120,4230,4230,3960,4220
05/06/2024,4240,4190,4010,4090,4120,4240,4240,3960,4230
04/06/2024,4250,4190,4010,4090,4130,4250,4250,3960,4230
03/06/2024,4260,4190,4010,4100,4130,4260,4260,3960,4230
01/06/2024,4260,4190,4000,4100,4130,4260,4260,3960,4230
31/05/2024,4260,4190,4000,4100,4130,4260,4260,3960,4230
30/05/2024,4260,4190,4000,4100,4130,4260,4260,3960,4230
29/05/2024,4260,4190,4000,4100,4130,4260,4260,3960,4230
28/05/2024,4260,4190,4000,4100,4130,4260,4260,3960,4230
27/05/2024,4240,4170,3980,4090,4110,4240,4240,3950,4210
25/05/2024,4240,4170,3980,4090,4110,4240,4240,3950,4210
24/05/2024,4240,4170,3980,4090,4110,4240,4240,3950,4210
23/05/2024,4250,4180,3980,4090,4110,4240,4240,3950,4210
22/05/2024,4230,4150,3960,4080,4100,4240,4220,3940,4210
21/05/2024,4220,4140,3950,4080,4090,4230,4210,3930,4200
20/05/2024,4220,4140,3950,4080,4090,4230,4210,3930,4200
18/05/2024,4230,4150,3950,4090,4100,4240,4220,3940,4210
17/05/2024,4230,4150,3940,4090,4100,4240,4220,3930,4210
16/05/2024,4240,4160,3930,4100,4110,4250,4230,3940,4220
15/05/2024,4240,4160,3920,4110,4110,4250,4230,3940,4220
14/05/2024,4240,4160,3920,4110,4110,4250,4230,3940,4220
13/05/2024,4240,4160,3920,4110,4110,4250,4230,3940,4220
11/05/2024,4220,4140,3900,4100,4110,4230,4210,3930,4200
10/05/2024,4220,4140,3900,4090,4110,4230,4210,3920,4180
09/05/2024,4220,4140,3900,4090,4110,4230,4210,3920,4180
08/05/2024,4230,4140,3910,4100,4120,4240,4220,3930,4190
07/05/2024,4240,4150,3920,4110,4130,4250,4230,3940,4200
06/05/2024,4250,4160,3930,4120,4140,4260,4240,3950,4210
04/05/2024,4260,4170,3940,4130,4150,4280,4250,3960,4220
03/05/2024,4260,4170,3940,4130,4150,4280,4250,3960,4220
02/05/2024,4250,4160,3930,4130,4150,4260,4230,3950,4210
30/04/2024,4200,4120,3890,4110,4130,4220,4190,3910,4160
29/04/2024,4190,4120,3890,4110,4130,4220,4190,3910,4160
27/04/2024,4190,4120,3890,4110,4130,4220,4190,3910,4160
26/04/2024,4190,4120,3890,4110,4130,4220,4190,3910,4160
25/04/2024,4190,4120,3890,4110,4130,4220,4190,3910,4160
24/04/2024,4200,4130,3900,4120,4140,4230,4200,3920,4170
23/04/2024,4210,4140,3900,4140,4160,4240,4200,3920,4180
22/04/2024,4210,4140,3900,4140,4160,4240,4200,3920,4180
20/04/2024,4220,4140,3900,4160,4160,4240,4200,3930,4180
19/04/2024,4230,4150,3910,4170,4170,4250,4210,3940,4190
18/04/2024,4230,4150,3910,4170,4170,4240,4210,3940,4190
17/04/2024,4230,4130,3900,4160,4160,4220,4200,3930,4180
16/04/2024,4220,4120,3890,3950,4150,4210,4190,3920,4170
15/04/2024,4170,4080,3850,3920,4110,4170,4150,3900,4150
13/04/2024,4150,4070,3830,3910,4100,4150,4130,3890,4130
12/04/2024,4150,4070,3830,3910,4100,4150,4130,3890,4130
11/04/2024,4150,4070,3830,3910,4100,4150,4130,3890,4130
10/04/2024,4150,4070,3830,3910,4100,4150,4130,3890,4130
08/04/2024,4140,4060,3820,3900,4090,4140,4120,3880,4120
06/04/2024,4130,4050,3810,3890,4080,4130,4110,3870,4110
05/04/2024,4130,4050,3810,3890,4080,4130,4110,3860,4110
04/04/2024,4130,4050,3810,3890,4080,4130,4110,3850,4110
03/04/2024,4130,4050,3810,3890,4080,4130,4110,3850,4110
02/04/2024,4130,4050,3810,3890,4080,4130,4110,3850,4110
01/04/2024,4120,4040,3800,3880,4070,4120,4100,3840,4100
30/03/2024,4130,4050,3800,3880,4070,4120,4100,3840,4100
29/03/2024,4130,4050,3800,3880,4070,4120,4100,3840,4100
28/03/2024,4130,4050,3800,3880,4070,4120,4100,3840,4100
27/03/2024,4130,4050,3800,3880,4070,4120,4100,3840,4100
26/03/2024,4130,4050,3800,3880,4070,4120,4100,3840,4100
25/03/2024,4130,4050,3800,3880,4070,4120,4100,3830,4100
23/03/2024,4130,4050,3800,3880,4070,4120,4100,3830,4100
22/03/2024,4130,4060,3800,3890,4080,4120,4100,3820,4090
21/03/2024,4130,4060,3800,3890,4080,4120,4100,3810,4080
20/03/2024,4140,4070,3800,3900,4090,4130,4110,3800,4080
19/03/2024,4150,4080,3800,3900,4100,4130,4110,3790,4070
18/03/2024,4150,4080,3800,3900,4100,4130,4110,3790,4070
16/03/2024,4140,4080,3800,3900,4100,4130,4110,3780,4060
15/03/2024,4150,4090,3810,3910,4110,4140,4120,3770,4060
14/03/2024,4150,4090,3810,3900,4110,4140,4120,3760,4060
13/03/2024,4150,4090,3810,3900,4110,4140,4120,3750,4050
12/03/2024,4140,4080,3800,3890,4110,4130,4110,3740,4040
11/03/2024,4130,4070,3780,3880,4100,4120,4100,3730,4030
09/03/2024,4110,4050,3770,3860,4090,4110,4080,3710,4010
08/03/2024,4100,4040,3760,3850,4080,4100,4070,3700,4000
07/03/2024,4100,4030,3760,3840,4080,4100,4070,3690,3990
06/03/2024,4100,4020,3760,3830,4080,4100,4070,3680,3980
05/03/2024,4100,4010,3760,3820,4080,4100,4070,3670,3970
04/03/2024,4100,3990,3760,3800,4080,4100,4070,3660,3960
02/03/2024,4100,4000,3760,3800,4080,4100,4070,3650,3950
01/03/2024,4100,4010,3760,3800,4080,4100,4070,3640,3940
29/02/2024,4100,4020,3760,3800,4080,4100,4070,3630,3930
28/02/2024,4100,4030,3760,3800,4080,4100,4070,3620,3920
27/02/2024,4100,4040,3760,3800,4080,4100,4070,3610,3910
26/02/2024,4100,4050,3760,3800,4080,4100,4070,3600,3900
24/02/2024,4110,4060,3760,3790,4090,4100,4070,3590,3890
23/02/2024,4120,4070,3760,3790,4090,4100,4070,3580,3880
22/02/2024,4120,4080,3760,3790,4090,4100,4070,3570,3870
21/02/2024,4110,4090,3750,3780,4090,4090,4080,3550,3850
20/02/2024,4110,4090,3750,3770,4090,4080,4090,3540,3840
19/02/2024,4110,4090,3750,3770,4090,4080,4100,3530,3830
17/02/2024,4120,4100,3750,3780,4100,4090,4110,3520,3820
16/02/2024,4110,4110,3750,3770,4110,4090,4110,3500,3800
15/02/2024,4100,4120,3750,3770,4120,4080,4120,3490,3790
14/02/2024,4090,4130,3750,3770,4130,4080,4130,3480,3780
13/02/2024,4100,4140,3760,3780,4140,4070,4140,3470,3770
12/02/2024,4100,4150,3770,3780,4150,4080,4150,3460,3760
10/02/2024,4110,4160,3780,3780,4160,4080,4160,3450,3750
09/02/2024,4120,4170,3790,3790,4170,4080,4170,3430,3730
08/02/2024,4130,4180,3800,3790,4180,4090,4180,3420,3720
07/02/2024,4150,4200,3800,3800,4200,4100,4200,3400,3700
06/02/2024,4150,4200,3800,3800,4200,4100,4200,3400,3700
05/02/2024,4150,4200,3800,3800,4200,4100,4200,3400,3700
03/02/2024,4150,4200,3800,3800,4200,4100,4200,3400,3700
02/02/2024,4150,4200,3800,3800,4200,4100,4200,3400,3700
01/02/2024,4150,4200,3800,3800,4200,4100,4200,3400,3700
31/01/2024,4150,4200,3800,3800,4200,4100,4200,3400,3700
30/01/2024,4150,4200,3800,3800,4200,4100,4200,3400,3700
29/01/2024,4150,4200,3800,3800,4200,4100,4200,3400,3700
28/01/2024,4150,4200,3800,3800,4200,4100,4200,3400,3700
27/01/2024,4150,4200,3800,3800,4200,4100,4200,3400,3700
26/01/2024,4150,4200,3800,3800,4200,4100,4200,3400,3700
25/01/2024,4150,4200,3800,3800,4200,4100,4200,3400,3700
24/01/2024,4150,4200,3800,3800,4200,4100,4200,3400,3700
23/01/2024,4150,4200,3800,3800,4200,4100,4200,3400,3700
22/01/2024,4150,4200,3800,3800,4200,4100,4200,3400,3700
20/01/2024,4150,4200,3800,3800,4200,4100,4200,3400,3700
19/01/2024,4150,4200,3800,3800,4200,4100,4200,3400,3700
18/01/2024,4150,4200,3800,3800,4200,4100,4200,3400,3700
17/01/2024,4150,4200,3800,3800,4200,4100,4200,3400,3700
16/01/2024,4150,4200,3800,3800,4200,4100,4200,3400,3700
15/01/2024,4150,4200,3800,3800,4200,4100,4200,3400,3700
12/01/2024,4150,4200,3800,3800,4200,4100,4200,3400,3700
11/01/2024,4150,4200,3800,3800,4200,4100,4200,3400,3700
10/01/2024,4150,4200,3800,3800,4200,4100,4200,3400,3700
09/01/2024,4150,4200,3800,3800,4200,4100,4200,3400,3700
08/01/2024,4150,4200,3800,3800,4200,4100,4200,3400,3700
05/01/2024,4150,4200,3800,3800,4200,4100,4200,3400,3700
04/01/2024,4150,4200,3800,3800,4200,4100,4200,3400,3700
03/01/2024,4150,4200,3800,3800,4200,4100,4200,3400,3700
02/01/2024,4150,4200,3800,3800,4200,4100,4200,3400,3700
01/01/2024,4150,4200,3800,3800,4200,4100,4200,3400,3700
30/12/2023,4150,4200,3800,3800,4200,4100,4200,3400,3700
29/12/2023,4150,4200,3800,3800,4200,4100,4200,3400,3700
28/12/2023,4150,4200,3800,3800,4200,4100,4200,3400,3700
27/12/2023,4150,4200,3800,3800,4200,4100,4200,3400,3700
26/12/2023,4150,4200,3800,3800,4200,4100,4200,3400,3700
25/12/2023,4150,4200,3800,3800,4200,4100,4200,3400,3700
23/12/2023,4150,4200,3800,3800,4200,4100,4200,3400,3700
22/12/2023,4150,4200,3800,3800,4200,4100,4200,3400,3700
21/12/2023,4200,4200,3800,3800,4200,4100,4200,3400,3700
20/12/2023,4200,4200,3800,3800,4200,4100,4200,3400,3700
19/12/2023,4200,4200,3800,3800,4200,4100,4200,3400,3700
18/12/2023,4200,4200,3800,3800,4200,4100,4200,3400,3700
16/12/2023,4200,4200,3800,3800,4200,4100,4200,3400,3700
15/12/2023,4200,4200,3800,3800,4200,4100,4200,3400,3700
14/12/2023,4200,4200,3800,3800,4200,4100,4200,3400,3700
13/12/2023,4200,4200,3800,3800,4200,4100,4200,3400,3700
12/12/2023,4200,4200,3800,3800,4200,4100,4200,3400,3700
11/12/2023,4200,4200,3800,3800,4200,4100,4200,3400,3700
09/12/2023,4200,4200,3800,3800,4200,4100,4200,3400,3700
08/12/2023,4200,4200,3800,3800,4200,4100,4200,3400,3700
07/12/2023,4200,4200,3800,3800,4200,4100,4200,3400,3700
06/12/2023,4200,4200,3800,3800,4200,4100,4200,3400,3700
05/12/2023,4200,4200,3800,3800,4200,4100,4200,3400,3700
04/12/2023,4200,4200,3800,3800,4200,4100,4200,3400,3700
02/12/2023,4200,4200,3800,3800,4200,4100,4200,3400,3700
01/12/2023,4200,4200,3800,3800,4200,4100,4200,3400,3700
30/11/2023,4100,4200,3800,3800,4200,4100,4200,3400,3700
29/11/2023,4100,4200,3800,3800,4200,4100,4200,3400,3700
28/11/2023,4100,4200,3800,3800,4200,4100,4200,3400,3700
27/11/2023,4000,4200,3800,3800,4200,4100,4200,3400,3700
24/11/2023,4000,4200,3800,3800,4200,4100,4200,3400,3700
23/11/2023,4000,4200,3800,3800,4200,4100,4200,3400,3700
22/11/2023,4000,4200,3800,3800,4200,4100,4200,3400,3700
21/11/2023,4000,4200,3800,3800,4200,4100,4200,3400,3700
20/11/2023,4000,4200,3800,3800,4200,4100,4200,3400,3700
17/11/2022,3900,4200,3800,3800,4200,4100,4200,3400,3700
16/11/2023,3900,4200,3800,3800,4200,4100,4200,3400,3700
15/11/2023,3900,4200,3800,3800,4200,4100,4200,3400,3700
13/11/2023,3900,4200,3800,3800,4200,4100,4200,3400,3700
10/11/2023,3900,4200,3800,3800,4200,4100,4200,3400,3700
09/11/2023,3900,4200,3800,3800,4200,4100,4200,3400,3700
08/11/2023,3900,4200,3800,3800,4200,4100,4200,3400,3700
07/11/2023,3900,4200,3800,3800,4200,4100,4200,3400,3700
06/11/2023,3900,4200,3800,3800,4200,4100,4200,3400,3700
03/11/2023,3900,4200,3800,3800,4200,4100,4200,3400,3700
02/11/2023,3900,4200,3800,3800,4200,4100,4200,3400,3700
01/11/2023,3900,4200,3800,3800,4200,4100,4200,3400,3700
31/10/2023,3900,4200,3800,3800,4200,4100,4200,3400,3700
30/10/2023,3900,4200,3800,3800,4200,4100,4200,3400,3700
27/10/2023,3900,4200,3800,3800,4200,4100,4200,3400,3700
26/10/2023,3900,4200,3800,3800,4200,4100,4200,3400,3700
25/10/2023,3900,4200,3800,3800,4200,4100,4200,3400,3700
23/10/2023,3900,4200,3800,3800,4200,4100,4200,3400,3700
20/10/2023,3900,4200,3800,3800,4200,4100,4200,3400,3700
19/10/2023,3900,4200,3800,3800,4200,4100,4200,3400,3700
18/10/2023,3900,4200,3800,3800,4200,4100,4200,3400,3700
17/10/2023,3900,4200,3800,3800,4200,4100,4200,3400,3700
16/10/2023,3800,4200,3800,3800,4200,4100,4200,3400,3700
13/10/2023,3800,4200,3800,3800,4200,4100,4200,3400,3700
12/10/2023,3800,4200,3800,3800,4200,4100,4200,3400,3700
11/10/2023,3800,4200,3800,3800,4200,4100,4200,3400,3700
10/10/2023,3800,4200,3800,3800,4200,4100,4200,3400,3700
09/10/2023,3800,4200,3800,3800,4200,4100,4200,3400,3700
06/10/2023,3800,4200,3800,3800,4200,4100,4200,3400,3700
05/10/2023,3800,4200,3800,3800,4200,4100,4200,3400,3700
04/10/2023,3800,4200,3800,3800,4200,4100,4200,3400,3700
03/10/2023,3800,4200,3800,3800,4200,4100,4200,3400,3700
29/09/2023,3800,4200,3800,3800,4200,4100,4200,3400,3700
27/09/2023,3800,4200,3800,3800,4200,4100,4200,3400,3700
26/09/2023,3800,4200,3800,3800,4200,4100,4200,3400,3700
25/09/2023,3800,4200,3800,3800,4200,4100,4200,3400,3700
22/09/2023,3800,4200,3800,3800,4200,4100,4200,3400,3700
21/09/2023,3800,4200,3800,3800,4200,4100,4200,3400,3700
20/09/2023,3800,4200,3800,3800,4200,4100,4200,3400,3700
18/09/2023,3800,4200,3800,3800,4200,4100,4200,3400,3700
15/09/2023,3800,4200,3800,3800,4200,4100,4200,3400,3700
14/09/2023,3800,4200,3800,3800,4200,4100,4200,3400,3700
13/09/2023,3800,4200,3800,3800,4200,4100,4200,3400,3700
12/09/2023,3800,4200,3800,3800,4200,4100,4200,3400,3700
11/09/2023,3800,4200,3800,3800,4200,4100,4200,3400,3700
08/09/2023,3800,4200,3800,3800,4200,4100,4200,3400,3700
07/09/2023,3800,4200,3800,3800,4200,4100,4200,3400,3700
06/09/2023,3800,4200,3800,3800,4200,4100,4200,3400,3700
05/09/2023,3800,4200,3800,3800,4200,4100,4200,3400,3700
04/09/2023,3800,4200,3800,3800,4200,4100,4200,3400,3700
01/09/2023,3800,4200,3800,3800,4200,4100,4200,3400,3700
31/08/2023,3800,4200,3800,3800,4200,4100,4200,3400,3700
30/08/2023,3900,4200,NR,3700,4200,NR,4200,3400,3700
29/08/2023,3900,4200,3800,3700,4200,4100,4200,3400,3700
28/08/2023,3900,4200,3800,3700,4200,4100,4200,3400,3700
25/08/2023,3900,4200,3800,3700,4200,4100,4200,3400,3700
24/08/2023,3900,4200,3800,3700,4200,4100,4200,3400,3700
23/08/2023,3900,4000,3800,3700,4200,4100,4200,3400,3700
22/08/2023,3900,4000,3800,3700,4200,4100,4200,3400,3700
21/08/2023,3900,4000,3800,3700,4200,4100,4200,3400,3700
18/08/2023,3900,4000,NR,3700,4200,4100,4200,3400,3700
17/08/2023,3900,4000,3800,3700,4200,4100,4200,3400,3700
16/08/2023,3900,4000,3800,3700,4200,4100,4200,3400,3700
14/08/2023,3900,4000,3800,3700,4200,4100,4200,3400,3700
11/08/2023,3900,4000,3800,3700,4200,4100,4200,3400,3700
10/08/2023,3900,4000,3800,3700,4200,4100,4200,3400,3700
09/08/2023,3900,4000,3800,3700,4200,4100,4200,3400,3700
08/08/2023,3900,4000,3800,3700,4200,4100,4200,3400,3700
07/08/2023,3850,4000,3800,3700,4200,4100,4200,3400,3700
04/08/2023,3850,4000,3800,3700,4200,4100,4200,3400,3700
03/08/2023,3850,4000,3800,3700,4200,4100,4200,3400,3700
02/08/2023,3850,4000,3800,3700,4200,4100,4200,3400,3700
01/08/2023,3850,4000,3800,3700,4200,4100,4200,3400,3700
31/07/2023,3850,4000,3800,3700,4200,4100,4200,3400,3700
28/07/2023,3850,4000,3800,3700,4200,4100,4200,3400,3700
27/07/2023,3850,4000,3800,3650,4200,4100,4200,3400,3700
26/07/2023,3850,4000,3800,3650,4200,4100,4200,3400,3700
25/07/2023,3850,4000,3800,3650,4200,4100,4200,3400,3700
05/08/2024,4310,4260,4180,4170,4200,4370,4360,4140,4360
03/08/2024,4340,4270,4180,4170,4200,4380,4370,4140,4380
02/08/2024,4350,4280,4190,4170,4200,4390,4380,4140,4400
01/08/2024,4370,4300,4200,4180,4210,4410,4400,4150,4410
31/07/2024,4370,4300,4200,4180,4210,4410,4400,4150,4410
30/07/2024,4370,4300,4200,4180,4210,4410,4400,4150,4410
29/07/2024,4370,4300,4200,4180,4210,4410,4400,4150,4410
27/07/2024,4260,4210,4100,4060,4110,4320,4310,4020,4300
26/07/2024,4160,4120,4000,4010,4040,4220,4210,3970,4210
25/07/2024,4170,4130,4010,4020,4050,4230,4220,3980,4220
24/07/2024,4170,4130,4010,4020,4050,4230,4220,3980,4220
23/07/2024,4170,4130,4010,4020,4050,4230,4220,3980,4220
22/07/2024,4170,4130,4010,4020,4050,4230,4220,3980,4220
20/07/2024,4160,4120,4000,4010,4040,4220,4210,3980,4210
19/07/2024,4150,4110,3990,4000,4030,4210,4200,3970,4200
18/07/2024,4150,4110,3990,4000,4030,4210,4200,3970,4200
17/07/2024,4140,4100,3980,3990,4020,4200,4190,3960,4190
16/07/2024,4120,4080,3970,3980,4000,4180,4170,3950,4170
15/07/2024,4110,4070,3960,3970,3990,4170,4160,3940,4160
13/07/2024,4100,4060,3950,3970,3980,4160,4150,3930,4150
12/07/2024,4090,4050,3950,3970,3970,4150,4140,3920,4140
11/07/2024,4090,4040,3950,3970,3970,4150,4140,3920,4140
10/07/2024,4090,4040,3950,3970,3970,4150,4140,3920,4140
09/07/2024,4110,4050,3950,3980,3980,4160,4150,3930,4150
08/07/2024,4110,4050,3950,3980,3980,4160,4150,3930,4150
06/07/2024,4120,4060,3960,3990,3990,4170,4160,3930,4160
05/07/2024,4120,4060,3960,3990,3990,4170,4160,3930,4160
04/07/2024,4130,4070,3970,4000,4000,4180,4170,3940,4170
03/07/2024,4140,4080,3980,4010,4010,4190,4180,3950,4180
02/07/2024,4140,4080,3980,4010,4010,4190,4180,3950,4180
01/07/2024,4150,4090,3980,4010,4020,4200,4190,3950,4190
29/06/2024,4150,4090,3980,4010,4020,4200,4190,3950,4190
28/06/2024,4160,4100,3980,4020,4030,4210,4200,3950,4200
27/06/2024,4170,4110,3980,4030,4040,4220,4200,3960,4210
26/06/2024,4160,4100,3970,4020,4030,4210,4190,3950,4200
25/06/2024,4160,4100,3970,4020,4030,4210,4190,3950,4200
24/06/2024,4160,4100,3970,4020,4030,4210,4190,3950,4200
22/06/2024,4170,4110,3980,4030,4050,4220,4200,3960,4210
21/06/2024,4180,4120,3990,4050,4060,4220,4210,3960,4210
20/06/2024,4180,4120,3990,4050,4060,4220,4210,3960,4210
19/06/2024,4180,4130,3990,4050,4060,4220,4210,3960,4210
18/06/2024,4170,4130,3980,4040,4060,4200,4200,3950,4200
17/06/2024,4180,4140,3990,4050,4070,4200,4200,3950,4210
15/06/2024,4190,4140,3990,4050,4080,4200,4200,3950,4210
14/06/2024,4190,4140,3990,4050,4080,4200,4200,3950,4210
13/06/2024,4190,4140,3990,4050,4080,4200,4200,3950,4210
12/06/2024,4180,4140,3990,4050,4080,4190,4180,3940,4200
11/06/2024,4190,4140,3990,4060,4090,4200,4190,3950,4200
10/06/2024,4200,4150,4000,4070,4100,4200,4190,3950,4200
08/06/2024,4210,4160,4000,4080,4110,4210,4200,3950,4210
07/06/2024,4230,4180,4000,4090,4120,4230,4230,3960,4220
06/06/2024,4230,4180,4000,4090,4120,4230,4230,3960,4220
05/06/2024,4240,4190,4010,4090,4120,4240,4240,3960,4230
04/06/2024,4250,4190,4010,4090,4130,4250,4250,3960,4230
03/06/2024,4260,4190,4010,4100,4130,4260,4260,3960,4230
01/06/2024,4260,4190,4000,4100,4130,4260,4260,3960,4230
31/05/2024,4260,4190,4000,4100,4130,4260,4260,3960,4230
30/05/2024,4260,4190,4000,4100,4130,4260,4260,3960,4230
29/05/2024,4260,4190,4000,4100,4130,4260,4260,3960,4230
28/05/2024,4260,4190,4000,4100,4130,4260,4260,3960,4230
27/05/2024,4240,4170,3980,4090,4110,4240,4240,3950,4210
25/05/2024,4240,4170,3980,4090,4110,4240,4240,3950,4210
24/05/2024,4240,4170,3980,4090,4110,4240,4240,3950,4210
23/05/2024,4250,4180,3980,4090,4110,4240,4240,3950,4210
22/05/2024,4230,4150,3960,4080,4100,4240,4220,3940,4210
21/05/2024,4220,4140,3950,4080,4090,4230,4210,3930,4200
20/05/2024,4220,4140,3950,4080,4090,4230,4210,3930,4200
18/05/2024,4230,4150,3950,4090,4100,4240,4220,3940,4210
17/05/2024,4230,4150,3940,4090,4100,4240,4220,3930,4210
16/05/2024,4240,4160,3930,4100,4110,4250,4230,3940,4220
15/05/2024,4240,4160,3920,4110,4110,4250,4230,3940,4220
14/05/2024,4240,4160,3920,4110,4110,4250,4230,3940,4220
13/05/2024,4240,4160,3920,4110,4110,4250,4230,3940,4220
11/05/2024,4220,4140,3900,4100,4110,4230,4210,3930,4200
10/05/2024,4220,4140,3900,4090,4110,4230,4210,3920,4180
09/05/2024,4220,4140,3900,4090,4110,4230,4210,3920,4180
08/05/2024,4230,4140,3910,4100,4120,4240,4220,3930,4190
07/05/2024,4240,4150,3920,4110,4130,4250,4230,3940,4200
06/05/2024,4250,4160,3930,4120,4140,4260,4240,3950,4210
04/05/2024,4260,4170,3940,4130,4150,4280,4250,3960,4220
03/05/2024,4260,4170,3940,4130,4150,4280,4250,3960,4220
02/05/2024,4250,4160,3930,4130,4150,4260,4230,3950,4210
30/04/2024,4200,4120,3890,4110,4130,4220,4190,3910,4160
29/04/2024,4190,4120,3890,4110,4130,4220,4190,3910,4160
27/04/2024,4190,4120,3890,4110,4130,4220,4190,3910,4160
26/04/2024,4190,4120,3890,4110,4130,4220,4190,3910,4160
25/04/2024,4190,4120,3890,4110,4130,4220,4190,3910,4160
24/04/2024,4200,4130,3900,4120,4140,4230,4200,3920,4170
23/04/2024,4210,4140,3900,4140,4160,4240,4200,3920,4180
22/04/2024,4210,4140,3900,4140,4160,4240,4200,3920,4180
20/04/2024,4220,4140,3900,4160,4160,4240,4200,3930,4180
19/04/2024,4230,4150,3910,4170,4170,4250,4210,3940,4190
18/04/2024,4230,4150,3910,4170,4170,4240,4210,3940,4190
17/04/2024,4230,4130,3900,4160,4160,4220,4200,3930,4180
16/04/2024,4220,4120,3890,3950,4150,4210,4190,3920,4170
15/04/2024,4170,4080,3850,3920,4110,4170,4150,3900,4150
13/04/2024,4150,4070,3830,3910,4100,4150,4130,3890,4130
12/04/2024,4150,4070,3830,3910,4100,4150,4130,3890,4130
11/04/2024,4150,4070,3830,3910,4100,4150,4130,3890,4130
10/04/2024,4150,4070,3830,3910,4100,4150,4130,3890,4130
08/04/2024,4140,4060,3820,3900,4090,4140,4120,3880,4120
06/04/2024,4130,4050,3810,3890,4080,4130,4110,3870,4110
05/04/2024,4130,4050,3810,3890,4080,4130,4110,3860,4110
04/04/2024,4130,4050,3810,3890,4080,4130,4110,3850,4110
03/04/2024,4130,4050,3810,3890,4080,4130,4110,3850,4110
02/04/2024,4130,4050,3810,3890,4080,4130,4110,3850,4110
01/04/2024,4120,4040,3800,3880,4070,4120,4100,3840,4100
30/03/2024,4130,4050,3800,3880,4070,4120,4100,3840,4100
29/03/2024,4130,4050,3800,3880,4070,4120,4100,3840,4100
28/03/2024,4130,4050,3800,3880,4070,4120,4100,3840,4100
27/03/2024,4130,4050,3800,3880,4070,4120,4100,3840,4100
26/03/2024,4130,4050,3800,3880,4070,4120,4100,3840,4100
25/03/2024,4130,4050,3800,3880,4070,4120,4100,3830,4100
23/03/2024,4130,4050,3800,3880,4070,4120,4100,3830,4100
22/03/2024,4130,4060,3800,3890,4080,4120,4100,3820,4090
21/03/2024,4130,4060,3800,3890,4080,4120,4100,3810,4080
20/03/2024,4140,4070,3800,3900,4090,4130,4110,3800,4080
19/03/2024,4150,4080,3800,3900,4100,4130,4110,3790,4070
18/03/2024,4150,4080,3800,3900,4100,4130,4110,3790,4070
16/03/2024,4140,4080,3800,3900,4100,4130,4110,3780,4060
15/03/2024,4150,4090,3810,3910,4110,4140,4120,3770,4060
14/03/2024,4150,4090,3810,3900,4110,4140,4120,3760,4060
13/03/2024,4150,4090,3810,3900,4110,4140,4120,3750,4050
12/03/2024,4140,4080,3800,3890,4110,4130,4110,3740,4040
11/03/2024,4130,4070,3780,3880,4100,4120,4100,3730,4030
09/03/2024,4110,4050,3770,3860,4090,4110,4080,3710,4010
08/03/2024,4100,4040,3760,3850,4080,4100,4070,3700,4000
07/03/2024,4100,4030,3760,3840,4080,4100,4070,3690,3990
06/03/2024,4100,4020,3760,3830,4080,4100,4070,3680,3980
05/03/2024,4100,4010,3760,3820,4080,4100,4070,3670,3970
04/03/2024,4100,3990,3760,3800,4080,4100,4070,3660,3960
02/03/2024,4100,4000,3760,3800,4080,4100,4070,3650,3950
01/03/2024,4100,4010,3760,3800,4080,4100,4070,3640,3940
29/02/2024,4100,4020,3760,3800,4080,4100,4070,3630,3930
28/02/2024,4100,4030,3760,3800,4080,4100,4070,3620,3920
27/02/2024,4100,4040,3760,3800,4080,4100,4070,3610,3910
26/02/2024,4100,4050,3760,3800,4080,4100,4070,3600,3900
24/02/2024,4110,4060,3760,3790,4090,4100,4070,3590,3890
23/02/2024,4120,4070,3760,3790,4090,4100,4070,3580,3880
22/02/2024,4120,4080,3760,3790,4090,4100,4070,3570,3870
21/02/2024,4110,4090,3750,3780,4090,4090,4080,3550,3850
20/02/2024,4110,4090,3750,3770,4090,4080,4090,3540,3840
19/02/2024,4110,4090,3750,3770,4090,4080,4100,3530,3830
17/02/2024,4120,4100,3750,3780,4100,4090,4110,3520,3820
16/02/2024,4110,4110,3750,3770,4110,4090,4110,3500,3800
15/02/2024,4100,4120,3750,3770,4120,4080,4120,3490,3790
14/02/2024,4090,4130,3750,3770,4130,4080,4130,3480,3780
13/02/2024,4100,4140,3760,3780,4140,4070,4140,3470,3770
12/02/2024,4100,4150,3770,3780,4150,4080,4150,3460,3760
10/02/2024,4110,4160,3780,3780,4160,4080,4160,3450,3750
09/02/2024,4120,4170,3790,3790,4170,4080,4170,3430,3730
08/02/2024,4130,4180,3800,3790,4180,4090,4180,3420,3720
07/02/2024,4150,4200,3800,3800,4200,4100,4200,3400,3700
06/02/2024,4150,4200,3800,3800,4200,4100,4200,3400,3700
05/02/2024,4150,4200,3800,3800,4200,4100,4200,3400,3700
03/02/2024,4150,4200,3800,3800,4200,4100,4200,3400,3700
02/02/2024,4150,4200,3800,3800,4200,4100,4200,3400,3700
01/02/2024,4150,4200,3800,3800,4200,4100,4200,3400,3700
31/01/2024,4150,4200,3800,3800,4200,4100,4200,3400,3700
30/01/2024,4150,4200,3800,3800,4200,4100,4200,3400,3700
29/01/2024,4150,4200,3800,3800,4200,4100,4200,3400,3700
28/01/2024,4150,4200,3800,3800,4200,4100,4200,3400,3700
27/01/2024,4150,4200,3800,3800,4200,4100,4200,3400,3700
26/01/2024,4150,4200,3800,3800,4200,4100,4200,3400,3700
25/01/2024,4150,4200,3800,3800,4200,4100,4200,3400,3700
24/01/2024,4150,4200,3800,3800,4200,4100,4200,3400,3700
23/01/2024,4150,4200,3800,3800,4200,4100,4200,3400,3700
22/01/2024,4150,4200,3800,3800,4200,4100,4200,3400,3700
20/01/2024,4150,4200,3800,3800,4200,4100,4200,3400,3700
19/01/2024,4150,4200,3800,3800,4200,4100,4200,3400,3700
18/01/2024,4150,4200,3800,3800,4200,4100,4200,3400,3700
17/01/2024,4150,4200,3800,3800,4200,4100,4200,3400,3700
16/01/2024,4150,4200,3800,3800,4200,4100,4200,3400,3700
15/01/2024,4150,4200,3800,3800,4200,4100,4200,3400,3700
12/01/2024,4150,4200,3800,3800,4200,4100,4200,3400,3700
11/01/2024,4150,4200,3800,3800,4200,4100,4200,3400,3700
10/01/2024,4150,4200,3800,3800,4200,4100,4200,3400,3700
09/01/2024,4150,4200,3800,3800,4200,4100,4200,3400,3700
08/01/2024,4150,4200,3800,3800,4200,4100,4200,3400,3700
05/01/2024,4150,4200,3800,3800,4200,4100,4200,3400,3700
04/01/2024,4150,4200,3800,3800,4200,4100,4200,3400,3700
03/01/2024,4150,4200,3800,3800,4200,4100,4200,3400,3700
02/01/2024,4150,4200,3800,3800,4200,4100,4200,3400,3700
01/01/2024,4150,4200,3800,3800,4200,4100,4200,3400,3700
30/12/2023,4150,4200,3800,3800,4200,4100,4200,3400,3700
29/12/2023,4150,4200,3800,3800,4200,4100,4200,3400,3700
28/12/2023,4150,4200,3800,3800,4200,4100,4200,3400,3700
27/12/2023,4150,4200,3800,3800,4200,4100,4200,3400,3700
26/12/2023,4150,4200,3800,3800,4200,4100,4200,3400,3700
25/12/2023,4150,4200,3800,3800,4200,4100,4200,3400,3700
23/12/2023,4150,4200,3800,3800,4200,4100,4200,3400,3700
22/12/2023,4150,4200,3800,3800,4200,4100,4200,3400,3700
21/12/2023,4200,4200,3800,3800,4200,4100,4200,3400,3700
20/12/2023,4200,4200,3800,3800,4200,4100,4200,3400,3700
19/12/2023,4200,4200,3800,3800,4200,4100,4200,3400,3700
18/12/2023,4200,4200,3800,3800,4200,4100,4200,3400,3700
16/12/2023,4200,4200,3800,3800,4200,4100,4200,3400,3700
15/12/2023,4200,4200,3800,3800,4200,4100,4200,3400,3700
14/12/2023,4200,4200,3800,3800,4200,4100,4200,3400,3700
13/12/2023,4200,4200,3800,3800,4200,4100,4200,3400,3700
12/12/2023,4200,4200,3800,3800,4200,4100,4200,3400,3700
11/12/2023,4200,4200,3800,3800,4200,4100,4200,3400,3700
09/12/2023,4200,4200,3800,3800,4200,4100,4200,3400,3700
08/12/2023,4200,4200,3800,3800,4200,4100,4200,3400,3700
07/12/2023,4200,4200,3800,3800,4200,4100,4200,3400,3700
06/12/2023,4200,4200,3800,3800,4200,4100,4200,3400,3700
05/12/2023,4200,4200,3800,3800,4200,4100,4200,3400,3700
04/12/2023,4200,4200,3800,3800,4200,4100,4200,3400,3700
02/12/2023,4200,4200,3800,3800,4200,4100,4200,3400,3700
01/12/2023,4200,4200,3800,3800,4200,4100,4200,3400,3700
30/11/2023,4100,4200,3800,3800,4200,4100,4200,3400,3700
29/11/2023,4100,4200,3800,3800,4200,4100,4200,3400,3700
28/11/2023,4100,4200,3800,3800,4200,4100,4200,3400,3700
27/11/2023,4000,4200,3800,3800,4200,4100,4200,3400,3700
24/11/2023,4000,4200,3800,3800,4200,4100,4200,3400,3700
23/11/2023,4000,4200,3800,3800,4200,4100,4200,3400,3700
22/11/2023,4000,4200,3800,3800,4200,4100,4200,3400,3700
21/11/2023,4000,4200,3800,3800,4200,4100,4200,3400,3700
20/11/2023,4000,4200,3800,3800,4200,4100,4200,3400,3700
17/11/2022,3900,4200,3800,3800,4200,4100,4200,3400,3700
16/11/2023,3900,4200,3800,3800,4200,4100,4200,3400,3700
15/11/2023,3900,4200,3800,3800,4200,4100,4200,3400,3700
13/11/2023,3900,4200,3800,3800,4200,4100,4200,3400,3700
10/11/2023,3900,4200,3800,3800,4200,4100,4200,3400,3700
09/11/2023,3900,4200,3800,3800,4200,4100,4200,3400,3700
08/11/2023,3900,4200,3800,3800,4200,4100,4200,3400,3700
07/11/2023,3900,4200,3800,3800,4200,4100,4200,3400,3700
06/11/2023,3900,4200,3800,3800,4200,4100,4200,3400,3700
03/11/2023,3900,4200,3800,3800,4200,4100,4200,3400,3700
02/11/2023,3900,4200,3800,3800,4200,4100,4200,3400,3700
01/11/2023,3900,4200,3800,3800,4200,4100,4200,3400,3700
31/10/2023,3900,4200,3800,3800,4200,4100,4200,3400,3700
30/10/2023,3900,4200,3800,3800,4200,4100,4200,3400,3700
27/10/2023,3900,4200,3800,3800,4200,4100,4200,3400,3700
26/10/2023,3900,4200,3800,3800,4200,4100,4200,3400,3700
25/10/2023,3900,4200,3800,3800,4200,4100,4200,3400,3700
23/10/2023,3900,4200,3800,3800,4200,4100,4200,3400,3700
20/10/2023,3900,4200,3800,3800,4200,4100,4200,3400,3700
19/10/2023,3900,4200,3800,3800,4200,4100,4200,3400,3700
18/10/2023,3900,4200,3800,3800,4200,4100,4200,3400,3700
17/10/2023,3900,4200,3800,3800,4200,4100,4200,3400,3700
16/10/2023,3800,4200,3800,3800,4200,4100,4200,3400,3700
13/10/2023,3800,4200,3800,3800,4200,4100,4200,3400,3700
12/10/2023,3800,4200,3800,3800,4200,4100,4200,3400,3700
11/10/2023,3800,4200,3800,3800,4200,4100,4200,3400,3700
10/10/2023,3800,4200,3800,3800,4200,4100,4200,3400,3700
09/10/2023,3800,4200,3800,3800,4200,4100,4200,3400,3700
06/10/2023,3800,4200,3800,3800,4200,4100,4200,3400,3700
05/10/2023,3800,4200,3800,3800,4200,4100,4200,3400,3700
04/10/2023,3800,4200,3800,3800,4200,4100,4200,3400,3700
03/10/2023,3800,4200,3800,3800,4200,4100,4200,3400,3700
29/09/2023,3800,4200,3800,3800,4200,4100,4200,3400,3700
27/09/2023,3800,4200,3800,3800,4200,4100,4200,3400,3700
26/09/2023,3800,4200,3800,3800,4200,4100,4200,3400,3700
25/09/2023,3800,4200,3800,3800,4200,4100,4200,3400,3700
22/09/2023,3800,4200,3800,3800,4200,4100,4200,3400,3700
21/09/2023,3800,4200,3800,3800,4200,4100,4200,3400,3700
20/09/2023,3800,4200,3800,3800,4200,4100,4200,3400,3700
18/09/2023,3800,4200,3800,3800,4200,4100,4200,3400,3700
15/09/2023,3800,4200,3800,3800,4200,4100,4200,3400,3700
14/09/2023,3800,4200,3800,3800,4200,4100,4200,3400,3700
13/09/2023,3800,4200,3800,3800,4200,4100,4200,3400,3700
12/09/2023,3800,4200,3800,3800,4200,4100,4200,3400,3700
11/09/2023,3800,4200,3800,3800,4200,4100,4200,3400,3700
08/09/2023,3800,4200,3800,3800,4200,4100,4200,3400,3700
07/09/2023,3800,4200,3800,3800,4200,4100,4200,3400,3700
06/09/2023,3800,4200,3800,3800,4200,4100,4200,3400,3700
05/09/2023,3800,4200,3800,3800,4200,4100,4200,3400,3700
04/09/2023,3800,4200,3800,3800,4200,4100,4200,3400,3700
01/09/2023,3800,4200,3800,3800,4200,4100,4200,3400,3700
31/08/2023,3800,4200,3800,3800,4200,4100,4200,3400,3700
30/08/2023,3900,4200,NR,3700,4200,NR,4200,3400,3700
29/08/2023,3900,4200,3800,3700,4200,4100,4200,3400,3700
28/08/2023,3900,4200,3800,3700,4200,4100,4200,3400,3700
25/08/2023,3900,4200,3800,3700,4200,4100,4200,3400,3700
24/08/2023,3900,4200,3800,3700,4200,4100,4200,3400,3700
23/08/2023,3900,4000,3800,3700,4200,4100,4200,3400,3700
22/08/2023,3900,4000,3800,3700,4200,4100,4200,3400,3700
21/08/2023,3900,4000,3800,3700,4200,4100,4200,3400,3700
18/08/2023,3900,4000,NR,3700,4200,4100,4200,3400,3700
17/08/2023,3900,4000,3800,3700,4200,4100,4200,3400,3700
16/08/2023,3900,4000,3800,3700,4200,4100,4200,3400,3700
14/08/2023,3900,4000,3800,3700,4200,4100,4200,3400,3700
11/08/2023,3900,4000,3800,3700,4200,4100,4200,3400,3700
10/08/2023,3900,4000,3800,3700,4200,4100,4200,3400,3700
09/08/2023,3900,4000,3800,3700,4200,4100,4200,3400,3700
08/08/2023,3900,4000,3800,3700,4200,4100,4200,3400,3700
07/08/2023,3850,4000,3800,3700,4200,4100,4200,3400,3700
04/08/2023,3850,4000,3800,3700,4200,4100,4200,3400,3700
03/08/2023,3850,4000,3800,3700,4200,4100,4200,3400,3700
02/08/2023,3850,4000,3800,3700,4200,4100,4200,3400,3700
01/08/2023,3850,4000,3800,3700,4200,4100,4200,3400,3700
31/07/2023,3850,4000,3800,3700,4200,4100,4200,3400,3700
28/07/2023,3850,4000,3800,3700,4200,4100,4200,3400,3700
27/07/2023,3850,4000,3800,3650,4200,4100,4200,3400,3700
26/07/2023,3850,4000,3800,3650,4200,4100,4200,3400,3700
25/07/2023,3850,4000,3800,3650,4200,4100,4200,3400,3700
24/07/2023,3850,3900,3800,3650,4200,4100,4200,3400,3800
21/07/2023,3800,3900,3800,3650,4200,4050,4200,3400,3800
20/07/2023,3800,3900,3800,3650,4200,4050,4200,3400,3800
19/07/2023,3800,3900,3800,3650,4060,4050,4200,3400,3800
18/07/2023,3800,3900,3800,3650,4060,4050,4200,3400,3800
17/07/2023,3800,3900,3800,3650,4060,4000,4200,3400,3800
14/07/2023,3800,3900,3800,3650,4060,4000,4200,3400,3800
13/07/2023,3800,3900,3800,3650,4060,4000,4200,3400,3800
12/07/2023,3800,3900,3600,3650,4060,4000,4200,3400,3800
11/07/2023,3800,3900,3600,3650,4060,4000,4200,3400,3800
10/07/2023,3800,3900,3600,3650,4060,4000,4200,3400,3800
07/07/2023,3800,3900,NR,3650,4060,4000,4200,3400,3800
06/07/2023,3800,3900,3600,3650,4060,4000,4200,3400,3800
05/07/2023,3800,3900,3600,3650,4060,4000,4200,3400,3800
04/07/2023,3800,3900,3600,3650,4060,4000,4200,3400,3800
03/07/2023,3800,3900,3600,3650,4060,4000,4200,3400,3800
30/06/2023,3800,3900,3600,3650,4060,4000,4200,3400,3800
28/06/2023,3800,3900,3600,3650,4060,4000,4000,3400,3800
27/06/2023,3800,3900,3600,3650,4060,4000,4000,3400,3800
26/06/2023,3800,3900,3600,3650,4060,3950,4000,3400,3800
23/06/2023,3800,3900,3600,3650,4000,3950,4000,3400,3800
22/06/2023,3800,3900,3600,3650,4000,3950,4000,3400,3800
21/06/2023,3800,3900,3600,3650,4000,3950,4000,3400,3800
20/06/2023,3800,3900,3600,3650,4000,NR,4000,3400,3800
19/06/2023,3800,3900,3600,3650,4000,3950,4000,3400,3800
16/06/2023,3800,3900,3600,3650,4000,3950,4000,3400,3800
15/06/2023,3800,3900,3600,3600,4000,3950,4000,3400,3600
14/06/2023,3750,3900,3600,3600,4000,3950,4000,3400,3500
13/06/2023,3750,3900,3600,3600,4000,3950,4000,3400,3500
12/06/2023,3750,3900,3600,3600,4000,3950,4000,3400,3500
09/06/2023,3750,3900,3600,3600,4000,3950,4000,3400,3500
08/06/2023,3750,3900,3600,3600,4000,3950,4000,3400,3500
07/06/2023,3750,3900,3600,3600,4000,3950,4000,3400,3500
06/06/2023,3750,3900,3600,3600,4000,3950,4000,3400,3500
05/06/2023,3750,3900,3600,3600,4000,3950,4000,3400,3500
02/06/2023,3750,3900,3600,3600,4000,3950,4000,3400,3500
01/06/2023,3750,3900,3600,3600,4000,3950,3900,3400,3500
31/05/2023,3750,3900,3600,3600,4100,3950,3900,3400,3500
30/05/2023,3750,3800,3600,3600,4000,3950,3900,3400,3600
29/05/2023,3750,3900,3600,3600,4000,3950,3900,3400,3600
26/05/2023,3750,3900,3600,3600,4000,3950,3900,3400,3600
25/05/2023,3750,3900,3600,3600,4060,3950,3900,3400,3600
24/05/2023,3700,3900,3600,3500,4060,3950,3900,3400,3600
23/05/2023,3700,3900,3600,3500,4060,3950,3900,3400,3600
22/05/2023,3700,3900,NR,3500,4060,3950,3900,3400,3600
19/05/2023,3700,3900,3600,3630,4060,3950,3900,3400,3600
18/05/2023,3700,3900,3600,3630,4100,3950,3900,3400,3600
17/05/2023,3750,3900,3600,3630,4060,3950,3900,3400,3600
16/05/2023,3750,3900,3600,3630,4060,3950,3900,3400,3600
15/05/2023,3750,3900,3600,3630,4060,3950,3900,3400,3600
12/05/2023,3750,3900,3600,3630,4060,3950,3900,3400,3600
11/05/2023,3750,3900,3600,3630,4060,3950,3900,3400,3600
10/05/2023,3750,3900,3600,3630,4060,4000,3900,3400,3600
09/05/2023,3750,3900,3600,3630,4060,NR,3900,3400,3600
08/05/2023,3750,3800,3600,3630,4060,3950,3900,3400,3600
05/05/2023,3750,3900,3600,3630,4060,NR,3900,3400,3600
04/05/2023,3750,3900,3600,3630,4060,3950,3900,3400,3600
03/05/2023,3750,3900,3600,3630,4040,3900,3900,3400,3600
02/05/2023,3800,3900,3600,3630,4040,3950,3900,3400,3600
28/04/2023,3800,3900,3600,3630,4100,4000,3900,3400,3800
27/04/2023,3800,3900,3600,3630,4100,4000,3900,3400,3800
26/04/2023,3800,3900,3600,3630,4100,4000,3960,3400,3800
25/04/2023,3800,3900,3600,3630,4100,4000,3900,3400,3800
24/04/2023,3800,3900,3600,3630,4080,4000,3900,3400,3800
21/04/2023,3800,3900,3600,3630,4080,NR,3900,3400,3800
20/04/2023,3800,3900,3600,3630,4080,4000,3900,3400,3800
19/04/2023,3800,3900,3600,3630,4080,4000,3900,3400,3800
18/04/2023,3800,3900,3600,3575,4080,4000,3900,3400,3800
17/04/2023,3800,3900,3600,3575,4080,4000,3900,3400,3800
14/04/2023,3800,3900,NR,3500,4000,NR,3900,3400,3800
13/04/2023,3800,3900,3600,3500,4000,4000,3900,3400,3800
12/04/2023,3800,3900,3600,3500,4000,3950,3900,3400,3800
11/04/2023,3800,3900,3600,3500,4000,3950,3900,3400,3800
10/04/2023,3800,3900,3600,3500,4000,3950,3900,3400,3800
07/04/2023,3800,3900,3600,3500,NR,4000,3900,3400,3800
06/04/2023,3800,3900,3600,3500,4000,3950,3960,3400,3800
05/04/2023,3800,3900,3600,3500,4000,3950,3900,3400,3800
04/04/2023,3800,3900,NR,3500,4000,3900,3900,3400,3800
03/04/2023,3800,3900,NR,3500,4000,NR,3900,3400,3800
31/03/2023,3800,3900,3600,3500,4000,3900,3900,3400,3800
30/03/2023,3700,3900,NR,3500,NR,3850,3900,3400,3800
29/03/2023,3700,3900,3600,3500,3860,3850,3900,3400,3800
28/03/2023,3700,3900,3600,3500,3860,3850,3900,3400,3800
27/03/2023,3700,3900,NR,3500,3860,3850,4000,3400,3800
24/03/2023,3700,3900,3600,3500,3860,3850,4000,3400,3800
23/03/2023,3700,3900,3600,3500,3850,3850,4000,3400,3800
21/03/2023,3700,3900,3600,3500,3850,3850,4000,3400,3700
20/03/2023,3700,3900,3600,3500,3850,3850,4000,3400,3700
17/03/2023,3700,3900,3600,3500,3850,3850,4000,3400,3700
16/03/2023,3800,3900,3600,3500,3850,3850,4000,3400,3700
15/03/2023,3800,3900,NR,3500,3850,3850,4000,3400,3700
14/03/2023,3800,3900,3600,3500,3850,3850,4100,3400,3700
13/03/2023,3800,3900,3600,3500,3850,3900,4100,3400,3700
10/03/2023,3800,3900,3600,3500,3850,3900,4100,3400,3700
09/03/2023,3800,3900,3600,3500,3850,3900,4100,3400,3700
08/03/2023,3800,NR,NR,3500,NR,NR,4100,3400,3700
07/03/2023,3800,3900,NR,3500,3850,NR,4100,3400,3750
06/03/2023,3800,3900,3600,3500,3850,3900,4100,3400,3750
03/03/2023,3800,3900,3600,3500,3860,3900,4100,3400,3750
02/03/2023,3800,3900,3600,3500,3860,3900,4100,3400,3750
01/03/2023,3800,3900,3600,3500,3860,3900,4100,3400,3750
28/02/2023,3800,3900,NR,3500,3860,3850,4100,3400,3750
27/02/2023,3800,3900,3600,3500,3860,3850,4100,3400,3750
24/02/2023,3800,3900,NR,3500,3860,3800,4100,3400,3750
23/02/2023,3800,3900,NR,3500,3860,3800,4100,3400,3750
22/02/2023,3800,3900,3600,3500,3860,3750,4100,3400,3750
01/08/2024,4370,4300,4200,4180,4210,4410,4400,4150,4410
31/07/2024,4370,4300,4200,4180,4210,4410,4400,4150,4410
30/07/2024,4370,4300,4200,4180,4210,4410,4400,4150,4410
29/07/2024,4370,4300,4200,4180,4210,4410,4400,4150,4410
27/07/2024,4260,4210,4100,4060,4110,4320,4310,4020,4300
26/07/2024,4160,4120,4000,4010,4040,4220,4210,3970,4210
25/07/2024,4170,4130,4010,4020,4050,4230,4220,3980,4220
24/07/2024,4170,4130,4010,4020,4050,4230,4220,3980,4220
23/07/2024,4170,4130,4010,4020,4050,4230,4220,3980,4220
22/07/2024,4170,4130,4010,4020,4050,4230,4220,3980,4220
20/07/2024,4160,4120,4000,4010,4040,4220,4210,3980,4210
19/07/2024,4150,4110,3990,4000,4030,4210,4200,3970,4200
18/07/2024,4150,4110,3990,4000,4030,4210,4200,3970,4200
17/07/2024,4140,4100,3980,3990,4020,4200,4190,3960,4190
16/07/2024,4120,4080,3970,3980,4000,4180,4170,3950,4170
15/07/2024,4110,4070,3960,3970,3990,4170,4160,3940,4160
13/07/2024,4100,4060,3950,3970,3980,4160,4150,3930,4150
12/07/2024,4090,4050,3950,3970,3970,4150,4140,3920,4140
11/07/2024,4090,4040,3950,3970,3970,4150,4140,3920,4140
10/07/2024,4090,4040,3950,3970,3970,4150,4140,3920,4140
09/07/2024,4110,4050,3950,3980,3980,4160,4150,3930,4150
08/07/2024,4110,4050,3950,3980,3980,4160,4150,3930,4150
06/07/2024,4120,4060,3960,3990,3990,4170,4160,3930,4160
05/07/2024,4120,4060,3960,3990,3990,4170,4160,3930,4160
04/07/2024,4130,4070,3970,4000,4000,4180,4170,3940,4170
03/07/2024,4140,4080,3980,4010,4010,4190,4180,3950,4180
02/07/2024,4140,4080,3980,4010,4010,4190,4180,3950,4180
01/07/2024,4150,4090,3980,4010,4020,4200,4190,3950,4190
29/06/2024,4150,4090,3980,4010,4020,4200,4190,3950,4190
28/06/2024,4160,4100,3980,4020,4030,4210,4200,3950,4200
27/06/2024,4170,4110,3980,4030,4040,4220,4200,3960,4210
26/06/2024,4160,4100,3970,4020,4030,4210,4190,3950,4200
25/06/2024,4160,4100,3970,4020,4030,4210,4190,3950,4200
24/06/2024,4160,4100,3970,4020,4030,4210,4190,3950,4200
22/06/2024,4170,4110,3980,4030,4050,4220,4200,3960,4210
21/06/2024,4180,4120,3990,4050,4060,4220,4210,3960,4210
20/06/2024,4180,4120,3990,4050,4060,4220,4210,3960,4210
19/06/2024,4180,4130,3990,4050,4060,4220,4210,3960,4210
18/06/2024,4170,4130,3980,4040,4060,4200,4200,3950,4200
17/06/2024,4180,4140,3990,4050,4070,4200,4200,3950,4210
15/06/2024,4190,4140,3990,4050,4080,4200,4200,3950,4210
14/06/2024,4190,4140,3990,4050,4080,4200,4200,3950,4210
13/06/2024,4190,4140,3990,4050,4080,4200,4200,3950,4210
12/06/2024,4180,4140,3990,4050,4080,4190,4180,3940,4200
11/06/2024,4190,4140,3990,4060,4090,4200,4190,3950,4200
10/06/2024,4200,4150,4000,4070,4100,4200,4190,3950,4200
08/06/2024,4210,4160,4000,4080,4110,4210,4200,3950,4210
07/06/2024,4230,4180,4000,4090,4120,4230,4230,3960,4220
06/06/2024,4230,4180,4000,4090,4120,4230,4230,3960,4220
05/06/2024,4240,4190,4010,4090,4120,4240,4240,3960,4230
04/06/2024,4250,4190,4010,4090,4130,4250,4250,3960,4230
03/06/2024,4260,4190,4010,4100,4130,4260,4260,3960,4230
01/06/2024,4260,4190,4000,4100,4130,4260,4260,3960,4230
31/05/2024,4260,4190,4000,4100,4130,4260,4260,3960,4230
30/05/2024,4260,4190,4000,4100,4130,4260,4260,3960,4230
29/05/2024,4260,4190,4000,4100,4130,4260,4260,3960,4230
28/05/2024,4260,4190,4000,4100,4130,4260,4260,3960,4230
27/05/2024,4240,4170,3980,4090,4110,4240,4240,3950,4210
25/05/2024,4240,4170,3980,4090,4110,4240,4240,3950,4210
24/05/2024,4240,4170,3980,4090,4110,4240,4240,3950,4210
23/05/2024,4250,4180,3980,4090,4110,4240,4240,3950,4210
22/05/2024,4230,4150,3960,4080,4100,4240,4220,3940,4210
21/05/2024,4220,4140,3950,4080,4090,4230,4210,3930,4200
20/05/2024,4220,4140,3950,4080,4090,4230,4210,3930,4200
18/05/2024,4230,4150,3950,4090,4100,4240,4220,3940,4210
17/05/2024,4230,4150,3940,4090,4100,4240,4220,3930,4210
16/05/2024,4240,4160,3930,4100,4110,4250,4230,3940,4220
15/05/2024,4240,4160,3920,4110,4110,4250,4230,3940,4220
14/05/2024,4240,4160,3920,4110,4110,4250,4230,3940,4220
13/05/2024,4240,4160,3920,4110,4110,4250,4230,3940,4220
11/05/2024,4220,4140,3900,4100,4110,4230,4210,3930,4200
10/05/2024,4220,4140,3900,4090,4110,4230,4210,3920,4180
09/05/2024,4220,4140,3900,4090,4110,4230,4210,3920,4180
08/05/2024,4230,4140,3910,4100,4120,4240,4220,3930,4190
07/05/2024,4240,4150,3920,4110,4130,4250,4230,3940,4200
06/05/2024,4250,4160,3930,4120,4140,4260,4240,3950,4210
04/05/2024,4260,4170,3940,4130,4150,4280,4250,3960,4220
03/05/2024,4260,4170,3940,4130,4150,4280,4250,3960,4220
02/05/2024,4250,4160,3930,4130,4150,4260,4230,3950,4210
30/04/2024,4200,4120,3890,4110,4130,4220,4190,3910,4160
29/04/2024,4190,4120,3890,4110,4130,4220,4190,3910,4160
27/04/2024,4190,4120,3890,4110,4130,4220,4190,3910,4160
26/04/2024,4190,4120,3890,4110,4130,4220,4190,3910,4160
25/04/2024,4190,4120,3890,4110,4130,4220,4190,3910,4160
24/04/2024,4200,4130,3900,4120,4140,4230,4200,3920,4170
23/04/2024,4210,4140,3900,4140,4160,4240,4200,3920,4180
22/04/2024,4210,4140,3900,4140,4160,4240,4200,3920,4180
20/04/2024,4220,4140,3900,4160,4160,4240,4200,3930,4180
19/04/2024,4230,4150,3910,4170,4170,4250,4210,3940,4190
18/04/2024,4230,4150,3910,4170,4170,4240,4210,3940,4190
17/04/2024,4230,4130,3900,4160,4160,4220,4200,3930,4180
16/04/2024,4220,4120,3890,3950,4150,4210,4190,3920,4170
15/04/2024,4170,4080,3850,3920,4110,4170,4150,3900,4150
13/04/2024,4150,4070,3830,3910,4100,4150,4130,3890,4130
12/04/2024,4150,4070,3830,3910,4100,4150,4130,3890,4130
11/04/2024,4150,4070,3830,3910,4100,4150,4130,3890,4130
10/04/2024,4150,4070,3830,3910,4100,4150,4130,3890,4130
08/04/2024,4140,4060,3820,3900,4090,4140,4120,3880,4120
06/04/2024,4130,4050,3810,3890,4080,4130,4110,3870,4110
05/04/2024,4130,4050,3810,3890,4080,4130,4110,3860,4110
04/04/2024,4130,4050,3810,3890,4080,4130,4110,3850,4110
03/04/2024,4130,4050,3810,3890,4080,4130,4110,3850,4110
02/04/2024,4130,4050,3810,3890,4080,4130,4110,3850,4110
01/04/2024,4120,4040,3800,3880,4070,4120,4100,3840,4100
30/03/2024,4130,4050,3800,3880,4070,4120,4100,3840,4100
29/03/2024,4130,4050,3800,3880,4070,4120,4100,3840,4100
28/03/2024,4130,4050,3800,3880,4070,4120,4100,3840,4100
27/03/2024,4130,4050,3800,3880,4070,4120,4100,3840,4100
26/03/2024,4130,4050,3800,3880,4070,4120,4100,3840,4100
25/03/2024,4130,4050,3800,3880,4070,4120,4100,3830,4100
23/03/2024,4130,4050,3800,3880,4070,4120,4100,3830,4100
22/03/2024,4130,4060,3800,3890,4080,4120,4100,3820,4090
21/03/2024,4130,4060,3800,3890,4080,4120,4100,3810,4080
20/03/2024,4140,4070,3800,3900,4090,4130,4110,3800,4080
19/03/2024,4150,4080,3800,3900,4100,4130,4110,3790,4070
18/03/2024,4150,4080,3800,3900,4100,4130,4110,3790,4070
16/03/2024,4140,4080,3800,3900,4100,4130,4110,3780,4060
15/03/2024,4150,4090,3810,3910,4110,4140,4120,3770,4060
14/03/2024,4150,4090,3810,3900,4110,4140,4120,3760,4060
13/03/2024,4150,4090,3810,3900,4110,4140,4120,3750,4050
12/03/2024,4140,4080,3800,3890,4110,4130,4110,3740,4040
11/03/2024,4130,4070,3780,3880,4100,4120,4100,3730,4030
09/03/2024,4110,4050,3770,3860,4090,4110,4080,3710,4010
08/03/2024,4100,4040,3760,3850,4080,4100,4070,3700,4000
07/03/2024,4100,4030,3760,3840,4080,4100,4070,3690,3990
06/03/2024,4100,4020,3760,3830,4080,4100,4070,3680,3980
05/03/2024,4100,4010,3760,3820,4080,4100,4070,3670,3970
04/03/2024,4100,3990,3760,3800,4080,4100,4070,3660,3960
02/03/2024,4100,4000,3760,3800,4080,4100,4070,3650,3950
01/03/2024,4100,4010,3760,3800,4080,4100,4070,3640,3940
29/02/2024,4100,4020,3760,3800,4080,4100,4070,3630,3930
28/02/2024,4100,4030,3760,3800,4080,4100,4070,3620,3920
27/02/2024,4100,4040,3760,3800,4080,4100,4070,3610,3910
26/02/2024,4100,4050,3760,3800,4080,4100,4070,3600,3900
24/02/2024,4110,4060,3760,3790,4090,4100,4070,3590,3890
23/02/2024,4120,4070,3760,3790,4090,4100,4070,3580,3880
22/02/2024,4120,4080,3760,3790,4090,4100,4070,3570,3870
21/02/2024,4110,4090,3750,3780,4090,4090,4080,3550,3850
20/02/2024,4110,4090,3750,3770,4090,4080,4090,3540,3840
19/02/2024,4110,4090,3750,3770,4090,4080,4100,3530,3830
17/02/2024,4120,4100,3750,3780,4100,4090,4110,3520,3820
16/02/2024,4110,4110,3750,3770,4110,4090,4110,3500,3800
15/02/2024,4100,4120,3750,3770,4120,4080,4120,3490,3790
14/02/2024,4090,4130,3750,3770,4130,4080,4130,3480,3780
13/02/2024,4100,4140,3760,3780,4140,4070,4140,3470,3770
12/02/2024,4100,4150,3770,3780,4150,4080,4150,3460,3760
10/02/2024,4110,4160,3780,3780,4160,4080,4160,3450,3750
09/02/2024,4120,4170,3790,3790,4170,4080,4170,3430,3730
08/02/2024,4130,4180,3800,3790,4180,4090,4180,3420,3720
07/02/2024,4150,4200,3800,3800,4200,4100,4200,3400,3700
06/02/2024,4150,4200,3800,3800,4200,4100,4200,3400,3700
05/02/2024,4150,4200,3800,3800,4200,4100,4200,3400,3700
03/02/2024,4150,4200,3800,3800,4200,4100,4200,3400,3700
02/02/2024,4150,4200,3800,3800,4200,4100,4200,3400,3700
01/02/2024,4150,4200,3800,3800,4200,4100,4200,3400,3700
31/01/2024,4150,4200,3800,3800,4200,4100,4200,3400,3700
30/01/2024,4150,4200,3800,3800,4200,4100,4200,3400,3700
29/01/2024,4150,4200,3800,3800,4200,4100,4200,3400,3700
28/01/2024,4150,4200,3800,3800,4200,4100,4200,3400,3700
27/01/2024,4150,4200,3800,3800,4200,4100,4200,3400,3700
26/01/2024,4150,4200,3800,3800,4200,4100,4200,3400,3700
25/01/2024,4150,4200,3800,3800,4200,4100,4200,3400,3700
24/01/2024,4150,4200,3800,3800,4200,4100,4200,3400,3700
23/01/2024,4150,4200,3800,3800,4200,4100,4200,3400,3700
22/01/2024,4150,4200,3800,3800,4200,4100,4200,3400,3700
20/01/2024,4150,4200,3800,3800,4200,4100,4200,3400,3700
19/01/2024,4150,4200,3800,3800,4200,4100,4200,3400,3700
18/01/2024,4150,4200,3800,3800,4200,4100,4200,3400,3700
17/01/2024,4150,4200,3800,3800,4200,4100,4200,3400,3700
16/01/2024,4150,4200,3800,3800,4200,4100,4200,3400,3700
15/01/2024,4150,4200,3800,3800,4200,4100,4200,3400,3700
12/01/2024,4150,4200,3800,3800,4200,4100,4200,3400,3700
11/01/2024,4150,4200,3800,3800,4200,4100,4200,3400,3700
10/01/2024,4150,4200,3800,3800,4200,4100,4200,3400,3700
09/01/2024,4150,4200,3800,3800,4200,4100,4200,3400,3700
08/01/2024,4150,4200,3800,3800,4200,4100,4200,3400,3700
05/01/2024,4150,4200,3800,3800,4200,4100,4200,3400,3700
04/01/2024,4150,4200,3800,3800,4200,4100,4200,3400,3700
03/01/2024,4150,4200,3800,3800,4200,4100,4200,3400,3700
02/01/2024,4150,4200,3800,3800,4200,4100,4200,3400,3700
01/01/2024,4150,4200,3800,3800,4200,4100,4200,3400,3700
30/12/2023,4150,4200,3800,3800,4200,4100,4200,3400,3700
29/12/2023,4150,4200,3800,3800,4200,4100,4200,3400,3700
28/12/2023,4150,4200,3800,3800,4200,4100,4200,3400,3700
27/12/2023,4150,4200,3800,3800,4200,4100,4200,3400,3700
26/12/2023,4150,4200,3800,3800,4200,4100,4200,3400,3700
25/12/2023,4150,4200,3800,3800,4200,4100,4200,3400,3700
23/12/2023,4150,4200,3800,3800,4200,4100,4200,3400,3700
22/12/2023,4150,4200,3800,3800,4200,4100,4200,3400,3700
21/12/2023,4200,4200,3800,3800,4200,4100,4200,3400,3700
20/12/2023,4200,4200,3800,3800,4200,4100,4200,3400,3700
19/12/2023,4200,4200,3800,3800,4200,4100,4200,3400,3700
18/12/2023,4200,4200,3800,3800,4200,4100,4200,3400,3700
16/12/2023,4200,4200,3800,3800,4200,4100,4200,3400,3700
15/12/2023,4200,4200,3800,3800,4200,4100,4200,3400,3700
14/12/2023,4200,4200,3800,3800,4200,4100,4200,3400,3700
13/12/2023,4200,4200,3800,3800,4200,4100,4200,3400,3700
12/12/2023,4200,4200,3800,3800,4200,4100,4200,3400,3700
11/12/2023,4200,4200,3800,3800,4200,4100,4200,3400,3700
09/12/2023,4200,4200,3800,3800,4200,4100,4200,3400,3700
08/12/2023,4200,4200,3800,3800,4200,4100,4200,3400,3700
07/12/2023,4200,4200,3800,3800,4200,4100,4200,3400,3700
06/12/2023,4200,4200,3800,3800,4200,4100,4200,3400,3700
05/12/2023,4200,4200,3800,3800,4200,4100,4200,3400,3700
04/12/2023,4200,4200,3800,3800,4200,4100,4200,3400,3700
02/12/2023,4200,4200,3800,3800,4200,4100,4200,3400,3700
01/12/2023,4200,4200,3800,3800,4200,4100,4200,3400,3700
30/11/2023,4100,4200,3800,3800,4200,4100,4200,3400,3700
29/11/2023,4100,4200,3800,3800,4200,4100,4200,3400,3700
28/11/2023,4100,4200,3800,3800,4200,4100,4200,3400,3700
27/11/2023,4000,4200,3800,3800,4200,4100,4200,3400,3700
24/11/2023,4000,4200,3800,3800,4200,4100,4200,3400,3700
23/11/2023,4000,4200,3800,3800,4200,4100,4200,3400,3700
22/11/2023,4000,4200,3800,3800,4200,4100,4200,3400,3700
21/11/2023,4000,4200,3800,3800,4200,4100,4200,3400,3700
20/11/2023,4000,4200,3800,3800,4200,4100,4200,3400,3700
17/11/2022,3900,4200,3800,3800,4200,4100,4200,3400,3700
16/11/2023,3900,4200,3800,3800,4200,4100,4200,3400,3700
15/11/2023,3900,4200,3800,3800,4200,4100,4200,3400,3700
13/11/2023,3900,4200,3800,3800,4200,4100,4200,3400,3700
10/11/2023,3900,4200,3800,3800,4200,4100,4200,3400,3700
09/11/2023,3900,4200,3800,3800,4200,4100,4200,3400,3700
08/11/2023,3900,4200,3800,3800,4200,4100,4200,3400,3700
07/11/2023,3900,4200,3800,3800,4200,4100,4200,3400,3700
06/11/2023,3900,4200,3800,3800,4200,4100,4200,3400,3700
03/11/2023,3900,4200,3800,3800,4200,4100,4200,3400,3700
02/11/2023,3900,4200,3800,3800,4200,4100,4200,3400,3700
01/11/2023,3900,4200,3800,3800,4200,4100,4200,3400,3700
31/10/2023,3900,4200,3800,3800,4200,4100,4200,3400,3700
30/10/2023,3900,4200,3800,3800,4200,4100,4200,3400,3700
27/10/2023,3900,4200,3800,3800,4200,4100,4200,3400,3700
26/10/2023,3900,4200,3800,3800,4200,4100,4200,3400,3700
25/10/2023,3900,4200,3800,3800,4200,4100,4200,3400,3700
23/10/2023,3900,4200,3800,3800,4200,4100,4200,3400,3700
20/10/2023,3900,4200,3800,3800,4200,4100,4200,3400,3700
19/10/2023,3900,4200,3800,3800,4200,4100,4200,3400,3700
18/10/2023,3900,4200,3800,3800,4200,4100,4200,3400,3700
17/10/2023,3900,4200,3800,3800,4200,4100,4200,3400,3700
16/10/2023,3800,4200,3800,3800,4200,4100,4200,3400,3700
13/10/2023,3800,4200,3800,3800,4200,4100,4200,3400,3700
12/10/2023,3800,4200,3800,3800,4200,4100,4200,3400,3700
11/10/2023,3800,4200,3800,3800,4200,4100,4200,3400,3700
10/10/2023,3800,4200,3800,3800,4200,4100,4200,3400,3700
09/10/2023,3800,4200,3800,3800,4200,4100,4200,3400,3700
06/10/2023,3800,4200,3800,3800,4200,4100,4200,3400,3700
05/10/2023,3800,4200,3800,3800,4200,4100,4200,3400,3700
04/10/2023,3800,4200,3800,3800,4200,4100,4200,3400,3700
03/10/2023,3800,4200,3800,3800,4200,4100,4200,3400,3700
29/09/2023,3800,4200,3800,3800,4200,4100,4200,3400,3700
27/09/2023,3800,4200,3800,3800,4200,4100,4200,3400,3700
26/09/2023,3800,4200,3800,3800,4200,4100,4200,3400,3700
25/09/2023,3800,4200,3800,3800,4200,4100,4200,3400,3700
22/09/2023,3800,4200,3800,3800,4200,4100,4200,3400,3700
21/09/2023,3800,4200,3800,3800,4200,4100,4200,3400,3700
20/09/2023,3800,4200,3800,3800,4200,4100,4200,3400,3700
18/09/2023,3800,4200,3800,3800,4200,4100,4200,3400,3700
15/09/2023,3800,4200,3800,3800,4200,4100,4200,3400,3700
14/09/2023,3800,4200,3800,3800,4200,4100,4200,3400,3700
13/09/2023,3800,4200,3800,3800,4200,4100,4200,3400,3700
12/09/2023,3800,4200,3800,3800,4200,4100,4200,3400,3700
11/09/2023,3800,4200,3800,3800,4200,4100,4200,3400,3700
08/09/2023,3800,4200,3800,3800,4200,4100,4200,3400,3700
07/09/2023,3800,4200,3800,3800,4200,4100,4200,3400,3700
06/09/2023,3800,4200,3800,3800,4200,4100,4200,3400,3700
05/09/2023,3800,4200,3800,3800,4200,4100,4200,3400,3700
04/09/2023,3800,4200,3800,3800,4200,4100,4200,3400,3700
01/09/2023,3800,4200,3800,3800,4200,4100,4200,3400,3700
31/08/2023,3800,4200,3800,3800,4200,4100,4200,3400,3700
30/08/2023,3900,4200,NR,3700,4200,NR,4200,3400,3700
29/08/2023,3900,4200,3800,3700,4200,4100,4200,3400,3700
28/08/2023,3900,4200,3800,3700,4200,4100,4200,3400,3700
25/08/2023,3900,4200,3800,3700,4200,4100,4200,3400,3700
24/08/2023,3900,4200,3800,3700,4200,4100,4200,3400,3700
23/08/2023,3900,4000,3800,3700,4200,4100,4200,3400,3700
22/08/2023,3900,4000,3800,3700,4200,4100,4200,3400,3700
21/08/2023,3900,4000,3800,3700,4200,4100,4200,3400,3700
18/08/2023,3900,4000,NR,3700,4200,4100,4200,3400,3700
17/08/2023,3900,4000,3800,3700,4200,4100,4200,3400,3700
16/08/2023,3900,4000,3800,3700,4200,4100,4200,3400,3700
14/08/2023,3900,4000,3800,3700,4200,4100,4200,3400,3700
11/08/2023,3900,4000,3800,3700,4200,4100,4200,3400,3700
10/08/2023,3900,4000,3800,3700,4200,4100,4200,3400,3700
09/08/2023,3900,4000,3800,3700,4200,4100,4200,3400,3700
08/08/2023,3900,4000,3800,3700,4200,4100,4200,3400,3700
07/08/2023,3850,4000,3800,3700,4200,4100,4200,3400,3700
04/08/2023,3850,4000,3800,3700,4200,4100,4200,3400,3700
03/08/2023,3850,4000,3800,3700,4200,4100,4200,3400,3700
02/08/2023,3850,4000,3800,3700,4200,4100,4200,3400,3700
01/08/2023,3850,4000,3800,3700,4200,4100,4200,3400,3700
31/07/2023,3850,4000,3800,3700,4200,4100,4200,3400,3700
28/07/2023,3850,4000,3800,3700,4200,4100,4200,3400,3700
27/07/2023,3850,4000,3800,3650,4200,4100,4200,3400,3700
26/07/2023,3850,4000,3800,3650,4200,4100,4200,3400,3700
25/07/2023,3850,4000,3800,3650,4200,4100,4200,3400,3700
24/07/2023,3850,3900,3800,3650,4200,4100,4200,3400,3800
21/07/2023,3800,3900,3800,3650,4200,4050,4200,3400,3800
20/07/2023,3800,3900,3800,3650,4200,4050,4200,3400,3800
19/07/2023,3800,3900,3800,3650,4060,4050,4200,3400,3800
18/07/2023,3800,3900,3800,3650,4060,4050,4200,3400,3800
17/07/2023,3800,3900,3800,3650,4060,4000,4200,3400,3800
14/07/2023,3800,3900,3800,3650,4060,4000,4200,3400,3800
13/07/2023,3800,3900,3800,3650,4060,4000,4200,3400,3800
12/07/2023,3800,3900,3600,3650,4060,4000,4200,3400,3800
11/07/2023,3800,3900,3600,3650,4060,4000,4200,3400,3800
10/07/2023,3800,3900,3600,3650,4060,4000,4200,3400,3800
07/07/2023,3800,3900,NR,3650,4060,4000,4200,3400,3800
06/07/2023,3800,3900,3600,3650,4060,4000,4200,3400,3800
05/07/2023,3800,3900,3600,3650,4060,4000,4200,3400,3800
04/07/2023,3800,3900,3600,3650,4060,4000,4200,3400,3800
03/07/2023,3800,3900,3600,3650,4060,4000,4200,3400,3800
30/06/2023,3800,3900,3600,3650,4060,4000,4200,3400,3800
28/06/2023,3800,3900,3600,3650,4060,4000,4000,3400,3800
27/06/2023,3800,3900,3600,3650,4060,4000,4000,3400,3800
26/06/2023,3800,3900,3600,3650,4060,3950,4000,3400,3800
23/06/2023,3800,3900,3600,3650,4000,3950,4000,3400,3800
22/06/2023,3800,3900,3600,3650,4000,3950,4000,3400,3800
21/06/2023,3800,3900,3600,3650,4000,3950,4000,3400,3800
20/06/2023,3800,3900,3600,3650,4000,NR,4000,3400,3800
19/06/2023,3800,3900,3600,3650,4000,3950,4000,3400,3800
16/06/2023,3800,3900,3600,3650,4000,3950,4000,3400,3800
15/06/2023,3800,3900,3600,3600,4000,3950,4000,3400,3600
14/06/2023,3750,3900,3600,3600,4000,3950,4000,3400,3500
13/06/2023,3750,3900,3600,3600,4000,3950,4000,3400,3500
12/06/2023,3750,3900,3600,3600,4000,3950,4000,3400,3500
09/06/2023,3750,3900,3600,3600,4000,3950,4000,3400,3500
08/06/2023,3750,3900,3600,3600,4000,3950,4000,3400,3500
07/06/2023,3750,3900,3600,3600,4000,3950,4000,3400,3500
06/06/2023,3750,3900,3600,3600,4000,3950,4000,3400,3500
05/06/2023,3750,3900,3600,3600,4000,3950,4000,3400,3500
02/06/2023,3750,3900,3600,3600,4000,3950,4000,3400,3500
01/06/2023,3750,3900,3600,3600,4000,3950,3900,3400,3500
31/05/2023,3750,3900,3600,3600,4100,3950,3900,3400,3500
30/05/2023,3750,3800,3600,3600,4000,3950,3900,3400,3600
29/05/2023,3750,3900,3600,3600,4000,3950,3900,3400,3600
26/05/2023,3750,3900,3600,3600,4000,3950,3900,3400,3600
25/05/2023,3750,3900,3600,3600,4060,3950,3900,3400,3600
24/05/2023,3700,3900,3600,3500,4060,3950,3900,3400,3600
23/05/2023,3700,3900,3600,3500,4060,3950,3900,3400,3600
22/05/2023,3700,3900,NR,3500,4060,3950,3900,3400,3600
19/05/2023,3700,3900,3600,3630,4060,3950,3900,3400,3600
18/05/2023,3700,3900,3600,3630,4100,3950,3900,3400,3600
17/05/2023,3750,3900,3600,3630,4060,3950,3900,3400,3600
16/05/2023,3750,3900,3600,3630,4060,3950,3900,3400,3600
15/05/2023,3750,3900,3600,3630,4060,3950,3900,3400,3600
12/05/2023,3750,3900,3600,3630,4060,3950,3900,3400,3600
11/05/2023,3750,3900,3600,3630,4060,3950,3900,3400,3600
10/05/2023,3750,3900,3600,3630,4060,4000,3900,3400,3600
09/05/2023,3750,3900,3600,3630,4060,NR,3900,3400,3600
08/05/2023,3750,3800,3600,3630,4060,3950,3900,3400,3600
05/05/2023,3750,3900,3600,3630,4060,NR,3900,3400,3600
04/05/2023,3750,3900,3600,3630,4060,3950,3900,3400,3600
03/05/2023,3750,3900,3600,3630,4040,3900,3900,3400,3600
02/05/2023,3800,3900,3600,3630,4040,3950,3900,3400,3600
28/04/2023,3800,3900,3600,3630,4100,4000,3900,3400,3800
27/04/2023,3800,3900,3600,3630,4100,4000,3900,3400,3800
26/04/2023,3800,3900,3600,3630,4100,4000,3960,3400,3800
25/04/2023,3800,3900,3600,3630,4100,4000,3900,3400,3800
24/04/2023,3800,3900,3600,3630,4080,4000,3900,3400,3800
21/04/2023,3800,3900,3600,3630,4080,NR,3900,3400,3800
20/04/2023,3800,3900,3600,3630,4080,4000,3900,3400,3800
19/04/2023,3800,3900,3600,3630,4080,4000,3900,3400,3800
18/04/2023,3800,3900,3600,3575,4080,4000,3900,3400,3800
17/04/2023,3800,3900,3600,3575,4080,4000,3900,3400,3800
14/04/2023,3800,3900,NR,3500,4000,NR,3900,3400,3800
13/04/2023,3800,3900,3600,3500,4000,4000,3900,3400,3800
12/04/2023,3800,3900,3600,3500,4000,3950,3900,3400,3800
11/04/2023,3800,3900,3600,3500,4000,3950,3900,3400,3800
10/04/2023,3800,3900,3600,3500,4000,3950,3900,3400,3800
07/04/2023,3800,3900,3600,3500,NR,4000,3900,3400,3800
06/04/2023,3800,3900,3600,3500,4000,3950,3960,3400,3800
05/04/2023,3800,3900,3600,3500,4000,3950,3900,3400,3800
04/04/2023,3800,3900,NR,3500,4000,3900,3900,3400,3800
03/04/2023,3800,3900,NR,3500,4000,NR,3900,3400,3800
31/03/2023,3800,3900,3600,3500,4000,3900,3900,3400,3800
30/03/2023,3700,3900,NR,3500,NR,3850,3900,3400,3800
29/03/2023,3700,3900,3600,3500,3860,3850,3900,3400,3800
28/03/2023,3700,3900,3600,3500,3860,3850,3900,3400,3800
27/03/2023,3700,3900,NR,3500,3860,3850,4000,3400,3800
24/03/2023,3700,3900,3600,3500,3860,3850,4000,3400,3800
23/03/2023,3700,3900,3600,3500,3850,3850,4000,3400,3800
21/03/2023,3700,3900,3600,3500,3850,3850,4000,3400,3700
20/03/2023,3700,3900,3600,3500,3850,3850,4000,3400,3700
17/03/2023,3700,3900,3600,3500,3850,3850,4000,3400,3700
16/03/2023,3800,3900,3600,3500,3850,3850,4000,3400,3700
15/03/2023,3800,3900,NR,3500,3850,3850,4000,3400,3700
14/03/2023,3800,3900,3600,3500,3850,3850,4100,3400,3700
13/03/2023,3800,3900,3600,3500,3850,3900,4100,3400,3700
10/03/2023,3800,3900,3600,3500,3850,3900,4100,3400,3700
09/03/2023,3800,3900,3600,3500,3850,3900,4100,3400,3700
08/03/2023,3800,NR,NR,3500,NR,NR,4100,3400,3700
07/03/2023,3800,3900,NR,3500,3850,NR,4100,3400,3750
06/03/2023,3800,3900,3600,3500,3850,3900,4100,3400,3750
03/03/2023,3800,3900,3600,3500,3860,3900,4100,3400,3750
02/03/2023,3800,3900,3600,3500,3860,3900,4100,3400,3750
01/03/2023,3800,3900,3600,3500,3860,3900,4100,3400,3750
28/02/2023,3800,3900,NR,3500,3860,3850,4100,3400,3750
27/02/2023,3800,3900,3600,3500,3860,3850,4100,3400,3750
24/02/2023,3800,3900,NR,3500,3860,3800,4100,3400,3750
23/02/2023,3800,3900,NR,3500,3860,3800,4100,3400,3750
22/02/2023,3800,3900,3600,3500,3860,3750,4100,3400,3750
Date,Delhi,Kanpur,Raipur,Mumbai,Ranchi,Kolkata,Guwahati,Hyderabad,Chennai
26/11/2025,4360,4340,4300,4100,4340,4400,4420,4110,4400
25/11/2025,4360,4340,4300,4120,4340,4400,4420,4160,4400
24/11/2025,4360,4320,4300,4120,4340,4400,4420,4160,4400
22/11/2025,4360,4320,4300,4120,4340,4400,4420,4160,4400
21/11/2025,4360,4320,4300,4120,4340,4400,4420,4160,4400
20/11/2025,4340,4300,4300,4100,4340,4400,4420,4160,4400
19/11/2025,4320,4280,4300,4100,4340,4400,4420,4160,4400
18/11/2025,4320,4280,4300,4120,4340,4400,4420,4180,4400
17/11/2025,4320,4280,4300,4120,4340,4400,4420,4180,4400
15/11/2025,4320,4280,4300,4120,4340,4400,4420,4180,4400
14/11/2025,4320,4280,4300,4120,4340,4400,4420,4180,4400
13/11/2025,4320,4280,4300,4120,4340,4400,4420,4200,4400
12/11/2025,4320,4280,4300,4120,4340,4400,4420,4200,4400
11/11/2025,4320,4280,4300,4120,4340,4400,4420,4200,4400
10/11/2025,4320,4280,4300,4120,4340,4400,4420,4200,4400
07/11/2025,4320,4280,4300,4120,4340,4380,4400,4200,4400
06/11/2025,4320,4280,4300,4120,4340,4350,4360,4200,4380
05/11/2025,4320,4280,4300,4100,4340,4340,4360,4180,4380
04/11/2025,4300,4250,4280,4080,4340,4300,4320,4170,4380
03/11/2025,4300,4250,4280,4080,4340,4300,4320,4170,4380
01/11/2025,4300,4250,4280,4080,4340,4300,4320,4170,4380
31/10/2025,4300,4250,4280,4080,4340,4300,4320,4170,4380
30/10/2025,4300,4250,4280,4080,4340,4300,4320,4170,4380
29/10/2025,4300,4250,4280,4080,4340,4300,4320,4170,4380
28/10/2025,4300,4250,4280,4080,4340,4300,4320,4170,4380
27/10/2025,4300,4250,4280,4080,4340,4300,4320,4170,4380
25/10/2025,4300,4260,4280,4100,4350,4320,4340,4180,4400
24/10/2025,4320,4270,4280,4120,4360,4320,4340,4200,4420
23/10/2025,4340,4300,4300,4160,4400,4360,4380,4220,4440
20/10/2025,4340,4300,4300,4160,4400,4360,4380,4220,4440
18/10/2025,4340,4300,4300,4160,4400,4360,4380,4220,4440
17/10/2025,4340,4300,4300,4160,4400,4360,4380,4220,4440
16/10/2025,4340,4300,4300,4160,4400,4360,4380,4220,4440
15/10/2025,4330,4300,4300,4150,4400,4350,4370,4220,4440
14/10/2025,4350,4310,4310,4170,4410,4370,4390,4230,4450
13/10/2025,4360,4320,4320,4180,4420,4380,4400,4230,4450
11/10/2025,4360,4320,4320,4180,4420,4380,4400,4230,4450
10/10/2025,4370,4320,4320,4180,4430,4390,4410,4230,4460
09/10/2025,4370,4320,4320,4180,4430,4390,4410,4230,4460
08/10/2025,4380,4330,4320,4180,4430,4410,4430,4230,4470
07/10/2025,4390,4340,4320,4180,4430,4410,4430,4230,4470
06/10/2025,4400,4350,4340,4200,4450,4420,4440,4240,4480
04/10/2025,4400,4350,4340,4200,4450,4420,4440,4240,4480
03/10/2025,4400,4350,4340,4200,4450,4420,4440,4240,4500
01/10/2025,4400,4350,4350,4220,4450,4420,4440,4250,4520
30/09/2025,4400,4350,4350,4220,4450,4420,4440,4250,4520
29/09/2025,4400,4350,4350,4220,4450,4420,4440,4250,4520
27/09/2025,4400,4350,4330,4220,4320,4420,4440,4250,4520
26/09/2025,4400,4350,4330,4220,4320,4420,4440,4250,4520
25/09/2025,4400,4350,4330,4220,4320,4420,4440,4250,4530
24/09/2025,4400,4350,4330,4220,4320,4420,4440,4250,4530
23/09/2025,4400,4350,4330,4220,4320,4420,4440,4250,4530
22/09/2025,4400,4350,4330,4220,4320,4420,4440,4250,4530
20/09/2025,4400,4350,4330,4240,4340,4430,4450,4260,4540
19/09/2025,4400,4350,4330,4240,4340,4430,4450,4260,4540
18/09/2025,4400,4350,4330,4240,4340,4430,4450,4270,4550
17/09/2025,4390,4350,4320,4220,4320,4420,4440,4250,4520
16/09/2025,4390,4350,4320,4240,4320,4420,4440,4250,4520
15/09/2025,4390,4350,4320,4240,4320,4420,4440,4250,4520
13/09/2025,4400,4360,4330,4250,4330,4430,4450,4250,4520
12/09/2025,4400,4360,4330,4250,4330,4430,4450,4250,4520
11/09/2025,4400,4360,4330,4250,4330,4430,4450,4250,4520
10/09/2025,4400,4360,4330,4250,4330,4430,4450,4250,4520
09/09/2025,4400,4360,4330,4250,4330,4430,4450,4250,4520
08/09/2025,4380,4360,4330,4240,4320,4420,4440,4240,4500
06/09/2025,4380,4360,4330,4240,4320,4420,4440,4240,4500
05/09/2025,4380,4360,4330,4240,4320,4420,4440,4240,4500
04/09/2025,4380,4360,4330,4250,4330,4420,4440,4250,4500
03/09/2025,4390,4370,4350,4260,4340,4430,4440,4270,4470
02/09/2025,4390,4370,4350,4260,4340,4430,4440,4270,4470
01/09/2025,4390,4370,4350,4260,4340,4430,4440,4270,4470
30/08/2025,4390,4370,4350,4260,4340,4430,4440,4270,4470
29/08/2025,4390,4370,4350,4260,4340,4430,4440,4270,4470
28/08/2025,4400,4380,4360,4280,4350,4440,4450,4280,4480
26/08/2025,4400,4380,4360,4280,4350,4440,4450,4280,4480
25/08/2025,4400,4380,4360,4280,4350,4440,4450,4280,4480
23/08/2025,4400,4380,4360,4280,4350,4440,4450,4280,4480
22/08/2025,4400,4380,4360,4280,4350,4440,4450,4280,4480
21/08/2025,4400,4380,4360,4270,4350,4440,4450,4280,4480
20/08/2025,4400,4380,4350,4280,4350,4460,4460,4290,4480
19/08/2025,4400,4380,4350,4280,4350,4460,4460,4290,4480
18/08/2025,4400,4380,4350,4260,4350,4460,4460,4280,4480
16/08/2025,4400,4380,4350,4230,4350,4460,4460,4240,4480
14/08/2025,4400,4380,4350,4230,4350,4460,4460,4240,4480
13/08/2025,4400,4380,4350,4230,4350,4460,4460,4240,4480
12/08/2025,4400,4380,4350,4230,4350,4460,4460,4240,4480
11/08/2025,4400,4380,4320,4230,4350,4460,4460,4240,4480
09/08/2025,4400,4380,4300,4230,4300,4460,4460,4240,4480
08/08/2025,4400,4380,4280,4240,4300,4480,4480,4250,4500
07/08/2025,4400,4380,4280,4240,4300,4480,4480,4250,4500
06/08/2025,4400,4380,4280,4240,4300,4480,4480,4250,4500
05/08/2025,4400,4380,4280,4240,4300,4480,4480,4250,4500
04/08/2025,4400,4380,4280,4240,4300,4480,4480,4250,4500
02/08/2025,4400,4370,4260,4240,4270,4480,4480,4240,4500
01/08/2025,4400,4370,4260,4240,4270,4480,4480,4240,4500
31/07/2025,4400,4370,4260,4240,4270,4480,4480,4240,4500
30/07/2025,4380,4340,4220,4180,4220,4450,4450,4180,4500
29/07/2025,4350,4320,4180,4160,4180,4400,4410,4150,4460
28/07/2025,4320,4300,4160,4140,4160,4370,4380,4130,4440
26/07/2025,4320,4300,4160,4140,4160,4370,4380,4130,4440
25/07/2025,4320,4300,4160,4140,4160,4370,4380,4130,4440
24/07/2025,4300,4275,4150,4120,4160,4350,4360,4120,4420
23/07/2025,4300,4275,4150,4120,4160,4350,4360,4120,4420
22/07/2025,4300,4275,4150,4120,4160,4350,4360,4120,4420
21/07/2025,4300,4275,4150,4120,4160,4350,4360,4120,4420
19/07/2025,4300,4275,4150,4120,4160,4350,4360,4120,4420
18/07/2025,4300,4275,4150,4120,4160,4350,4360,4120,4420
17/07/2025,4300,4275,4150,4120,4160,4350,4360,4120,4420
16/07/2025,4320,4300,4170,4140,4180,4350,4360,4120,4420
15/07/2025,4340,4320,4200,4160,4200,4350,4360,4120,4420
14/07/2025,4340,4320,4200,4160,4200,4350,4360,4120,4420
12/07/2025,4340,4320,4200,4160,4200,4350,4360,4120,4420
11/07/2025,4340,4320,4200,4160,4200,4350,4360,4120,4420
10/07/2025,4340,4320,4200,4160,4200,4350,4360,4120,4420
09/07/2025,4340,4320,4200,4160,4200,4350,4360,4120,4420
08/07/2025,4340,4320,4200,4160,4200,4350,4360,4120,4420
07/07/2025,4340,4320,4200,4160,4200,4350,4360,4120,4420
05/07/2025,4340,4320,4200,4160,4200,4350,4360,4120,4420
04/07/2025,4340,4320,4200,4160,4200,4350,4360,4120,4420
03/07/2025,4350,4320,4220,4160,4220,4360,4370,4130,4440
02/07/2025,4350,4320,4220,4160,4220,4360,4370,4130,4440
01/07/2025,4350,4320,4220,4160,4220,4360,4370,4130,4440
30/06/2025,4350,4320,4220,4150,4220,4360,4370,4130,4440
28/06/2025,4350,4320,4220,4150,4220,4360,4370,4130,4440
27/06/2025,4350,4320,4220,4150,4220,4360,4370,4130,4440
26/06/2025,4320,4300,4200,4120,4200,4340,4350,4100,4400
25/06/2025,4300,4280,4180,4100,4180,4320,4330,4100,4380
24/06/2025,4300,4280,4180,4100,4180,4320,4330,4100,4380
23/06/2025,4300,4280,4180,4100,4180,4320,4330,4100,4380
21/06/2025,4330,4310,4200,4120,4200,4340,4360,4110,4400
20/06/2025,4330,4310,4200,4120,4200,4340,4360,4110,4400
19/06/2025,4340,4320,4200,4120,4200,4350,4370,4120,4400
18/06/2025,4340,4320,4200,4120,4200,4350,4370,4120,4400
17/06/2025,4340,4320,4200,4120,4200,4350,4370,4120,4400
16/06/2025,4340,4320,4200,4120,4200,4350,4370,4120,4400
14/06/2025,4320,4300,4200,4120,4200,4330,4350,4120,4400
13/06/2025,4320,4300,4200,4120,4200,4330,4350,4120,4400
12/06/2025,4310,4300,4200,4120,4200,4330,4350,4120,4400
11/06/2025,4320,4310,4200,4120,4200,4340,4350,4130,4420
10/06/2025,4320,4310,4200,4120,4200,4340,4350,4130,4420
09/06/2025,4320,4310,4200,4120,4200,4340,4350,4130,4420
07/06/2025,4330,4320,4200,4140,4200,4350,4360,4140,4420
06/06/2025,4330,4320,4200,4140,4200,4350,4360,4140,4420
05/06/2025,4330,4320,4190,4150,4190,4340,4350,4150,4420
04/06/2025,4340,4330,4200,4170,4190,4350,4360,4180,4420
03/06/2025,4350,4340,4200,4180,4210,4360,4370,4200,4430
02/06/2025,4350,4340,4200,4180,4210,4360,4370,4200,4430
31/05/2025,4360,4340,4200,4180,4220,4370,4380,4210,4430
30/05/2025,4360,4340,4200,4180,4220,4370,4380,4210,4430
29/05/2025,4360,4340,4200,4180,4220,4370,4380,4210,4430
28/05/2025,4360,4340,4200,4180,4220,4370,4380,4210,4430
27/05/2025,4360,4340,4200,4180,4220,4370,4380,4210,4430
26/05/2025,4360,4340,4200,4180,4220,4370,4380,4210,4430
24/05/2025,4360,4340,4200,4180,4220,4370,4380,4210,4430
23/05/2025,4360,4340,4200,4180,4220,4370,4380,4210,4430
22/05/2025,4360,4340,4200,4180,4220,4370,4380,4210,4430
21/05/2025,4360,4340,4200,4200,4220,4370,4380,4200,4420
20/05/2025,4360,4340,4200,4190,4220,4370,4380,4200,4420
19/05/2025,4360,4340,4200,4180,4220,4370,4380,4200,4420
17/05/2025,4380,4340,4200,4180,4230,4370,4380,4200,4420
16/05/2025,4380,4340,4200,4200,4240,4370,4380,4200,4420
15/05/2025,4380,4340,4200,4200,4240,4370,4380,4200,4420
14/05/2025,4380,4340,4220,4200,4240,4370,4380,4200,4420
13/05/2025,4400,4350,4240,4200,4260,4380,4390,4210,4420
12/05/2025,4400,4350,4240,4200,4260,4380,4390,4210,4420
10/05/2025,4400,4350,4240,4200,4260,4380,4390,4220,4420
09/05/2025,4400,4350,4240,4200,4260,4380,4390,4220,4420
08/05/2025,4400,4350,4240,4200,4260,4380,4390,4220,4420
07/05/2025,4400,4350,4240,4200,4260,4380,4390,4220,4420
06/05/2025,4400,4350,4240,4200,4260,4380,4390,4220,4410
05/05/2025,4400,4350,4240,4180,4260,4375,4390,4200,4400
03/05/2025,4400,4360,4250,4180,4270,4380,4390,4200,4400
02/05/2025,4400,4360,4250,4180,4270,4380,4390,4200,4400
30/04/2025,4380,4340,4260,4180,4280,4370,4380,4190,4400
29/04/2025,4370,4330,4260,4180,4280,4360,4380,4190,4400
28/04/2025,4370,4330,4270,4180,4290,4370,4380,4200,4400
26/04/2025,4350,4310,4250,4160,4270,4340,4360,4180,4380
25/04/2025,4360,4320,4250,4160,4270,4350,4370,4180,4380
24/04/2025,4360,4320,4250,4160,4270,4350,4370,4180,4380
23/04/2025,4370,4330,4250,4160,4270,4350,4370,4180,4380
22/04/2025,4380,4330,4250,4170,4280,4360,4380,4180,4380
21/04/2025,4390,4340,4250,4180,4290,4360,4380,4190,4390
19/04/2025,4390,4340,4250,4180,4290,4360,4380,4190,4390
18/04/2025,4390,4340,4250,4180,4290,4360,4380,4190,4390
17/04/2025,4390,4340,4250,4180,4290,4360,4380,4190,4390
16/04/2025,4390,4340,4260,4190,4290,4370,4390,4190,4390
15/04/2025,4390,4340,4260,4190,4290,4370,4390,4190,4390
14/04/2025,4380,4320,4250,4180,4280,4360,4380,4180,4380
12/04/2025,4380,4320,4250,4180,4280,4360,4380,4180,4380
11/04/2025,4370,4300,4220,4180,4280,4360,4380,4180,4380
10/04/2025,4370,4300,4220,4180,4280,4360,4380,4180,4380
09/04/2025,4370,4300,4220,4180,4280,4360,4380,4180,4380
08/04/2025,4370,4300,4220,4180,4280,4360,4380,4180,4380
07/04/2025,4380,4300,4225,4180,4280,4360,4380,4180,4380
05/04/2025,4400,4310,4240,4190,4300,4380,4400,4190,4390
04/04/2025,4410,4320,4250,4190,4300,4390,4400,4200,4400
03/04/2025,4400,4320,4260,4190,4300,4390,4410,4210,4400
02/04/2025,4400,4320,4280,4190,4300,4400,4420,4210,4400
01/04/2025,4390,4290,4300,4200,4300,4400,4420,4220,4400
31/03/2025,4380,4280,4300,4200,4300,4400,4420,4220,4400
29/03/2025,4380,4280,4320,4200,4300,4400,4420,4220,4400
28/03/2025,4380,4280,4320,4200,4300,4400,4420,4220,4400
27/03/2025,4350,4260,4320,4160,4280,4380,4410,4200,4390
26/03/2025,4360,4270,4340,4140,4280,4380,4410,4220,4400
25/03/2025,4340,4250,4325,4130,4260,4360,4400,4210,4400
24/03/2025,4340,4250,4325,4130,4260,4360,4400,4210,4400
22/03/2025,4350,4260,4325,4130,4280,4380,4420,4210,4400
21/03/2025,4350,4260,4325,4130,4280,4380,4420,4210,4400
20/03/2025,4350,4260,4325,4130,4280,4380,4420,4210,4400
19/03/2025,4350,4260,4325,4130,4280,4380,4420,4210,4400
18/03/2025,4350,4260,4325,4130,4280,4380,4420,4210,4400
17/03/2025,4350,4260,4325,4130,4280,4380,4420,4210,4400
15/03/2025,4350,4260,4325,4130,4280,4380,4420,4210,4400
14/03/2025,4360,4270,4325,4150,4290,4400,4450,4210,4400
13/03/2025,4360,4270,4325,4150,4290,4400,4450,4210,4400
12/03/2025,4360,4270,4325,4150,4290,4400,4450,4210,4400
11/03/2025,4360,4270,4325,4150,4290,4420,4450,4200,4400
10/03/2025,4360,4270,4325,4150,4290,4420,4450,4200,4400
08/03/2025,4370,4280,4325,4170,4290,4450,4470,4200,4400
07/03/2025,4390,4300,4340,4180,4290,4480,4490,4200,4400
06/03/2025,4400,4320,4340,4180,4300,4490,4500,4210,4400
05/03/2025,4400,4330,4340,4200,4300,4500,4500,4210,4420
04/03/2025,4400,4330,4340,4240,4340,4480,4480,4210,4420
03/03/2025,4420,4340,4340,4240,4340,4490,4480,4210,4420
01/03/2025,4430,4350,4340,4240,4340,4490,4480,4210,4420
28/02/2025,4410,4330,4320,4220,4320,4470,4460,4190,4400
27/02/2025,4390,4310,4310,4210,4300,4450,4440,4170,4380
26/02/2025,4390,4310,4310,4210,4300,4450,4440,4170,4380
25/02/2025,4340,4260,4270,4190,4270,4400,4390,4150,4350
24/02/2025,4340,4260,4270,4190,4270,4400,4390,4150,4350
22/02/2025,4360,4280,4290,4200,4290,4420,4410,4160,4370
21/02/2025,4360,4280,4290,4200,4290,4420,4410,4160,4370
20/02/2025,4330,4260,4260,4180,4260,4380,4370,4130,4340
19/02/2025,4290,4220,4230,4150,4220,4340,4330,4090,4310
18/02/2025,4290,4220,4230,4150,4220,4340,4330,4090,4310
17/02/2025,4310,4240,4240,4150,4230,4360,4350,4090,4310
15/02/2025,4340,4270,4270,4170,4260,4390,4380,4110,4340
14/02/2025,4370,4290,4290,4190,4280,4420,4410,4130,4360
13/02/2025,4400,4310,4310,4210,4300,4450,4440,4150,4380
12/02/2025,4430,4350,4340,4240,4320,4490,4480,4180,4410
11/02/2025,4430,4350,4340,4240,4320,4490,4480,4180,4410
10/02/2025,4450,4370,4350,4250,4330,4510,4500,4190,4430
08/02/2025,4470,4400,4370,4270,4350,4540,4530,4210,4460
07/02/2025,4470,4400,4370,4270,4350,4540,4530,4210,4460
06/02/2025,4450,4380,4350,4250,4330,4520,4510,4190,4450
05/02/2025,4450,4380,4350,4250,4330,4520,4510,4190,4450
04/02/2025,4450,4380,4340,4200,4320,4520,4510,4160,4450
03/02/2025,4450,4390,4320,4150,4300,4510,4500,4120,4440
01/02/2025,4450,4390,4320,4150,4300,4510,4500,4120,4440
31/01/2025,4330,4270,4240,4060,4220,4380,4370,4000,4350
30/01/2025,4330,4270,4240,4060,4220,4380,4370,4000,4350
29/01/2025,4320,4260,4230,4050,4210,4370,4360,3990,4340
28/01/2025,4300,4240,4210,4020,4190,4350,4340,3970,4310
27/01/2025,4290,4230,4190,4000,4170,4340,4330,3960,4290
25/01/2025,4290,4230,4190,4000,4170,4340,4330,3960,4290
24/01/2025,4290,4230,4190,4000,4170,4340,4330,3960,4290
23/01/2025,4300,4240,4200,4010,4180,4350,4340,3970,4300
22/01/2025,4310,4250,4210,4020,4190,4360,4350,3980,4310
21/01/2025,4310,4250,4210,4020,4190,4360,4350,3980,4310
20/01/2025,4310,4250,4210,4010,4180,4360,4350,3970,4310
18/01/2025,4250,4190,4130,3960,4110,4300,4290,3900,4260
17/01/2025,4250,4190,4130,3960,4110,4300,4290,3900,4260
16/01/2025,4240,4170,4120,3940,4100,4280,4270,3880,4240
15/01/2025,4230,4150,4100,3930,4090,4270,4260,3870,4230
14/01/2025,4210,4130,4080,3920,4080,4250,4240,3860,4210
13/01/2025,4210,4130,4080,3920,4080,4250,4240,3860,4210
11/01/2025,4180,4110,4060,3900,4060,4220,4210,3840,4190
10/01/2025,4160,4090,4050,3890,4050,4200,4190,3830,4170
09/01/2025,4160,4090,4050,3890,4050,4200,4190,3830,4170
08/01/2025,4160,4090,4050,3890,4050,4200,4190,3830,4170
07/01/2025,4150,4080,4040,3880,4040,4180,4170,3820,4160
06/01/2025,4150,4080,4040,3880,4040,4180,4170,3820,4160
04/01/2025,4160,4090,4040,3880,4040,4190,4180,3820,4160
03/01/2025,4160,4090,4040,3880,4040,4190,4180,3820,4160
02/01/2025,4130,4060,4010,3860,4010,4160,4150,3800,4130
01/01/2025,4120,4050,4000,3850,4000,4150,4140,3790,4120
31/12/2024,4110,4040,3950,3830,3990,4130,4120,3780,4100
30/12/2024,4110,4040,3950,3830,3990,4130,4120,3780,4100
28/12/2024,4110,4040,3950,3830,3990,4130,4120,3780,4100
27/12/2024,4070,4000,3920,3810,3960,4100,4090,3760,4070
26/12/2024,4050,3980,3900,3800,3940,4080,4070,3750,4050
25/12/2024,4030,3960,3880,3790,3920,4060,4050,3750,4030
24/12/2024,4030,3960,3880,3790,3920,4060,4050,3750,4030
23/12/2024,4020,3950,3870,3780,3910,4050,4040,3740,4020
21/12/2024,4000,3930,3850,3770,3890,4030,4020,3730,4000
20/12/2024,3980,3910,3840,3760,3870,4010,4000,3720,3970
19/12/2024,3960,3880,3820,3740,3860,3990,3980,3710,3950
18/12/2024,3940,3860,3810,3730,3850,3970,3960,3700,3940
17/12/2024,3950,3860,3820,3740,3860,3970,3960,3710,3950
16/12/2024,3970,3870,3840,3760,3880,3990,3980,3730,3970
14/12/2024,3970,3870,3840,3760,3880,3990,3980,3730,3970
13/12/2024,3970,3870,3840,3760,3880,3990,3980,3730,3970
12/12/2024,3960,3860,3840,3760,3880,3980,3970,3730,3970
11/12/2024,3950,3850,3840,3760,3880,3970,3960,3730,3970
10/12/2024,3970,3870,3860,3780,3900,3990,3980,3750,3980
09/12/2024,4000,3880,3880,3820,3920,4010,4000,3780,4000
07/12/2024,3950,3870,3880,3820,3920,4000,3990,3780,4000
06/12/2024,3950,3870,3880,3820,3920,4000,3990,3780,4000
05/12/2024,3950,3870,3880,3820,3920,4000,3990,3780,4000
04/12/2024,3960,3880,3890,3830,3930,4010,4000,3790,4010
03/12/2024,3970,3890,3900,3840,3940,4020,4010,3800,4020
02/12/2024,3990,3910,3920,3860,3960,4040,4030,3820,4040
30/11/2024,4000,3920,3930,3870,3980,4050,4040,3830,4050
29/11/2024,4010,3930,3940,3880,4000,4060,4050,3840,4060
28/11/2024,4010,3930,3940,3880,4000,4060,4050,3840,4060
27/11/2024,4010,3930,3940,3880,4000,4060,4050,3840,4060
26/11/2024,4020,3950,3960,3900,4020,4080,4070,3850,4070
25/11/2024,4040,3970,3970,3910,4030,4100,4090,3860,4080
23/11/2024,4060,3990,3980,3920,4040,4120,4110,3870,4090
22/11/2024,4060,3990,3980,3920,4040,4120,4110,3870,4090
21/11/2024,4070,4000,3990,3930,4050,4130,4120,3880,4100
20/11/2024,4070,4000,3990,3930,4050,4130,4120,3880,4100
19/11/2024,4070,4000,3990,3930,4050,4130,4120,3880,4100
18/11/2024,4070,4000,3990,3930,4050,4130,4120,3880,4100
16/11/2024,4100,4030,4010,3940,4070,4150,4140,3910,4120
15/11/2024,4100,4030,4010,3940,4070,4150,4140,3910,4120
14/11/2024,4120,4050,4020,3950,4090,4170,4160,3930,4130
13/11/2024,4140,4070,4040,3970,4110,4190,4180,3950,4150
12/11/2024,4140,4070,4040,3970,4110,4190,4180,3950,4150
11/11/2024,4160,4090,4050,3980,4120,4210,4200,3960,4160
09/11/2024,4170,4100,4050,3980,4120,4220,4210,3960,4160
08/11/2024,4190,4120,4060,3990,4130,4240,4230,3970,4170
07/11/2024,4200,4130,4070,4000,4140,4250,4240,3980,4180
06/11/2024,4210,4140,4080,4010,4150,4260,4250,3990,4190
05/11/2024,4230,4150,4090,4030,4150,4270,4260,4000,4200
04/11/2024,4230,4150,4090,4030,4150,4270,4260,4000,4200
31/10/2024,4230,4150,4090,4030,4150,4270,4260,4000,4200
30/10/2024,4230,4150,4090,4030,4150,4270,4260,4000,4200
29/10/2024,4230,4150,4090,4030,4150,4270,4260,4000,4200
28/10/2024,4230,4150,4090,4030,4150,4270,4260,4000,4200
26/10/2024,4150,4090,4070,4020,4110,4200,4190,3980,4180
25/10/2024,4150,4090,4070,4020,4110,4200,4190,3980,4180
24/10/2024,4150,4090,4070,4020,4110,4200,4190,3980,4180
23/10/2024,4160,4100,4090,4040,4120,4210,4210,4000,4190
22/10/2024,4170,4110,4100,4050,4130,4220,4220,4010,4200
21/10/2024,4170,4110,4100,4050,4130,4220,4220,4010,4200
19/10/2024,4180,4120,4110,4060,4140,4230,4230,4020,4210
18/10/2024,4200,4140,4120,4070,4150,4250,4250,4030,4220
17/10/2024,4210,4150,4130,4080,4160,4260,4260,4040,4230
16/10/2024,4220,4160,4140,4090,4170,4270,4270,4050,4240
15/10/2024,4220,4160,4140,4090,4170,4270,4270,4050,4240
14/10/2024,4230,4170,4150,4100,4180,4280,4280,4060,4250
11/10/2024,4240,4180,4150,4100,4180,4290,4280,4060,4250
10/10/2024,4240,4180,4150,4100,4180,4290,4280,4060,4250
09/10/2024,4240,4180,4150,4100,4180,4290,4280,4060,4250
08/10/2024,4260,4200,4160,4110,4190,4310,4300,4070,4260
07/10/2024,4260,4200,4160,4110,4190,4310,4300,4070,4260
05/10/2024,4270,4210,4170,4120,4200,4320,4310,4080,4270
04/10/2024,4270,4210,4170,4120,4200,4320,4310,4090,4280
03/10/2024,4270,4210,4170,4120,4200,4320,4310,4090,4280
01/10/2024,4260,4200,4160,4110,4190,4310,4300,4080,4270
30/09/2024,4250,4190,4150,4100,4180,4300,4290,4070,4260
28/09/2024,4270,4210,4150,4110,4180,4300,4290,4080,4260
27/09/2024,4270,4210,4150,4110,4180,4300,4290,4080,4260
26/09/2024,4170,4120,4100,4080,4130,4210,4190,4040,4220
25/09/2024,4170,4120,4100,4080,4130,4210,4190,4040,4220
24/09/2024,4180,4130,4100,4080,4140,4220,4200,4050,4230
23/09/2024,4180,4130,4100,4080,4140,4220,4200,4050,4230
21/09/2024,4200,4150,4110,4080,4150,4240,4220,4060,4240
20/09/2024,4200,4150,4110,4080,4150,4250,4230,4060,4240
19/09/2024,4200,4150,4110,4080,4150,4250,4230,4060,4240
18/09/2024,4200,4150,4110,4080,4150,4250,4230,4060,4240
17/09/2024,4160,4110,4090,4070,4130,4210,4190,4050,4220
16/09/2024,4150,4100,4080,4060,4120,4200,4180,4040,4210
14/09/2024,4090,4040,4030,4040,4070,4140,4130,4020,4180
13/09/2024,4050,4010,4010,4030,4040,4110,4100,4020,4160
12/09/2024,4070,4030,4020,4030,4050,4130,4120,4030,4160
11/09/2024,4070,4030,4020,4030,4050,4130,4120,4030,4160
10/09/2024,4080,4040,4030,4040,4060,4140,4130,4040,4160
09/09/2024,4090,4050,4040,4040,4070,4150,4140,4050,4170
06/09/2024,4110,4070,4050,4050,4080,4170,4160,4060,4180
05/09/2024,4110,4070,4050,4050,4080,4170,4160,4060,4180
04/09/2024,4130,4090,4050,4060,4090,4190,4180,4070,4190
03/09/2024,4140,4100,4060,4070,4100,4200,4190,4080,4200
02/09/2024,4150,4100,4060,4070,4100,4210,4200,4080,4200
31/08/2024,4160,4110,4065,4080,4105,4220,4210,4085,4210
30/08/2024,4160,4110,4065,4080,4105,4220,4210,4085,4210
29/08/2024,4160,4110,4065,4080,4105,4230,4220,4085,4220
28/08/2024,4160,4110,4065,4080,4105,4230,4220,4085,4220
27/08/2024,4150,4100,4055,4070,4095,4220,4210,4075,4215
26/08/2024,4160,4110,4060,4070,4100,4230,4220,4080,4220
24/08/2024,4170,4120,4070,4080,4110,4240,4230,4080,4230
23/08/2024,4180,4130,4080,4090,4120,4250,4240,4080,4240
22/08/2024,4180,4130,4080,4090,4120,4250,4240,4080,4240
21/08/2024,4190,4140,4090,4090,4120,4260,4250,4080,4250
20/08/2024,4190,4140,4090,4090,4120,4260,4250,4080,4250
19/08/2024,4200,4150,4100,4090,4120,4270,4260,4080,4260
17/08/2024,4210,4160,4110,4100,4130,4280,4270,4090,4270
16/08/2024,4210,4160,4110,4100,4130,4280,4270,4090,4270
14/08/2024,4220,4170,4120,4110,4140,4290,4280,4100,4290
13/08/2024,4230,4180,4130,4120,4150,4300,4290,4110,4300
12/08/2024,4250,4200,4140,4120,4160,4310,4300,4110,4300
09/08/2024,4290,4240,4160,4150,4180,4350,4340,4130,4330
08/08/2024,4300,4250,4170,4160,4190,4360,4350,4140,4340
07/08/2024,4300,4250,4170,4160,4190,4360,4350,4140,4340
06/08/2024,4300,4250,4170,4160,4190,4360,4350,4140,4340
05/08/2024,4310,4260,4180,4170,4200,4370,4360,4140,4360
03/08/2024,4340,4270,4180,4170,4200,4380,4370,4140,4380
02/08/2024,4350,4280,4190,4170,4200,4390,4380,4140,4400
01/08/2024,4370,4300,4200,4180,4210,4410,4400,4150,4410
31/07/2024,4370,4300,4200,4180,4210,4410,4400,4150,4410
30/07/2024,4370,4300,4200,4180,4210,4410,4400,4150,4410
29/07/2024,4370,4300,4200,4180,4210,4410,4400,4150,4410
27/07/2024,4260,4210,4100,4060,4110,4320,4310,4020,4300
26/07/2024,4160,4120,4000,4010,4040,4220,4210,3970,4210
25/07/2024,4170,4130,4010,4020,4050,4230,4220,3980,4220
24/07/2024,4170,4130,4010,4020,4050,4230,4220,3980,4220
23/07/2024,4170,4130,4010,4020,4050,4230,4220,3980,4220
22/07/2024,4170,4130,4010,4020,4050,4230,4220,3980,4220
20/07/2024,4160,4120,4000,4010,4040,4220,4210,3980,4210
19/07/2024,4150,4110,3990,4000,4030,4210,4200,3970,4200
18/07/2024,4150,4110,3990,4000,4030,4210,4200,3970,4200
17/07/2024,4140,4100,3980,3990,4020,4200,4190,3960,4190
16/07/2024,4120,4080,3970,3980,4000,4180,4170,3950,4170
15/07/2024,4110,4070,3960,3970,3990,4170,4160,3940,4160
13/07/2024,4100,4060,3950,3970,3980,4160,4150,3930,4150
12/07/2024,4090,4050,3950,3970,3970,4150,4140,3920,4140
11/07/2024,4090,4040,3950,3970,3970,4150,4140,3920,4140
10/07/2024,4090,4040,3950,3970,3970,4150,4140,3920,4140
09/07/2024,4110,4050,3950,3980,3980,4160,4150,3930,4150
08/07/2024,4110,4050,3950,3980,3980,4160,4150,3930,4150
06/07/2024,4120,4060,3960,3990,3990,4170,4160,3930,4160
05/07/2024,4120,4060,3960,3990,3990,4170,4160,3930,4160
04/07/2024,4130,4070,3970,4000,4000,4180,4170,3940,4170
03/07/2024,4140,4080,3980,4010,4010,4190,4180,3950,4180
02/07/2024,4140,4080,3980,4010,4010,4190,4180,3950,4180
01/07/2024,4150,4090,3980,4010,4020,4200,4190,3950,4190
29/06/2024,4150,4090,3980,4010,4020,4200,4190,3950,4190
28/06/2024,4160,4100,3980,4020,4030,4210,4200,3950,4200
27/06/2024,4170,4110,3980,4030,4040,4220,4200,3960,4210
26/06/2024,4160,4100,3970,4020,4030,4210,4190,3950,4200
25/06/2024,4160,4100,3970,4020,4030,4210,4190,3950,4200
24/06/2024,4160,4100,3970,4020,4030,4210,4190,3950,4200
22/06/2024,4170,4110,3980,4030,4050,4220,4200,3960,4210
21/06/2024,4180,4120,3990,4050,4060,4220,4210,3960,4210
20/06/2024,4180,4120,3990,4050,4060,4220,4210,3960,4210
19/06/2024,4180,4130,3990,4050,4060,4220,4210,3960,4210
18/06/2024,4170,4130,3980,4040,4060,4200,4200,3950,4200
17/06/2024,4180,4140,3990,4050,4070,4200,4200,3950,4210
15/06/2024,4190,4140,3990,4050,4080,4200,4200,3950,4210
14/06/2024,4190,4140,3990,4050,4080,4200,4200,3950,4210
13/06/2024,4190,4140,3990,4050,4080,4200,4200,3950,4210
12/06/2024,4180,4140,3990,4050,4080,4190,4180,3940,4200
11/06/2024,4190,4140,3990,4060,4090,4200,4190,3950,4200
10/06/2024,4200,4150,4000,4070,4100,4200,4190,3950,4200
08/06/2024,4210,4160,4000,4080,4110,4210,4200,3950,4210
07/06/2024,4230,4180,4000,4090,4120,4230,4230,3960,4220
06/06/2024,4230,4180,4000,4090,4120,4230,4230,3960,4220
05/06/2024,4240,4190,4010,4090,4120,4240,4240,3960,4230
04/06/2024,4250,4190,4010,4090,4130,4250,4250,3960,4230
03/06/2024,4260,4190,4010,4100,4130,4260,4260,3960,4230
01/06/2024,4260,4190,4000,4100,4130,4260,4260,3960,4230
31/05/2024,4260,4190,4000,4100,4130,4260,4260,3960,4230
30/05/2024,4260,4190,4000,4100,4130,4260,4260,3960,4230
29/05/2024,4260,4190,4000,4100,4130,4260,4260,3960,4230
28/05/2024,4260,4190,4000,4100,4130,4260,4260,3960,4230
27/05/2024,4240,4170,3980,4090,4110,4240,4240,3950,4210
25/05/2024,4240,4170,3980,4090,4110,4240,4240,3950,4210
24/05/2024,4240,4170,3980,4090,4110,4240,4240,3950,4210
23/05/2024,4250,4180,3980,4090,4110,4240,4240,3950,4210
22/05/2024,4230,4150,3960,4080,4100,4240,4220,3940,4210
21/05/2024,4220,4140,3950,4080,4090,4230,4210,3930,4200
20/05/2024,4220,4140,3950,4080,4090,4230,4210,3930,4200
18/05/2024,4230,4150,3950,4090,4100,4240,4220,3940,4210
17/05/2024,4230,4150,3940,4090,4100,4240,4220,3930,4210
16/05/2024,4240,4160,3930,4100,4110,4250,4230,3940,4220
15/05/2024,4240,4160,3920,4110,4110,4250,4230,3940,4220
14/05/2024,4240,4160,3920,4110,4110,4250,4230,3940,4220
13/05/2024,4240,4160,3920,4110,4110,4250,4230,3940,4220
11/05/2024,4220,4140,3900,4100,4110,4230,4210,3930,4200
10/05/2024,4220,4140,3900,4090,4110,4230,4210,3920,4180
09/05/2024,4220,4140,3900,4090,4110,4230,4210,3920,4180
08/05/2024,4230,4140,3910,4100,4120,4240,4220,3930,4190
07/05/2024,4240,4150,3920,4110,4130,4250,4230,3940,4200
06/05/2024,4250,4160,3930,4120,4140,4260,4240,3950,4210
04/05/2024,4260,4170,3940,4130,4150,4280,4250,3960,4220
03/05/2024,4260,4170,3940,4130,4150,4280,4250,3960,4220
02/05/2024,4250,4160,3930,4130,4150,4260,4230,3950,4210
30/04/2024,4200,4120,3890,4110,4130,4220,4190,3910,4160
29/04/2024,4190,4120,3890,4110,4130,4220,4190,3910,4160
27/04/2024,4190,4120,3890,4110,4130,4220,4190,3910,4160
26/04/2024,4190,4120,3890,4110,4130,4220,4190,3910,4160
25/04/2024,4190,4120,3890,4110,4130,4220,4190,3910,4160
24/04/2024,4200,4130,3900,4120,4140,4230,4200,3920,4170
23/04/2024,4210,4140,3900,4140,4160,4240,4200,3920,4180
22/04/2024,4210,4140,3900,4140,4160,4240,4200,3920,4180
20/04/2024,4220,4140,3900,4160,4160,4240,4200,3930,4180
19/04/2024,4230,4150,3910,4170,4170,4250,4210,3940,4190
18/04/2024,4230,4150,3910,4170,4170,4240,4210,3940,4190
17/04/2024,4230,4130,3900,4160,4160,4220,4200,3930,4180
16/04/2024,4220,4120,3890,3950,4150,4210,4190,3920,4170
15/04/2024,4170,4080,3850,3920,4110,4170,4150,3900,4150
13/04/2024,4150,4070,3830,3910,4100,4150,4130,3890,4130
12/04/2024,4150,4070,3830,3910,4100,4150,4130,3890,4130
11/04/2024,4150,4070,3830,3910,4100,4150,4130,3890,4130
10/04/2024,4150,4070,3830,3910,4100,4150,4130,3890,4130
08/04/2024,4140,4060,3820,3900,4090,4140,4120,3880,4120
06/04/2024,4130,4050,3810,3890,4080,4130,4110,3870,4110
05/04/2024,4130,4050,3810,3890,4080,4130,4110,3860,4110
04/04/2024,4130,4050,3810,3890,4080,4130,4110,3850,4110
03/04/2024,4130,4050,3810,3890,4080,4130,4110,3850,4110
02/04/2024,4130,4050,3810,3890,4080,4130,4110,3850,4110
01/04/2024,4120,4040,3800,3880,4070,4120,4100,3840,4100
30/03/2024,4130,4050,3800,3880,4070,4120,4100,3840,4100
29/03/2024,4130,4050,3800,3880,4070,4120,4100,3840,4100
28/03/2024,4130,4050,3800,3880,4070,4120,4100,3840,4100
27/03/2024,4130,4050,3800,3880,4070,4120,4100,3840,4100
26/03/2024,4130,4050,3800,3880,4070,4120,4100,3840,4100
25/03/2024,4130,4050,3800,3880,4070,4120,4100,3830,4100
23/03/2024,4130,4050,3800,3880,4070,4120,4100,3830,4100
22/03/2024,4130,4060,3800,3890,4080,4120,4100,3820,4090
21/03/2024,4130,4060,3800,3890,4080,4120,4100,3810,4080
20/03/2024,4140,4070,3800,3900,4090,4130,4110,3800,4080
19/03/2024,4150,4080,3800,3900,4100,4130,4110,3790,4070
18/03/2024,4150,4080,3800,3900,4100,4130,4110,3790,4070
16/03/2024,4140,4080,3800,3900,4100,4130,4110,3780,4060
15/03/2024,4150,4090,3810,3910,4110,4140,4120,3770,4060
14/03/2024,4150,4090,3810,3900,4110,4140,4120,3760,4060
13/03/2024,4150,4090,3810,3900,4110,4140,4120,3750,4050
12/03/2024,4140,4080,3800,3890,4110,4130,4110,3740,4040
11/03/2024,4130,4070,3780,3880,4100,4120,4100,3730,4030
09/03/2024,4110,4050,3770,3860,4090,4110,4080,3710,4010
08/03/2024,4100,4040,3760,3850,4080,4100,4070,3700,4000
07/03/2024,4100,4030,3760,3840,4080,4100,4070,3690,3990
06/03/2024,4100,4020,3760,3830,4080,4100,4070,3680,3980
05/03/2024,4100,4010,3760,3820,4080,4100,4070,3670,3970
04/03/2024,4100,3990,3760,3800,4080,4100,4070,3660,3960
02/03/2024,4100,4000,3760,3800,4080,4100,4070,3650,3950
01/03/2024,4100,4010,3760,3800,4080,4100,4070,3640,3940
29/02/2024,4100,4020,3760,3800,4080,4100,4070,3630,3930
28/02/2024,4100,4030,3760,3800,4080,4100,4070,3620,3920
27/02/2024,4100,4040,3760,3800,4080,4100,4070,3610,3910
26/02/2024,4100,4050,3760,3800,4080,4100,4070,3600,3900
24/02/2024,4110,4060,3760,3790,4090,4100,4070,3590,3890
23/02/2024,4120,4070,3760,3790,4090,4100,4070,3580,3880
22/02/2024,4120,4080,3760,3790,4090,4100,4070,3570,3870
21/02/2024,4110,4090,3750,3780,4090,4090,4080,3550,3850
20/02/2024,4110,4090,3750,3770,4090,4080,4090,3540,3840
19/02/2024,4110,4090,3750,3770,4090,4080,4100,3530,3830
17/02/2024,4120,4100,3750,3780,4100,4090,4110,3520,3820
16/02/2024,4110,4110,3750,3770,4110,4090,4110,3500,3800
15/02/2024,4100,4120,3750,3770,4120,4080,4120,3490,3790
14/02/2024,4090,4130,3750,3770,4130,4080,4130,3480,3780
13/02/2024,4100,4140,3760,3780,4140,4070,4140,3470,3770
12/02/2024,4100,4150,3770,3780,4150,4080,4150,3460,3760
10/02/2024,4110,4160,3780,3780,4160,4080,4160,3450,3750
09/02/2024,4120,4170,3790,3790,4170,4080,4170,3430,3730
08/02/2024,4130,4180,3800,3790,4180,4090,4180,3420,3720
07/02/2024,4150,4200,3800,3800,4200,4100,4200,3400,3700
06/02/2024,4150,4200,3800,3800,4200,4100,4200,3400,3700
05/02/2024,4150,4200,3800,3800,4200,4100,4200,3400,3700
03/02/2024,4150,4200,3800,3800,4200,4100,4200,3400,3700
02/02/2024,4150,4200,3800,3800,4200,4100,4200,3400,3700
01/02/2024,4150,4200,3800,3800,4200,4100,4200,3400,3700
31/01/2024,4150,4200,3800,3800,4200,4100,4200,3400,3700
30/01/2024,4150,4200,3800,3800,4200,4100,4200,3400,3700
29/01/2024,4150,4200,3800,3800,4200,4100,4200,3400,3700
28/01/2024,4150,4200,3800,3800,4200,4100,4200,3400,3700
27/01/2024,4150,4200,3800,3800,4200,4100,4200,3400,3700
26/01/2024,4150,4200,3800,3800,4200,4100,4200,3400,3700
25/01/2024,4150,4200,3800,3800,4200,4100,4200,3400,3700
24/01/2024,4150,4200,3800,3800,4200,4100,4200,3400,3700
23/01/2024,4150,4200,3800,3800,4200,4100,4200,3400,3700
22/01/2024,4150,4200,3800,3800,4200,4100,4200,3400,3700
20/01/2024,4150,4200,3800,3800,4200,4100,4200,3400,3700
19/01/2024,4150,4200,3800,3800,4200,4100,4200,3400,3700
18/01/2024,4150,4200,3800,3800,4200,4100,4200,3400,3700
17/01/2024,4150,4200,3800,3800,4200,4100,4200,3400,3700
16/01/2024,4150,4200,3800,3800,4200,4100,4200,3400,3700
15/01/2024,4150,4200,3800,3800,4200,4100,4200,3400,3700
12/01/2024,4150,4200,3800,3800,4200,4100,4200,3400,3700
11/01/2024,4150,4200,3800,3800,4200,4100,4200,3400,3700
10/01/2024,4150,4200,3800,3800,4200,4100,4200,3400,3700
09/01/2024,4150,4200,3800,3800,4200,4100,4200,3400,3700
08/01/2024,4150,4200,3800,3800,4200,4100,4200,3400,3700
05/01/2024,4150,4200,3800,3800,4200,4100,4200,3400,3700
04/01/2024,4150,4200,3800,3800,4200,4100,4200,3400,3700
03/01/2024,4150,4200,3800,3800,4200,4100,4200,3400,3700
02/01/2024,4150,4200,3800,3800,4200,4100,4200,3400,3700
01/01/2024,4150,4200,3800,3800,4200,4100,4200,3400,3700
30/12/2023,4150,4200,3800,3800,4200,4100,4200,3400,3700
29/12/2023,4150,4200,3800,3800,4200,4100,4200,3400,3700
28/12/2023,4150,4200,3800,3800,4200,4100,4200,3400,3700
27/12/2023,4150,4200,3800,3800,4200,4100,4200,3400,3700
26/12/2023,4150,4200,3800,3800,4200,4100,4200,3400,3700
25/12/2023,4150,4200,3800,3800,4200,4100,4200,3400,3700
23/12/2023,4150,4200,3800,3800,4200,4100,4200,3400,3700
22/12/2023,4150,4200,3800,3800,4200,4100,4200,3400,3700
21/12/2023,4200,4200,3800,3800,4200,4100,4200,3400,3700
20/12/2023,4200,4200,3800,3800,4200,4100,4200,3400,3700
19/12/2023,4200,4200,3800,3800,4200,4100,4200,3400,3700
18/12/2023,4200,4200,3800,3800,4200,4100,4200,3400,3700
16/12/2023,4200,4200,3800,3800,4200,4100,4200,3400,3700
15/12/2023,4200,4200,3800,3800,4200,4100,4200,3400,3700
14/12/2023,4200,4200,3800,3800,4200,4100,4200,3400,3700
13/12/2023,4200,4200,3800,3800,4200,4100,4200,3400,3700
12/12/2023,4200,4200,3800,3800,4200,4100,4200,3400,3700
11/12/2023,4200,4200,3800,3800,4200,4100,4200,3400,3700
09/12/2023,4200,4200,3800,3800,4200,4100,4200,3400,3700
08/12/2023,4200,4200,3800,3800,4200,4100,4200,3400,3700
07/12/2023,4200,4200,3800,3800,4200,4100,4200,3400,3700
06/12/2023,4200,4200,3800,3800,4200,4100,4200,3400,3700
05/12/2023,4200,4200,3800,3800,4200,4100,4200,3400,3700
04/12/2023,4200,4200,3800,3800,4200,4100,4200,3400,3700
02/12/2023,4200,4200,3800,3800,4200,4100,4200,3400,3700
01/12/2023,4200,4200,3800,3800,4200,4100,4200,3400,3700
30/11/2023,4100,4200,3800,3800,4200,4100,4200,3400,3700
29/11/2023,4100,4200,3800,3800,4200,4100,4200,3400,3700
28/11/2023,4100,4200,3800,3800,4200,4100,4200,3400,3700
27/11/2023,4000,4200,3800,3800,4200,4100,4200,3400,3700
24/11/2023,4000,4200,3800,3800,4200,4100,4200,3400,3700
23/11/2023,4000,4200,3800,3800,4200,4100,4200,3400,3700
22/11/2023,4000,4200,3800,3800,4200,4100,4200,3400,3700
21/11/2023,4000,4200,3800,3800,4200,4100,4200,3400,3700
20/11/2023,4000,4200,3800,3800,4200,4100,4200,3400,3700
17/11/2022,3900,4200,3800,3800,4200,4100,4200,3400,3700
16/11/2023,3900,4200,3800,3800,4200,4100,4200,3400,3700
15/11/2023,3900,4200,3800,3800,4200,4100,4200,3400,3700
13/11/2023,3900,4200,3800,3800,4200,4100,4200,3400,3700
10/11/2023,3900,4200,3800,3800,4200,4100,4200,3400,3700
09/11/2023,3900,4200,3800,3800,4200,4100,4200,3400,3700
08/11/2023,3900,4200,3800,3800,4200,4100,4200,3400,3700
07/11/2023,3900,4200,3800,3800,4200,4100,4200,3400,3700
06/11/2023,3900,4200,3800,3800,4200,4100,4200,3400,3700
03/11/2023,3900,4200,3800,3800,4200,4100,4200,3400,3700
02/11/2023,3900,4200,3800,3800,4200,4100,4200,3400,3700
01/11/2023,3900,4200,3800,3800,4200,4100,4200,3400,3700
31/10/2023,3900,4200,3800,3800,4200,4100,4200,3400,3700
30/10/2023,3900,4200,3800,3800,4200,4100,4200,3400,3700
27/10/2023,3900,4200,3800,3800,4200,4100,4200,3400,3700
26/10/2023,3900,4200,3800,3800,4200,4100,4200,3400,3700
25/10/2023,3900,4200,3800,3800,4200,4100,4200,3400,3700
23/10/2023,3900,4200,3800,3800,4200,4100,4200,3400,3700
20/10/2023,3900,4200,3800,3800,4200,4100,4200,3400,3700
19/10/2023,3900,4200,3800,3800,4200,4100,4200,3400,3700
18/10/2023,3900,4200,3800,3800,4200,4100,4200,3400,3700
17/10/2023,3900,4200,3800,3800,4200,4100,4200,3400,3700
16/10/2023,3800,4200,3800,3800,4200,4100,4200,3400,3700
13/10/2023,3800,4200,3800,3800,4200,4100,4200,3400,3700
12/10/2023,3800,4200,3800,3800,4200,4100,4200,3400,3700
11/10/2023,3800,4200,3800,3800,4200,4100,4200,3400,3700
10/10/2023,3800,4200,3800,3800,4200,4100,4200,3400,3700
09/10/2023,3800,4200,3800,3800,4200,4100,4200,3400,3700
06/10/2023,3800,4200,3800,3800,4200,4100,4200,3400,3700
05/10/2023,3800,4200,3800,3800,4200,4100,4200,3400,3700
04/10/2023,3800,4200,3800,3800,4200,4100,4200,3400,3700
03/10/2023,3800,4200,3800,3800,4200,4100,4200,3400,3700
29/09/2023,3800,4200,3800,3800,4200,4100,4200,3400,3700
27/09/2023,3800,4200,3800,3800,4200,4100,4200,3400,3700
26/09/2023,3800,4200,3800,3800,4200,4100,4200,3400,3700
25/09/2023,3800,4200,3800,3800,4200,4100,4200,3400,3700
22/09/2023,3800,4200,3800,3800,4200,4100,4200,3400,3700
21/09/2023,3800,4200,3800,3800,4200,4100,4200,3400,3700
20/09/2023,3800,4200,3800,3800,4200,4100,4200,3400,3700
18/09/2023,3800,4200,3800,3800,4200,4100,4200,3400,3700
15/09/2023,3800,4200,3800,3800,4200,4100,4200,3400,3700
14/09/2023,3800,4200,3800,3800,4200,4100,4200,3400,3700
13/09/2023,3800,4200,3800,3800,4200,4100,4200,3400,3700
12/09/2023,3800,4200,3800,3800,4200,4100,4200,3400,3700
11/09/2023,3800,4200,3800,3800,4200,4100,4200,3400,3700
08/09/2023,3800,4200,3800,3800,4200,4100,4200,3400,3700
07/09/2023,3800,4200,3800,3800,4200,4100,4200,3400,3700
06/09/2023,3800,4200,3800,3800,4200,4100,4200,3400,3700
05/09/2023,3800,4200,3800,3800,4200,4100,4200,3400,3700
04/09/2023,3800,4200,3800,3800,4200,4100,4200,3400,3700
01/09/2023,3800,4200,3800,3800,4200,4100,4200,3400,3700
31/08/2023,3800,4200,3800,3800,4200,4100,4200,3400,3700
30/08/2023,3900,4200,NR,3700,4200,NR,4200,3400,3700
29/08/2023,3900,4200,3800,3700,4200,4100,4200,3400,3700
28/08/2023,3900,4200,3800,3700,4200,4100,4200,3400,3700
25/08/2023,3900,4200,3800,3700,4200,4100,4200,3400,3700
24/08/2023,3900,4200,3800,3700,4200,4100,4200,3400,3700
23/08/2023,3900,4000,3800,3700,4200,4100,4200,3400,3700
22/08/2023,3900,4000,3800,3700,4200,4100,4200,3400,3700
21/08/2023,3900,4000,3800,3700,4200,4100,4200,3400,3700
18/08/2023,3900,4000,NR,3700,4200,4100,4200,3400,3700
17/08/2023,3900,4000,3800,3700,4200,4100,4200,3400,3700
16/08/2023,3900,4000,3800,3700,4200,4100,4200,3400,3700
14/08/2023,3900,4000,3800,3700,4200,4100,4200,3400,3700
11/08/2023,3900,4000,3800,3700,4200,4100,4200,3400,3700
10/08/2023,3900,4000,3800,3700,4200,4100,4200,3400,3700
09/08/2023,3900,4000,3800,3700,4200,4100,4200,3400,3700
08/08/2023,3900,4000,3800,3700,4200,4100,4200,3400,3700
07/08/2023,3850,4000,3800,3700,4200,4100,4200,3400,3700
04/08/2023,3850,4000,3800,3700,4200,4100,4200,3400,3700
03/08/2023,3850,4000,3800,3700,4200,4100,4200,3400,3700
02/08/2023,3850,4000,3800,3700,4200,4100,4200,3400,3700
01/08/2023,3850,4000,3800,3700,4200,4100,4200,3400,3700
31/07/2023,3850,4000,3800,3700,4200,4100,4200,3400,3700
28/07/2023,3850,4000,3800,3700,4200,4100,4200,3400,3700
27/07/2023,3850,4000,3800,3650,4200,4100,4200,3400,3700
26/07/2023,3850,4000,3800,3650,4200,4100,4200,3400,3700
25/07/2023,3850,4000,3800,3650,4200,4100,4200,3400,3700
24/07/2023,3850,3900,3800,3650,4200,4100,4200,3400,3800
21/07/2023,3800,3900,3800,3650,4200,4050,4200,3400,3800
20/07/2023,3800,3900,3800,3650,4200,4050,4200,3400,3800
19/07/2023,3800,3900,3800,3650,4060,4050,4200,3400,3800
18/07/2023,3800,3900,3800,3650,4060,4050,4200,3400,3800
17/07/2023,3800,3900,3800,3650,4060,4000,4200,3400,3800
14/07/2023,3800,3900,3800,3650,4060,4000,4200,3400,3800
13/07/2023,3800,3900,3800,3650,4060,4000,4200,3400,3800
12/07/2023,3800,3900,3600,3650,4060,4000,4200,3400,3800
11/07/2023,3800,3900,3600,3650,4060,4000,4200,3400,3800
10/07/2023,3800,3900,3600,3650,4060,4000,4200,3400,3800
07/07/2023,3800,3900,NR,3650,4060,4000,4200,3400,3800
06/07/2023,3800,3900,3600,3650,4060,4000,4200,3400,3800
05/07/2023,3800,3900,3600,3650,4060,4000,4200,3400,3800
04/07/2023,3800,3900,3600,3650,4060,4000,4200,3400,3800
03/07/2023,3800,3900,3600,3650,4060,4000,4200,3400,3800
30/06/2023,3800,3900,3600,3650,4060,4000,4200,3400,3800
28/06/2023,3800,3900,3600,3650,4060,4000,4000,3400,3800
27/06/2023,3800,3900,3600,3650,4060,4000,4000,3400,3800
26/06/2023,3800,3900,3600,3650,4060,3950,4000,3400,3800
23/06/2023,3800,3900,3600,3650,4000,3950,4000,3400,3800
22/06/2023,3800,3900,3600,3650,4000,3950,4000,3400,3800
21/06/2023,3800,3900,3600,3650,4000,3950,4000,3400,3800
20/06/2023,3800,3900,3600,3650,4000,NR,4000,3400,3800
19/06/2023,3800,3900,3600,3650,4000,3950,4000,3400,3800
16/06/2023,3800,3900,3600,3650,4000,3950,4000,3400,3800
15/06/2023,3800,3900,3600,3600,4000,3950,4000,3400,3600
14/06/2023,3750,3900,3600,3600,4000,3950,4000,3400,3500
13/06/2023,3750,3900,3600,3600,4000,3950,4000,3400,3500
12/06/2023,3750,3900,3600,3600,4000,3950,4000,3400,3500
09/06/2023,3750,3900,3600,3600,4000,3950,4000,3400,3500
08/06/2023,3750,3900,3600,3600,4000,3950,4000,3400,3500
07/06/2023,3750,3900,3600,3600,4000,3950,4000,3400,3500
06/06/2023,3750,3900,3600,3600,4000,3950,4000,3400,3500
05/06/2023,3750,3900,3600,3600,4000,3950,4000,3400,3500
02/06/2023,3750,3900,3600,3600,4000,3950,4000,3400,3500
01/06/2023,3750,3900,3600,3600,4000,3950,3900,3400,3500
31/05/2023,3750,3900,3600,3600,4100,3950,3900,3400,3500
30/05/2023,3750,3800,3600,3600,4000,3950,3900,3400,3600
29/05/2023,3750,3900,3600,3600,4000,3950,3900,3400,3600
26/05/2023,3750,3900,3600,3600,4000,3950,3900,3400,3600
25/05/2023,3750,3900,3600,3600,4060,3950,3900,3400,3600
24/05/2023,3700,3900,3600,3500,4060,3950,3900,3400,3600
23/05/2023,3700,3900,3600,3500,4060,3950,3900,3400,3600
22/05/2023,3700,3900,NR,3500,4060,3950,3900,3400,3600
19/05/2023,3700,3900,3600,3630,4060,3950,3900,3400,3600
18/05/2023,3700,3900,3600,3630,4100,3950,3900,3400,3600
17/05/2023,3750,3900,3600,3630,4060,3950,3900,3400,3600
16/05/2023,3750,3900,3600,3630,4060,3950,3900,3400,3600
15/05/2023,3750,3900,3600,3630,4060,3950,3900,3400,3600
12/05/2023,3750,3900,3600,3630,4060,3950,3900,3400,3600
11/05/2023,3750,3900,3600,3630,4060,3950,3900,3400,3600
10/05/2023,3750,3900,3600,3630,4060,4000,3900,3400,3600
09/05/2023,3750,3900,3600,3630,4060,NR,3900,3400,3600
08/05/2023,3750,3800,3600,3630,4060,3950,3900,3400,3600
05/05/2023,3750,3900,3600,3630,4060,NR,3900,3400,3600
04/05/2023,3750,3900,3600,3630,4060,3950,3900,3400,3600
03/05/2023,3750,3900,3600,3630,4040,3900,3900,3400,3600
02/05/2023,3800,3900,3600,3630,4040,3950,3900,3400,3600
28/04/2023,3800,3900,3600,3630,4100,4000,3900,3400,3800
27/04/2023,3800,3900,3600,3630,4100,4000,3900,3400,3800
26/04/2023,3800,3900,3600,3630,4100,4000,3960,3400,3800
25/04/2023,3800,3900,3600,3630,4100,4000,3900,3400,3800
24/04/2023,3800,3900,3600,3630,4080,4000,3900,3400,3800
21/04/2023,3800,3900,3600,3630,4080,NR,3900,3400,3800
20/04/2023,3800,3900,3600,3630,4080,4000,3900,3400,3800
19/04/2023,3800,3900,3600,3630,4080,4000,3900,3400,3800
18/04/2023,3800,3900,3600,3575,4080,4000,3900,3400,3800
17/04/2023,3800,3900,3600,3575,4080,4000,3900,3400,3800
14/04/2023,3800,3900,NR,3500,4000,NR,3900,3400,3800
13/04/2023,3800,3900,3600,3500,4000,4000,3900,3400,3800
12/04/2023,3800,3900,3600,3500,4000,3950,3900,3400,3800
11/04/2023,3800,3900,3600,3500,4000,3950,3900,3400,3800
10/04/2023,3800,3900,3600,3500,4000,3950,3900,3400,3800
07/04/2023,3800,3900,3600,3500,NR,4000,3900,3400,3800
06/04/2023,3800,3900,3600,3500,4000,3950,3960,3400,3800
05/04/2023,3800,3900,3600,3500,4000,3950,3900,3400,3800
04/04/2023,3800,3900,NR,3500,4000,3900,3900,3400,3800
03/04/2023,3800,3900,NR,3500,4000,NR,3900,3400,3800
31/03/2023,3800,3900,3600,3500,4000,3900,3900,3400,3800
30/03/2023,3700,3900,NR,3500,NR,3850,3900,3400,3800
29/03/2023,3700,3900,3600,3500,3860,3850,3900,3400,3800
28/03/2023,3700,3900,3600,3500,3860,3850,3900,3400,3800
27/03/2023,3700,3900,NR,3500,3860,3850,4000,3400,3800
24/03/2023,3700,3900,3600,3500,3860,3850,4000,3400,3800
23/03/2023,3700,3900,3600,3500,3850,3850,4000,3400,3800
21/03/2023,3700,3900,3600,3500,3850,3850,4000,3400,3700
20/03/2023,3700,3900,3600,3500,3850,3850,4000,3400,3700
17/03/2023,3700,3900,3600,3500,3850,3850,4000,3400,3700
16/03/2023,3800,3900,3600,3500,3850,3850,4000,3400,3700
15/03/2023,3800,3900,NR,3500,3850,3850,4000,3400,3700
14/03/2023,3800,3900,3600,3500,3850,3850,4100,3400,3700
13/03/2023,3800,3900,3600,3500,3850,3900,4100,3400,3700
10/03/2023,3800,3900,3600,3500,3850,3900,4100,3400,3700
09/03/2023,3800,3900,3600,3500,3850,3900,4100,3400,3700
08/03/2023,3800,NR,NR,3500,NR,NR,4100,3400,3700
07/03/2023,3800,3900,NR,3500,3850,NR,4100,3400,3750
06/03/2023,3800,3900,3600,3500,3850,3900,4100,3400,3750
03/03/2023,3800,3900,3600,3500,3860,3900,4100,3400,3750
02/03/2023,3800,3900,3600,3500,3860,3900,4100,3400,3750
01/03/2023,3800,3900,3600,3500,3860,3900,4100,3400,3750
28/02/2023,3800,3900,NR,3500,3860,3850,4100,3400,3750
27/02/2023,3800,3900,3600,3500,3860,3850,4100,3400,3750
24/02/2023,3800,3900,NR,3500,3860,3800,4100,3400,3750
23/02/2023,3800,3900,NR,3500,3860,3800,4100,3400,3750
22/02/2023,3800,3900,3600,3500,3860,3750,4100,3400,3750
21/02/2023,3800,3900,3600,3500,3860,3750,4100,3400,3750
20/02/2023,3800,3900,NR,3500,3860,3800,4100,3400,3750
17/02/2023,3800,3900,3600,3500,3860,3800,4100,3400,3750
16/02/2023,3800,3900,3600,3500,3860,3800,4100,3400,3750
15/02/2023,3800,3900,3600,3500,3860,3800,4100,3400,3850
14/02/2023,3800,3900,3600,3500,3860,NR,4100,3400,3850
13/02/2022,3800,3900,3600,3500,3860,NR,4100,3400,3850
10/02/2022,3800,3900,3600,3500,3860,3750,4100,3400,3850
09/02/2022,3800,3900,3600,3500,3920,3750,4100,3400,3850
08/02/2023,3800,3900,3600,3500,3920,3750,4100,3400,3850
07/02/2023,3800,3900,3600,3500,3920,3750,4100,3400,3850
06/02/2023,3800,3900,3600,3500,3920,3750,4100,3400,3850
03/02/2023,3800,3900,3600,3500,3860,3750,4100,3400,3850
02/02/2023,3800,3900,3600,3500,3860,3750,4100,3400,3750
01/02/2022,3800,3900,3600,3500,3860,3750,4100,3400,3750
31/01/2023,3800,3900,3600,3500,3860,3770,4100,3400,3750
30/01/2023,3800,3900,3600,3500,3860,3770,4100,3400,3750
27/01/2023,3800,3900,3600,3500,3860,3770,4100,3400,3750
25/01/2023,3800,3900,3600,3500,3860,3770,4100,3400,3750
24/01/2023,3800,3900,3600,3500,3860,3770,4100,3400,3750
23/01/2023,3800,3900,3600,3466,3860,3760,4100,3400,3750
20/01/2023,3800,3900,NR,3466,3900,3760,4100,3400,3750
19/01/2023,3800,3900,3600,3466,3900,3750,4100,3400,3750
18/01/2023,3800,3900,3600,3466,3900,3750,4100,3400,3750
17/01/2023,3800,3900,3600,3466,3900,3750,4100,3400,3750
16/01/2023,3800,3900,3600,3466,3900,3750,4100,3400,3750
13/01/2023,3800,3900,3600,3550,3900,3800,4100,3400,3750
12/01/2023,3800,3900,3600,3550,3900,3800,4100,3400,3750
11/01/2023,3800,3900,3600,3550,3900,3800,4100,3400,3750
10/01/2023,3800,3900,3600,3550,3900,3800,4100,3400,3650
09/01/2023,3800,3900,3600,3550,3920,3800,4100,3400,3650
06/01/2023,3800,3900,3600,3500,3920,3800,4100,3400,3650
05/01/2023,3800,3900,3600,3500,3920,3800,4100,3400,3650
04/01/2023,3800,3900,3600,3500,3950,3810,4100,3400,3650
03/01/2023,3800,3900,3600,3500,3950,3810,4100,3400,3650
02/01/2023,3800,3900,3600,3500,3950,3810,4100,3400,3650
30/12/2022,3800,3900,3600,3532,3950,3810,4100,3400,3650
29/12/2022,3800,3900,3600,3532,3950,3810,4100,3400,3650
28/12/2022,3800,3900,3600,3532,3950,3810,4100,3400,3650
27/12/2022,3800,3900,3600,3532,3950,3810,4100,3400,3700
26/12/2022,3800,3900,3600,3532,3950,3870,4100,3400,3700
23/12/2022,3800,3900,3800,3532,4100,3870,4100,3400,3700
22/12/2022,3800,3900,3800,3532,4100,3870,4100,3400,3700
21/12/2022,3800,3900,3800,3532,4100,3870,4100,3400,3700
20/12/2022,3800,3900,3800,3539,4100,3870,4100,3400,3700
19/12/2022,3800,3900,3800,3562,4100,3850,4100,3400,3700
16/12/2022,3800,3900,3800,3562,4100,3850,4100,3400,3900
15/12/2022,3800,3900,3800,3562,4100,3850,4100,3400,3900
14/12/2022,3800,3900,3800,3562,3950,3850,4100,3400,3900
13/12/2022,3840,3900,3800,3562,3950,3850,4100,3400,3900
12/12/2022,3840,3900,3800,3562,3950,3850,4100,3400,3900
09/12/2022,3800,3900,3700,3562,3950,3950,4100,3400,3900
08/12/2022,3800,3900,3700,3562,4000,3950,4100,3400,3900
07/12/2022,3750,3900,3800,3562,4000,3950,4100,3400,3900
06/12/2022,3750,3900,3800,3562,4000,3950,4100,3400,3900
05/12/2022,3750,3900,3800,3577,4000,3950,4100,3400,3900
02/12/2022,3750,3900,3800,3577,4000,3950,4100,3400,3900
01/12/2022,3750,3900,3800,3577,4000,3940,4100,3400,3900
30/11/2022,3750,3900,3800,3577,4000,3940,4100,3400,3900
29/11/2022,3750,3900,NR,3577,4000,3940,4100,3400,3900
28/11/2022,3750,3900,3800,3577,4000,3940,4100,3400,3900
25/11/2022,3750,3900,3800,3577,4000,3940,4100,3400,3900
24/11/2022,3750,3900,3800,3577,4000,3940,4100,3400,3800
23/11/2022,3750,3900,3800,3577,4000,3940,4100,3400,3800
22/11/2022,3750,3900,3800,3564,4000,3940,4100,3400,3800
21/11/2022,3750,3900,3800,3564,4000,3940,4100,3400,3800
18/11/2022,3750,3900,3800,3564,4000,3930,4100,3400,3800
17/11/2022,3750,3900,3800,3564,4000,3930,4100,3400,3800
16/11/2022,3750,3900,3800,3564,4000,3930,4100,3400,3800
15/11/2022,3750,3900,3800,3564,4000,NR,4100,3400,3800
14/11/2022,3800,3900,3800,3546,4000,3930,4100,3400,3800
11/11/2022,3800,3900,3700,3546,4000,3930,4100,3400,3800
10/11/2022,3800,3900,3700,3546,4000,3930,3900,3400,3800
09/11/2022,3800,3900,3700,3546,4000,3900,3900,3400,3800
08/11/2022,3800,3900,3700,3546,4000,NR,3900,3400,3800
07/11/2022,3800,3900,3700,3546,4000,3900,3900,3400,3800
04/11/2022,3800,3900,3800,3546,4000,3880,3900,3400,3800
03/11/2022,3800,3900,3800,3546,4000,3880,3900,3400,3800
02/11/2022,3800,3900,3800,3555,4020,3880,3900,3400,3800
01/11/2022,3800,3900,3800,3555,4020,3880,3900,3400,3800
31/10/2022,3900,3900,3800,3555,4020,3880,3900,3400,3800
28/10/2022,3900,3900,3900,3555,4020,3880,3900,3400,3800
27/10/2022,3900,3900,3900,3555,4020,NR,3900,3400,3800
25/10/2022,3900,3900,NR,3555,3980,3900,3900,3400,3800
21/10/2022,3900,3900,3900,3546,3980,3900,3900,3400,3800
20/10/2022,3900,3900,3900,3546,3980,3900,3900,3400,3800
19/10/2022,3900,3900,NR,3546,3980,3900,3900,3400,3800
18/10/2022,3900,3900,3900,3546,3980,3900,3900,3400,3800
17/10/2022,3900,3900,3900,3546,3980,3900,3900,3400,3800
14/10/2022,3800,3900,4000,3546,3980,3900,3900,3600,3800
13/10/2022,3800,3900,4000,3557,3980,3900,3900,3600,3800
12/10/2022,3800,3900,4000,3557,3980,3920,3900,3600,3800
11/10/2022,3800,3900,4000,3557,3980,3920,3900,3600,3800
10/10/2022,3800,3900,4000,3557,3980,3920,3900,3600,3800
07/10/2022,3800,3900,4000,3562,3980,3920,3900,3600,3800
06/10/2022,3800,3900,3900,3562,3980,3920,3900,3600,3800
05/10/2022,3800,3900,NR,NR,NR,NR,3900,3600,3800
04/10/2022,3800,3900,3900,3562,NR,NR,3900,3600,3800
03/10/2022,3800,3900,3900,3562,3980,3920,3900,3600,3800
30/09/2022,3800,3900,3900,3585,3980,3920,3900,3600,3800
29/09/2022,3800,3900,3900,3585,3980,3920,3900,3600,3800
28/09/2022,3800,3900,3900,3585,3980,3920,3900,3600,3800
27/09/2022,3800,3900,3900,3585,3980,3920,3900,3600,3800
26/09/2022,3800,3900,3900,3585,NR,3920,3900,3600,3800
23/09/2022,3800,3900,3900,3585,3960,3920,3900,3600,3800
22/09/2022,3800,3900,3900,3585,3960,3920,3900,3600,3800
21/09/2022,3800,3900,3900,3585,3960,3920,3900,3600,3800
20/09/2022,3800,3900,3900,3585,3960,3920,3900,3600,3800
19/09/2022,3800,3900,3900,3592,3960,3920,3900,3600,3800
16/09/2022,3800,3900,3900,3592,3980,3930,3900,3600,3800
15/09/2022,3800,3900,3900,3592,3980,3930,3900,3600,3800
14/09/2022,3800,3900,3900,3592,3980,3930,3900,3600,3800
13/09/2022,3800,3900,3900,3592,3980,3930,3900,3600,3800
12/09/2022,3800,3900,3900,3592,3980,3930,3900,3600,3800
10/09/2022,3800,3900,4000,NR,4000,3900,3900,3600,3800
09/09/2022,3800,3900,4000,NR,4000,3900,3900,3600,3800
08/09/2022,3800,3900,4000,3592,4000,3900,3900,3600,3800
07/09/2022,3800,3900,4000,3562,4000,3900,3900,3600,3800
06/09/2022,3800,3900,4000,3562,NR,3900,3900,3600,3800
05/09/2022,3800,3900,4000,3562,4000,3900,3900,3600,3800
02/09/2022,3800,3900,4000,3562,4000,3900,3900,3600,3800
01/09/2022,3800,3900,4000,3562,4000,3900,3900,3600,3800
30/08/2022,3900,3800,4000,3562,4000,3900,3900,3600,3800
29/08/2022,3900,3800,4000,3562,4000,3900,3900,3600,3800
26/08/2022,3900,3800,4000,3562,4050,3900,3900,NR,3800
25/08/2022,3850,3800,3900,3562,4050,3900,3900,NR,3700
24/08/2022,3800,3800,3900,3562,4050,3900,3900,3600,3750
23/08/2022,3800,3800,3900,3562,4050,3900,3900,3600,3750
22/08/2022,3800,3800,3900,3562,4050,3900,3900,3600,3750
19/08/2022,3800,3800,3900,NR,NR,NR,3900,3600,3750
18/08/2022,3800,3800,3900,3562,4050,3900,3900,3600,3750
17/08/2022,3800,3800,3800,3562,4050,3900,3900,3600,3750
16/08/2022,3800,3800,3800,NR,4050,3900,3900,3600,3750
12/08/2022,3800,3800,3800,3562,4000,3860,3900,3600,3700
10/08/2022,3800,3800,3800,3562,4000,3860,3900,3600,3680
09/08/2022,NR,3800,NR,NR,NR,NR,3900,3600,3680
08/08/2022,3800,3800,3800,3562,4000,3860,3900,3600,3680
05/08/2022,3800,3800,3800,3562,4000,3860,3900,3600,3680
04/08/2022,3800,3800,3700,3562,4000,3810,3900,3600,3680
03/08/2022,3700,3800,3700,3562,4000,3810,3900,3600,3680
02/08/2022,3700,3800,3700,3467,4000,3810,3900,3600,3700
01/08/2022,3700,3900,3700,3467,4000,3810,3900,3600,3700
29/07/2022,3700,3900,3700,3467,4000,3810,3900,3600,3700
28/07/2022,3700,3900,NR,NR,4000,3810,3900,3600,3700
27/07/2022,3700,3900,3700,3482,4000,3810,3900,3600,3700
26/07/2022,3700,3900,3700,3467,4000,3810,3900,3600,3700
25/07/2022,3700,3800,3700,3467,4000,3810,3900,3600,3700
22/07/2022,3700,NR,3700,3467,4000,3810,3900,3600,3700
21/07/2022,3700,3800,3700,3467,4000,3810,3900,3600,3700
20/07/2022,3700,3800,3700,3467,4000,3810,3900,3600,3820
19/07/2022,3700,3800,3700,3469,4000,3810,3900,3600,3820
18/07/2022,3700,3800,3700,3469,4000,3810,3900,3600,3820
15/07/2022,3700,3800,3700,3469,4000,3800,3900,3600,3820
14/07/2022,3650,3800,3700,3469,4000,3800,3900,3600,3820
13/07/2022,3650,3800,3700,3469,4000,3800,3900,3600,3820
12/07/2022,3650,3800,3700,3469,4000,3800,3900,3600,3750
11/07/2022,3650,3800,3700,3458,4000,3800,3900,3600,3700
08/07/2022,3650,3800,3700,3458,4000,3800,3900,3600,3700
07/07/2022,3650,3800,3700,3458,4000,3800,3900,3600,3700
06/07/2022,3650,3800,3700,3458,4000,3800,3900,3600,3700
05/07/2022,3650,3800,3700,3358,4000,3800,3900,3600,3800
04/07/2022,3650,3800,3700,3462,4000,3800,3900,3600,3800
01/07/2022,3720,3800,3700,3462,4000,3800,3900,3600,3800
30/06/2022,3700,NR,3700,3462,NR,3800,3900,3600,3800
29/06/2022,3700,3800,3700,3462,4000,3800,3900,3600,3800
28/06/2022,3700,3800,3700,3462,4000,3820,3900,3600,3800
27/06/2022,3700,3800,3700,3472,4000,3820,3900,3600,3800
24/06/2022,3700,3800,3750,3472,4000,3820,3900,3600,3800
23/06/2022,3700,3800,3750,3472,4000,3820,3900,3600,3800
22/06/2022,3700,3800,3750,3472,4000,3820,3900,3600,3800
21/06/2022,3700,3800,3750,3476,4000,3820,3900,3600,3800
17/06/2022,3700,3800,3750,3536,4000,3820,3900,3600,3800
16/06/2022,3700,3800,3750,3536,4000,3820,3900,3600,3800
15/06/2022,3680,3800,3750,3536,4000,3820,3900,3600,3800
14/06/2022,3680,3800,3750,3536,4000,3820,3900,3600,3800
13/06/2022,3680,3800,3750,3536,4000,3820,3900,3600,3800
10/06/2022,3680,3800,3750,3536,4000,3820,3900,3600,3800
09/06/2022,3680,3800,3750,3536,4000,3820,3900,3600,3900
08/06/2022,3680,3800,3750,3536,4000,3820,3900,3600,3900
07/06/2022,3700,3800,3750,3536,4000,3820,3900,3600,3900
06/06/2022,3700,3800,3750,3537,4000,3820,3900,3600,3800
03/06/2022,3700,3800,NR,3537,4000,3820,3900,3600,3800
02/06/2022,3700,3800,3750,3537,4000,3820,3900,3600,3800
01/06/2022,3650,3800,3750,3537,4000,3800,3900,3600,3800
31/05/2022,3650,3800,3750,3557,4000,3800,3900,3600,3800
30/05/2022,3650,3800,3750,3557,4000,3800,3900,3600,3800
27/05/2022,3650,3800,3750,3557,4000,3780,3900,3600,3800
26/05/2022,3650,3800,3750,3557,4000,3780,3900,3600,3800
25/05/2022,3680,3800,3750,3557,4000,3780,3900,3600,3800
24/05/2022,3680,3800,NR,3557,4000,3780,3900,3600,3800
23/05/2022,3700,3800,3750,3557,4000,3780,3900,3600,3800
20/05/2022,3700,3800,3750,3557,3900,3780,3900,3600,3800
19/05/2022,3700,3800,3750,3557,3900,3780,3900,3600,3800
18/05/2022,3740,3800,3750,3557,3900,3780,3900,3600,3800
17/05/2022,3740,3800,3750,3557,NR,3780,3900,3600,3800
16/05/2022,3740,3800,NR,NR,NR,3780,3900,3600,3800
13/05/2022,3740,3800,3750,3557,3900,3780,3900,3600,3800
12/05/2022,3740,3800,3750,3557,3900,3780,3900,3600,3800
11/05/2022,3740,3800,NR,3557,3900,3780,3900,3600,3800
10/05/2022,3740,3800,3750,3557,3900,3780,3900,3600,3800
09/05/2022,3740,NR,3750,3557,3900,3780,3900,3600,3800
06/05/2022,3740,3800,3750,3532,3900,3790,3900,3600,3800
05/05/2022,3740,3800,3750,3532,3900,3790,3900,3600,3800
04/05/2022,3740,3800,NR,3532,3900,3790,3900,NR,3800
03/05/2022,3740,3800,3750,NR,NR,3790,NR,NR,3800
02/05/2022,3740,3800,3750,3532,3900,3790,3900,3600,3800
29/04/2022,3740,3800,NR,3532,3900,3790,3900,3600,3700
28/04/2022,3690,3800,3750,3532,3900,3790,3900,3600,3700
27/04/2022,3690,3800,3750,3532,3900,3790,3900,3600,3700
26/04/2022,3700,3800,NR,3532,3900,3790,3900,3600,3700
25/04/2022,3700,3800,NR,3532,3900,3790,3900,3600,3700
22/04/2022,3700,3800,3750,3532,3880,3780,3900,3600,3700
21/04/2022,3650,3800,NR,3532,3880,3780,NR,3600,3700
20/04/2022,3650,3800,3750,3532,3880,3780,3900,3600,3700
19/04/2022,3700,3800,3750,NR,3880,3780,3900,3600,3700
18/04/2022,3700,3800,3750,3541,3880,3780,3900,3600,3700
15/04/2022,3700,3800,NR,NR,NR,3750,NR,NR,3700
14/04/2022,3700,3800,3750,NR,NR,3750,NR,NR,3700
13/04/2022,3700,3800,3750,3541,3880,3750,3900,3600,3700
12/04/2022,3700,3800,3750,3541,3850,3750,3900,3600,3700
11/04/2022,3700,3800,3750,3541,3850,3750,3900,3600,3600
07/04/2022,3680,3800,3750,3472,3850,3750,3900,3600,3600
06/04/2022,3680,3800,3750,3472,3850,3750,3900,3600,3600
05/04/2022,3680,3800,3800,3472,3850,3750,3900,NR,3600
04/04/2022,3680,3800,3800,3472,NR,3720,3900,3600,3600
01/04/2022,3650,3800,3800,3472,3850,3720,3900,3600,3600
31/03/2022,3650,3900,3800,3472,3850,3720,3900,3600,3600
30/03/2022,3650,4000,3800,3472,3850,3720,3900,3600,3600
29/03/2022,3660,4000,NR,3472,3850,3720,3900,3600,3650
28/03/2022,3660,4000,NR,3472,3850,3720,3900,3600,3650
25/03/2022,3680,4000,NR,3358,3850,3720,3900,3600,3650
24/03/2022,3680,4000,NR,3392,3850,3720,3900,3600,3650
23/03/2022,3680,4000,NR,NR,3850,3720,3900,3600,3650
22/03/2022,3680,4000,NR,3392,3850,3720,3900,3600,3650
21/03/2022,3680,4000,NR,3392,3850,3720,3900,3600,3600
17/03/2022,3720,4000,NR,3392,NR,3690,3900,3600,3600
16/03/2022,3720,4000,NR,3392,3850,3690,3900,3600,3600
15/03/2022,3720,4000,NR,3392,3850,3690,3900,3600,3600
14/03/2022,3720,4000,3800,3392,3850,3690,3900,3600,3600
12/03/2022,3720,NR,NR,NR,3850,3690,3900,NR,3600
11/03/2022,3720,4000,3800,3392,3850,3690,3900,3600,3600
10/03/2022,3720,NR,NR,NR,3850,3690,3900,NR,3600
09/03/2022,3700,4000,NR,3392,3800,3690,3900,3600,3600
08/03/2022,3700,4000,3800,3392,3800,3690,3900,3600,3600
07/03/2022,3700,4000,3800,NR,3800,3690,3900,3600,3600
05/02/2022,3700,3800,4000,NR,3800,3690,3900,3600,3600
04/02/2022,3700,4000,3800,3392,3800,3690,3900,3600,3600
03/02/2022,3700,4000,NR,3382,3800,3690,3900,3600,3600
02/03/2022,3700,4000,NR,3382,3800,3690,3900,3600,3600
01/03/2022,3700,4000,NR,NR,NR,3690,3900,NR,3600
28/02/2022,3700,4000,3800,3382,3800,3690,3900,3600,3600
26/02/2022,3700,4000,NR,NR,3800,3690,NR,3600,3600
25/02/2022,3700,4000,3800,3392,3800,3690,4000,3600,3600
24/02/2022,3700,4000,3800,3392,3800,3690,4100,3600,3600
23/02/2022,3680,4000,3800,3392,3800,3690,4100,3600,3700
22/02/2022,3680,4000,NR,3362,3800,3690,4100,3600,3700
21/02/2022,3680,4000,NR,3362,3800,3680,4100,3600,3700
19/02/2022,3680,NR,NR,NR,3800,3680,4000,3600,3700
18/02/2022,3680,4000,NR,3362,3800,3680,4000,3600,3700
17/02/2022,3680,NR,NR,3382,3800,3680,4000,3600,3700
16/02/2022,3680,4000,NR,3372,NR,3680,4000,3600,3700
15/02/2022,3680,NR,NR,NR,3800,3680,NR,3600,3700
14/02/2022,3660,4000,NR,3372,3800,3680,4000,3600,3700
12/02/2022,3660,4000,NR,NR,3800,3680,NR,3600,3700
11/02/2022,3660,4000,3800,3372,NR,3680,4000,3600,3700
10/02/2022,3660,4000,NR,NR,3800,3680,4000,3600,3600
09/02/2022,3660,4000,3800,3372,3800,3680,4100,3600,3600
08/02/2022,3660,4000,3800,3412,3800,3680,4100,3600,3700
07/02/2022,3680,4000,NR,3412,3900,3720,4100,3600,3700
05/02/2022,3680,4000,NR,NR,NR,3720,4100,3600,3700
04/02/2022,3680,4000,NR,3402,3900,3720,4100,3600,3700
03/02/2022,3680,4000,NR,3402,3900,3720,4100,3600,3700
02/02/2022,3680,NR,3800,3402,3900,3720,4100,3600,3700
01/02/2022,3680,4000,3800,3402,3900,3720,4100,3600,3700
31/01/2022,3680,4000,3800,3402,3900,3730,NR,3600,NR
29/01/2022,3680,4000,3800,NR,3900,3730,4100,3600,3700
28/01/2022,3680,4000,NR,3402,3900,3730,4100,3600,3700
27/01/2022,3680,4000,NR,3402,3900,3730,4100,3600,3700
25/01/2022,3700,4000,NR,3452,3900,3760,4100,3600,3700
24/01/2022,3700,4000,NR,3452,3900,3760,4100,3600,3700
22/01/2022,3700,4000,NR,NR,3900,3810,NR,3600,3700
21/01/2022,3700,4000,NR,3452,3900,3810,4100,3600,3700
20/01/2022,3700,4000,NR,3452,3900,3810,4100,3600,3700
19/01/2022,3700,4000,3800,3452,3900,3810,4100,3600,3700
18/01/2022,3700,4000,NR,NR,3900,3810,4100,3600,3700
17/01/2022,3700,4000,NR,3452,3900,3860,4100,3600,3700
15/01/2022,3680,4000,NR,NR,3900,3860,NR,NR,3700
14/01/2022,3680,4000,NR,3452,NR,3860,NR,NR,3700
13/01/2022,3680,4000,NR,3452,NR,3860,4100,3600,NR
12/01/2022,3680,NR,3800,3452,3900,3860,4100,3600,3700
11/01/2022,3680,4000,NR,3452,3900,3860,4100,NR,3700
10/01/2022,3680,4000,NR,3452,3900,3860,4100,3600,3700
08/01/2022,3860,4000,NR,NR,3900,3860,4100,NR,3800
07/01/2022,3680,4000,NR,3462,3900,3860,4100,3600,3800
06/01/2022,3680,4000,3800,3462,3900,3860,4100,3600,3800
05/01/2022,3680,4000,NR,3462,3900,3860,4100,3600,3800
04/01/2022,3680,4000,NR,3462,3900,3860,4100,NR,3800
03/01/2022,3650,NR,3800,3492,3900,3860,4100,NR,3700
01/01/2022,3650,NR,NR,NR,NR,3860,4100,NR,3700
31/12/2021,3650,4000,NR,3492,3900,3860,4100,3600,3700
30/12/2021,3700,NR,NR,3482,3900,3860,4100,3600,3700
29/12/2021,3700,4000,NR,3472,3900,3860,4100,3600,3700
28/12/2021,3750,NR,NR,NR,3900,3860,4100,3600,3800
27/12/2021,3750,4000,NR,3482,3900,3890,4100,3600,3800
25/12/2021,3750,4000,NR,NR,NR,3890,NR,NR,3800
24/12/2021,3750,4000,NR,3482,4100,3890,4100,3600,3800
23/12/2021,3750,4000,NR,3482,3900,3890,4100,3600,3800
22/12/2021,3800,NR,NR,3482,3900,3800,4100,3600,3800
21/12/2021,3780,4000,NR,3482,3900,3800,4100,3600,3800
20/12/2021,3780,4000,NR,3482,3900,3800,4100,3600,3800
18/12/2021,3780,4000,NR,NR,4000,3800,4100,3700,3700
17/12/2021,3780,4000,NR,3482,4000,3800,4100,3700,3700
16/12/2021,3780,4000,NR,3482,4000,3800,4100,3700,3700
15/12/2021,3780,NR,NR,3482,4000,3800,4100,3700,3700
14/12/2021,3780,NR,NR,3482,4000,3800,4100,3700,3700
13/12/2021,3780,4000,NR,NR,4000,3800,4100,NR,3700
11/12/2021,3780,NR,NR,NR,4000,3950,4100,NR,3650
10/12/2021,3780,4000,NR,3462,4000,3950,4100,NR,3650
09/12/2021,3780,4000,3600,3462,4000,3950,4100,NR,3700
08/12/2021,3800,4000,3800,3462,4000,3950,4100,NR,3700
07/12/2021,3800,4000,NR,3462,4000,3950,4100,3700,3700
06/12/2021,3800,4000,3800,3462,4000,3950,4100,3700,3700
04/12/2021,3800,4000,3800,NR,4000,3950,4100,3600,3700
03/12/2021,3800,4000,3800,3462,4000,3950,4100,3600,3700
02/12/2021,3800,4000,NR,3462,4000,3950,4100,3600,3700
01/12/2021,3800,4000,NR,3462,4000,3950,4100,3600,3700
30/11/2021,3750,4000,NR,3462,4000,3950,4100,3600,3700
29/11/2021,3750,4000,NR,3462,4000,3950,4100,3800,3700
27/11/2021,3800,4000,3800,NR,4100,3950,4100,3600,3700
26/11/2021,3800,4000,NR,3476,4100,3950,4100,3800,3700
25/11/2021,3800,4000,NR,3476,4100,3950,4100,3800,3800
24/11/2021,3820,NR,NR,3476,4100,3950,4100,3800,3800
23/11/2021,3820,4000,NR,3482,4100,3950,4100,3800,3800
22/11/2021,3820,4000,NR,3612,4100,3950,4100,3800,3800
20/11/2021,3840,4000,NR,NR,4100,3950,4100,NR,3800
19/11/2021,3840,NR,NR,NR,NR,3950,4100,NR,3800
18/11/2021,3840,NR,NR,3612,4100,3950,4100,3800,3800
17/11/2021,3840,4000,3790,3612,4100,3950,4100,3800,3800
16/11/2021,3840,4000,3790,3612,4100,3950,4100,3800,3850
15/11/2021,3840,4000,3790,3612,NR,3950,4100,3800,3850
13/11/2021,3840,4000,NR,NR,4100,3950,NR,NR,3850
12/11/2021,3840,4000,3850,3612,4100,3950,4100,3800,3850
11/11/2021,3840,4000,3850,3612,NR,3950,4100,3800,3850
10/11/2021,3870,4000,NR,3602,NR,3950,4100,3800,3850
09/11/2021,3870,4000,3800,3602,4100,3950,4100,3800,3900
08/11/2021,3870,4000,NR,3602,4100,3950,4100,3800,3900
06/11/2021,3840,4000,NR,NR,NR,3950,NR,3800,3900
05/11/2021,3840,4000,NR,NR,NR,3950,4100,3800,3900
03/11/2021,3840,4000,NR,3602,4100,3950,4100,3800,3900
02/11/2021,3840,4000,NR,3602,4100,3950,4100,3800,3900
01/11/2021,3840,4000,NR,3602,4100,3950,4100,3800,3900
30/10/2021,3860,4000,3850,NR,4100,3950,4100,3800,3900
29/10/2021,3860,4000,3850,3602,4100,3950,4100,3800,3900
28/10/2021,3860,4000,3850,3602,4100,3950,4100,3800,3900
27/10/2021,3860,4000,3850,3602,4100,3950,4100,3800,NR
27/10/2021,3860,4000,3850,3602,4100,3950,4100,3800,NR
26/10/2021,3860,4000,NR,3602,4100,3950,4100,3800,3900
25/10/2021,3840,NR,3800,3602,4100,3950,4100,3800,3900
23/10/2021,3840,3400,3800,NR,4100,3950,NR,NR,3900
21/10/2021,3840,3400,NR,3672,4100,3950,4100,NR,3900
20/10/2021,3820,3400,3800,3672,4100,3950,4100,3800,3950
19/10/2021,3820,3400,3800,NR,NR,3950,4100,NR,3950
18/10/2021,NR,3400,3800,3672,4100,3950,NR,3800,3950
16/10/2021,3820,3400,NR,NR,4100,3950,4100,NR,3950
14/10/2021,NR,3400,NR,3652,NR,3950,NR,NR,3950
13/10/2021,3820,3400,3800,3652,NR,3950,NR,3800,3950
12/10/2021,3820,3400,NR,3672,NR,3950,4100,NR,3900
11/11/2021,3800,3400,NR,NR,4100,3950,4100,3800,3900
09/10/2021,3800,3400,NR,NR,4100,3950,NR,NR,3900
08/10/2021,3800,3400,3800,3672,4100,3950,4100,3800,3900
07/10/2021,3800,3400,3800,3672,NR,3950,4100,4100,3800
06/10/2021,3800,3400,NR,3672,4100,3950,4100,NR,3900
05/10/2021,3800,3900,NR,3672,4100,3950,4000,3500,3900
04/10/2021,3800,3900,NR,3672,4100,3950,3900,3800,3900
02/10/2021,3800,3900,3800,NR,NR,3950,NR,NR,3900
01/10/2021,3800,3900,3800,3652,4100,3950,3800,3800,3900
30/09/2021,3800,3900,3800,3652,4100,3950,3800,3800,3900
29/09/2021,3780,3900,3800,3672,4100,3950,3800,NR,3900
28/09/2021,3780,3900,3800,3672,4100,3950,3800,NR,3900
27/09/2021,3780,3900,3800,3672,4100,3900,3800,NR,3900
25/09/2021,3760,3900,3800,NR,4100,3850,NR,3800,3900
24/09/2021,3760,3900,3800,3672,4100,3850,3800,3600,3900
23/09/2021,3760,3900,3800,3672,4100,3850,3800,3600,3900
22/09/2021,3760,3900,3800,3662,NR,3850,3800,3600,3900
21/09/2021,3760,3900,3800,3662,4050,3850,3800,NR,3900
20/09/2021,3800,3900,3800,3662,4050,3850,3800,NR,3900
18/09/2021,3800,3900,NR,NR,4050,3850,3800,3800,3900
17/09/2021,3800,3900,NR,3662,NR,3850,NR,NR,3900
16/09/2021,3760,3900,NR,3642,4050,3850,3800,NR,3900
15/09/2021,3760,3900,NR,3652,4050,3850,3800,3600,3900
14/09/2021,3750,3900,NR,3652,4050,3850,3800,3600,3900
13/09/2021,3750,3900,NR,3782,4000,3850,3800,3600,3900
11/09/2021,3750,3900,NR,NR,4000,3850,NR,NR,3900
10/09/2021,3750,3900,NR,NR,NR,3850,3800,NR,3900
09/09/2021,3750,3900,NR,3646,4000,3850,3800,NR,3900
08/09/2021,3750,3900,NR,3646,4000,3850,NR,3600,3900
07/09/2021,3780,3900,3800,3642,4000,3850,3800,3600,3900
06/09/2021,3780,3900,3800,3562,4000,3850,3800,NR,3900
04/09/2021,3760,3900,NR,NR,3950,3850,3800,3600,NR
03/09/2021,3760,3900,NR,3562,3950,3850,3800,3600,3900
02/09/2021,3760,3900,NR,3562,3950,3850,3800,3600,3900
01/09/2021,3760,3900,NR,3562,3950,3850,3800,3600,3900
31/08/2021,3680,3900,NR,NR,3950,3850,3800,NR,NR
30/08/2021,3680,3900,3600,3562,NR,3850,3800,3600,NR
28/08/2021,3680,3900,NR,NR,3950,3850,NR,3400,3820
27/08/2021,3680,3900,NR,3592,3950,3850,3900,3400,3820
26/08/2021,3700,NR,NR,3592,3950,3850,3900,3400,3820
25/08/2021,3700,3900,NR,3592,3950,3850,3900,NR,3740
24/08/2021,3700,3900,3900,3580,3950,3850,3900,3400,3740
23/08/2021,3700,3900,3900,3500,3950,3850,3700,3400,3740
21/08/2021,3700,3900,3900,NR,3800,3480,3800,3400,3740
20/08/2021,3700,NR,3900,3500,NR,3480,3800,NR,3740
19/08/2021,3700,3900,3900,NR,3800,3480,3800,3400,3740
18/08/2021,3700,3900,3900,3382,3800,3480,3700,3400,3540
17/08/2021,3700,3900,3900,3342,3800,3480,3700,NR,3540
16/08/2021,3580,3900,3900,NR,3800,3480,3700,NR,3540
14/08/2021,3580,3900,3900,NR,3800,3480,NR,NR,3540
13/08/2021,3580,3900,3900,3342,3800,3480,3700,3400,3540
12/08/2021,3540,3900,3900,3342,3800,3480,3700,3400,3540
11/08/2021,3540,3900,3900,3342,3800,3480,3700,3400,3500
10/08/2021,3540,3900,3900,3322,3750,3480,3700,3400,3500
09/08/2021,3540,3900,3900,3322,NR,3480,3700,3400,3500
07/08/2021,3540,3900,3900,NR,3750,3480,3700,3400,NR
06/08/2021,3500,3900,NR,NR,3750,3480,3700,3400,3500
05/08/2021,3500,NR,NR,3332,3680,3480,3700,3400,3500
04/08/2021,3500,3900,NR,3282,3680,3480,3700,3400,3500
03/08/2021,3500,3900,NR,3282,3680,3480,3700,3400,3460
02/08/2021,3450,3900,NR,3242,3680,3480,3700,NR,3460
31/07/2021,3450,3900,NR,NR,3680,3480,3650,3400,NR
30/07/2021,3450,3900,NR,3232,3680,3480,3650,3400,NR
29/07/2021,3450,3900,NR,3232,3680,3480,3650,3400,3460
28/07/2021,3440,3900,3900,3232,3680,3480,3650,NR,3460
27/07/2021,3440,3900,3900,3232,3680,3480,3650,3400,3460
26/07/2021,3440,3900,3900,3232,3680,3480,3650,NR,3460
24/07/2021,3440,3900,3900,NR,3680,3480,NR,3400,3460
23/07/2021,3440,3900,3900,3232,3680,3480,3650,3400,3460
22/07/2021,3440,3900,3900,3232,3680,3480,3650,3400,3460
21/07/2021,3470,3900,3900,NR,NR,3480,3650,NR,3460
20/07/2021,3470,3900,3900,NR,3680,3480,3650,NR,3460
19/07/2021,3470,3900,3900,3232,3680,3480,3650,NR,3460
16/07/2021,3460,3900,3900,3232,3680,3480,3650,NR,3460
15/07/2021,3460,3900,3900,3232,3680,3480,3650,3400,3460
14/07/2021,3450,3900,3900,3232,3680,3480,3650,3400,3460
13/07/2021,3450,3900,3900,3232,3680,3480,3650,NR,3460
12/07/2021,3450,3900,3900,3226,NR,3520,3650,NR,3460
10/07/2021,3450,3900,3900,NR,3680,3520,3700,NR,NR
09/07/2021,3450,3900,3900,3226,3680,3520,3700,NR,NR
Date,Delhi,Kanpur,Raipur,Mumbai,Ranchi,Kolkata,Guwahati,Hyderabad,Chennai
31/1/2026,4380,4410,4070,4100,4280,4380,4390,4080,4380
30/1/2026,4340,4380,4040,4040,4240,4340,4350,4050,4340
29/1/2026,4340,4380,4040,4020,4240,4320,4340,4030,4320
28/1/2026,4340,4380,4040,4020,4240,4320,4340,4030,4320
27/1/2026,4350,4380,4050,4040,4240,4320,4340,4040,4320
24/1/2026,4350,4380,4050,4040,4240,4300,4320,4030,4300
23/1/2026,4350,4380,4050,4040,4240,4300,4320,4030,4300
22/1/2026,4350,4380,4050,4060,4240,4300,4320,4040,4300
21/1/2026,4350,4380,4050,4060,4240,4300,4320,4040,4300
20/1/2026,4300,4340,4020,4020,4200,4260,4260,4000,4250
19/1/2026,4290,4320,4020,4020,4200,4250,4260,4000,4250
17/1/2026,4260,4300,4000,3990,4180,4220,4230,3980,4220
16/1/2026,4260,4300,4000,3980,4180,4220,4230,3980,4220
15/1/2026,4260,4300,4000,3980,4180,4220,4230,3980,4220
14/1/2026,4260,4300,4000,3980,4180,4220,4230,3980,4220
13/1/2026,4260,4300,4000,3980,4180,4220,4230,3980,4220
12/1/2026,4260,4300,4000,3980,4180,4220,4230,3980,4220
10/1/2026,4280,4320,4020,4000,4200,4240,4250,4000,4250
9/1/2026,4280,4320,4020,4000,4200,4240,4250,4000,4250
8/1/2026,4280,4320,4020,4000,4200,4240,4250,4000,4250
7/1/2026,4280,4320,4020,4000,4200,4240,4250,4000,4250
6/1/2026,4280,4300,4020,4000,4200,4240,4250,4000,4250
5/1/2026,4280,4300,4020,4000,4200,4240,4250,4000,4250
3/1/2026,4280,4300,4020,4000,4200,4250,4260,4000,4260
2/1/2026,4290,4310,4020,4000,4200,4250,4270,4000,4260
1/1/2026,4290,4310,4040,4020,4220,4280,4300,4020,4300
31/12/2025,4290,4310,4040,4020,4220,4280,4300,4020,4300
30/12/2025,4290,4310,4040,4020,4220,4280,4300,4020,4300
29/12/2025,4290,4310,4040,4020,4220,4280,4300,4020,4300
27/12/2025,4300,4320,4060,4020,4240,4280,4300,4020,4300
26/12/2025,4300,4320,4060,4020,4240,4280,4300,4020,4300
25/12/2025,4300,4320,4060,4020,4240,4280,4300,4020,4300
24/12/2025,4300,4320,4060,4020,4240,4280,4300,4020,4300
23/12/2025,4280,4300,4080,4000,4240,4280,4300,4020,4300
22/12/2025,4280,4300,4100,4000,4240,4280,4300,4020,4320
20/12/2025,4280,4300,4100,4000,4240,4280,4300,4020,4320
19/12/2025,4280,4300,4100,4000,4240,4280,4300,4020,4320
18/12/2025,4280,4300,4100,4000,4250,4300,4320,4030,4320
17/12/2025,4280,4300,4100,4000,4250,4300,4320,4040,4320
16/12/2025,4280,4300,4100,4000,4250,4300,4320,4040,4320
15/12/2025,4280,4300,4120,4000,4250,4300,4320,4040,4320
13/12/2025,4300,4300,4160,4020,4250,4330,4340,4050,4340
12/12/2025,4320,4300,4200,4020,4280,4330,4340,4070,4350
11/12/2025,4320,4300,4200,4020,4280,4330,4340,4070,4350
10/12/2025,4340,4320,4200,4050,4280,4340,4350,4080,4380
09/12/2025,4350,4320,4200,4050,4300,4350,4360,4080,4380
08/12/2025,4350,4320,4200,4070,4320,4370,4380,4080,4380
06/12/2025,4360,4340,4220,4080,4340,4380,4400,4080,4380
05/12/2025,4360,4340,4220,4080,4340,4380,4400,4080,4380
04/12/2025,4360,4340,4250,4080,4340,4380,4400,4080,4380
03/12/2025,4360,4340,4250,4080,4340,4380,4400,4080,4380
02/12/2025,4360,4340,4250,4080,4340,4400,4420,4080,4380
01/12/2025,4360,4340,4250,4080,4340,4400,4420,4080,4380
29/11/2025,4360,4340,4250,4080,4340,4400,4420,4080,4380
28/11/2025,4360,4340,4300,4090,4340,4400,4420,4100,4400
27/11/2025,4360,4340,4300,4100,4340,4400,4420,4110,4400
26/11/2025,4360,4340,4300,4100,4340,4400,4420,4110,4400
25/11/2025,4360,4340,4300,4120,4340,4400,4420,4160,4400
24/11/2025,4360,4320,4300,4120,4340,4400,4420,4160,4400
22/11/2025,4360,4320,4300,4120,4340,4400,4420,4160,4400
21/11/2025,4360,4320,4300,4120,4340,4400,4420,4160,4400
20/11/2025,4340,4300,4300,4100,4340,4400,4420,4160,4400
19/11/2025,4320,4280,4300,4100,4340,4400,4420,4160,4400
18/11/2025,4320,4280,4300,4120,4340,4400,4420,4180,4400
17/11/2025,4320,4280,4300,4120,4340,4400,4420,4180,4400
15/11/2025,4320,4280,4300,4120,4340,4400,4420,4180,4400
14/11/2025,4320,4280,4300,4120,4340,4400,4420,4180,4400
13/11/2025,4320,4280,4300,4120,4340,4400,4420,4200,4400
12/11/2025,4320,4280,4300,4120,4340,4400,4420,4200,4400
11/11/2025,4320,4280,4300,4120,4340,4400,4420,4200,4400
10/11/2025,4320,4280,4300,4120,4340,4400,4420,4200,4400
07/11/2025,4320,4280,4300,4120,4340,4380,4400,4200,4400
06/11/2025,4320,4280,4300,4120,4340,4350,4360,4200,4380
05/11/2025,4320,4280,4300,4100,4340,4340,4360,4180,4380
04/11/2025,4300,4250,4280,4080,4340,4300,4320,4170,4380
03/11/2025,4300,4250,4280,4080,4340,4300,4320,4170,4380
01/11/2025,4300,4250,4280,4080,4340,4300,4320,4170,4380
31/10/2025,4300,4250,4280,4080,4340,4300,4320,4170,4380
30/10/2025,4300,4250,4280,4080,4340,4300,4320,4170,4380
29/10/2025,4300,4250,4280,4080,4340,4300,4320,4170,4380
28/10/2025,4300,4250,4280,4080,4340,4300,4320,4170,4380
27/10/2025,4300,4250,4280,4080,4340,4300,4320,4170,4380
25/10/2025,4300,4260,4280,4100,4350,4320,4340,4180,4400
24/10/2025,4320,4270,4280,4120,4360,4320,4340,4200,4420
23/10/2025,4340,4300,4300,4160,4400,4360,4380,4220,4440
20/10/2025,4340,4300,4300,4160,4400,4360,4380,4220,4440
18/10/2025,4340,4300,4300,4160,4400,4360,4380,4220,4440
17/10/2025,4340,4300,4300,4160,4400,4360,4380,4220,4440
16/10/2025,4340,4300,4300,4160,4400,4360,4380,4220,4440
15/10/2025,4330,4300,4300,4150,4400,4350,4370,4220,4440
14/10/2025,4350,4310,4310,4170,4410,4370,4390,4230,4450
13/10/2025,4360,4320,4320,4180,4420,4380,4400,4230,4450
11/10/2025,4360,4320,4320,4180,4420,4380,4400,4230,4450
10/10/2025,4370,4320,4320,4180,4430,4390,4410,4230,4460
09/10/2025,4370,4320,4320,4180,4430,4390,4410,4230,4460
08/10/2025,4380,4330,4320,4180,4430,4410,4430,4230,4470
07/10/2025,4390,4340,4320,4180,4430,4410,4430,4230,4470
06/10/2025,4400,4350,4340,4200,4450,4420,4440,4240,4480
04/10/2025,4400,4350,4340,4200,4450,4420,4440,4240,4480
03/10/2025,4400,4350,4340,4200,4450,4420,4440,4240,4500
01/10/2025,4400,4350,4350,4220,4450,4420,4440,4250,4520
30/09/2025,4400,4350,4350,4220,4450,4420,4440,4250,4520
29/09/2025,4400,4350,4350,4220,4450,4420,4440,4250,4520
27/09/2025,4400,4350,4330,4220,4320,4420,4440,4250,4520
26/09/2025,4400,4350,4330,4220,4320,4420,4440,4250,4520
25/09/2025,4400,4350,4330,4220,4320,4420,4440,4250,4530
24/09/2025,4400,4350,4330,4220,4320,4420,4440,4250,4530
23/09/2025,4400,4350,4330,4220,4320,4420,4440,4250,4530
22/09/2025,4400,4350,4330,4220,4320,4420,4440,4250,4530
20/09/2025,4400,4350,4330,4240,4340,4430,4450,4260,4540
19/09/2025,4400,4350,4330,4240,4340,4430,4450,4260,4540
18/09/2025,4400,4350,4330,4240,4340,4430,4450,4270,4550
17/09/2025,4390,4350,4320,4220,4320,4420,4440,4250,4520
16/09/2025,4390,4350,4320,4240,4320,4420,4440,4250,4520
15/09/2025,4390,4350,4320,4240,4320,4420,4440,4250,4520
13/09/2025,4400,4360,4330,4250,4330,4430,4450,4250,4520
12/09/2025,4400,4360,4330,4250,4330,4430,4450,4250,4520
11/09/2025,4400,4360,4330,4250,4330,4430,4450,4250,4520
10/09/2025,4400,4360,4330,4250,4330,4430,4450,4250,4520
09/09/2025,4400,4360,4330,4250,4330,4430,4450,4250,4520
08/09/2025,4380,4360,4330,4240,4320,4420,4440,4240,4500
06/09/2025,4380,4360,4330,4240,4320,4420,4440,4240,4500
05/09/2025,4380,4360,4330,4240,4320,4420,4440,4240,4500
04/09/2025,4380,4360,4330,4250,4330,4420,4440,4250,4500
03/09/2025,4390,4370,4350,4260,4340,4430,4440,4270,4470
02/09/2025,4390,4370,4350,4260,4340,4430,4440,4270,4470
01/09/2025,4390,4370,4350,4260,4340,4430,4440,4270,4470
30/08/2025,4390,4370,4350,4260,4340,4430,4440,4270,4470
29/08/2025,4390,4370,4350,4260,4340,4430,4440,4270,4470
28/08/2025,4400,4380,4360,4280,4350,4440,4450,4280,4480
26/08/2025,4400,4380,4360,4280,4350,4440,4450,4280,4480
25/08/2025,4400,4380,4360,4280,4350,4440,4450,4280,4480
23/08/2025,4400,4380,4360,4280,4350,4440,4450,4280,4480
22/08/2025,4400,4380,4360,4280,4350,4440,4450,4280,4480
21/08/2025,4400,4380,4360,4270,4350,4440,4450,4280,4480
20/08/2025,4400,4380,4350,4280,4350,4460,4460,4290,4480
19/08/2025,4400,4380,4350,4280,4350,4460,4460,4290,4480
18/08/2025,4400,4380,4350,4260,4350,4460,4460,4280,4480
16/08/2025,4400,4380,4350,4230,4350,4460,4460,4240,4480
14/08/2025,4400,4380,4350,4230,4350,4460,4460,4240,4480
13/08/2025,4400,4380,4350,4230,4350,4460,4460,4240,4480
12/08/2025,4400,4380,4350,4230,4350,4460,4460,4240,4480
11/08/2025,4400,4380,4320,4230,4350,4460,4460,4240,4480
09/08/2025,4400,4380,4300,4230,4300,4460,4460,4240,4480
08/08/2025,4400,4380,4280,4240,4300,4480,4480,4250,4500
07/08/2025,4400,4380,4280,4240,4300,4480,4480,4250,4500
06/08/2025,4400,4380,4280,4240,4300,4480,4480,4250,4500
05/08/2025,4400,4380,4280,4240,4300,4480,4480,4250,4500
04/08/2025,4400,4380,4280,4240,4300,4480,4480,4250,4500
02/08/2025,4400,4370,4260,4240,4270,4480,4480,4240,4500
01/08/2025,4400,4370,4260,4240,4270,4480,4480,4240,4500
31/07/2025,4400,4370,4260,4240,4270,4480,4480,4240,4500
30/07/2025,4380,4340,4220,4180,4220,4450,4450,4180,4500
29/07/2025,4350,4320,4180,4160,4180,4400,4410,4150,4460
28/07/2025,4320,4300,4160,4140,4160,4370,4380,4130,4440
26/07/2025,4320,4300,4160,4140,4160,4370,4380,4130,4440
25/07/2025,4320,4300,4160,4140,4160,4370,4380,4130,4440
24/07/2025,4300,4275,4150,4120,4160,4350,4360,4120,4420
23/07/2025,4300,4275,4150,4120,4160,4350,4360,4120,4420
22/07/2025,4300,4275,4150,4120,4160,4350,4360,4120,4420
21/07/2025,4300,4275,4150,4120,4160,4350,4360,4120,4420
19/07/2025,4300,4275,4150,4120,4160,4350,4360,4120,4420
18/07/2025,4300,4275,4150,4120,4160,4350,4360,4120,4420
17/07/2025,4300,4275,4150,4120,4160,4350,4360,4120,4420
16/07/2025,4320,4300,4170,4140,4180,4350,4360,4120,4420
15/07/2025,4340,4320,4200,4160,4200,4350,4360,4120,4420
14/07/2025,4340,4320,4200,4160,4200,4350,4360,4120,4420
12/07/2025,4340,4320,4200,4160,4200,4350,4360,4120,4420
11/07/2025,4340,4320,4200,4160,4200,4350,4360,4120,4420
10/07/2025,4340,4320,4200,4160,4200,4350,4360,4120,4420
09/07/2025,4340,4320,4200,4160,4200,4350,4360,4120,4420
08/07/2025,4340,4320,4200,4160,4200,4350,4360,4120,4420
07/07/2025,4340,4320,4200,4160,4200,4350,4360,4120,4420
05/07/2025,4340,4320,4200,4160,4200,4350,4360,4120,4420
04/07/2025,4340,4320,4200,4160,4200,4350,4360,4120,4420
03/07/2025,4350,4320,4220,4160,4220,4360,4370,4130,4440
02/07/2025,4350,4320,4220,4160,4220,4360,4370,4130,4440
01/07/2025,4350,4320,4220,4160,4220,4360,4370,4130,4440
30/06/2025,4350,4320,4220,4150,4220,4360,4370,4130,4440
28/06/2025,4350,4320,4220,4150,4220,4360,4370,4130,4440
27/06/2025,4350,4320,4220,4150,4220,4360,4370,4130,4440
26/06/2025,4320,4300,4200,4120,4200,4340,4350,4100,4400
25/06/2025,4300,4280,4180,4100,4180,4320,4330,4100,4380
24/06/2025,4300,4280,4180,4100,4180,4320,4330,4100,4380
23/06/2025,4300,4280,4180,4100,4180,4320,4330,4100,4380
21/06/2025,4330,4310,4200,4120,4200,4340,4360,4110,4400
20/06/2025,4330,4310,4200,4120,4200,4340,4360,4110,4400
19/06/2025,4340,4320,4200,4120,4200,4350,4370,4120,4400
18/06/2025,4340,4320,4200,4120,4200,4350,4370,4120,4400
17/06/2025,4340,4320,4200,4120,4200,4350,4370,4120,4400
16/06/2025,4340,4320,4200,4120,4200,4350,4370,4120,4400
14/06/2025,4320,4300,4200,4120,4200,4330,4350,4120,4400
13/06/2025,4320,4300,4200,4120,4200,4330,4350,4120,4400
12/06/2025,4310,4300,4200,4120,4200,4330,4350,4120,4400
11/06/2025,4320,4310,4200,4120,4200,4340,4350,4130,4420
10/06/2025,4320,4310,4200,4120,4200,4340,4350,4130,4420
09/06/2025,4320,4310,4200,4120,4200,4340,4350,4130,4420
07/06/2025,4330,4320,4200,4140,4200,4350,4360,4140,4420
06/06/2025,4330,4320,4200,4140,4200,4350,4360,4140,4420
05/06/2025,4330,4320,4190,4150,4190,4340,4350,4150,4420
04/06/2025,4340,4330,4200,4170,4190,4350,4360,4180,4420
03/06/2025,4350,4340,4200,4180,4210,4360,4370,4200,4430
02/06/2025,4350,4340,4200,4180,4210,4360,4370,4200,4430
31/05/2025,4360,4340,4200,4180,4220,4370,4380,4210,4430
30/05/2025,4360,4340,4200,4180,4220,4370,4380,4210,4430
29/05/2025,4360,4340,4200,4180,4220,4370,4380,4210,4430
28/05/2025,4360,4340,4200,4180,4220,4370,4380,4210,4430
27/05/2025,4360,4340,4200,4180,4220,4370,4380,4210,4430
26/05/2025,4360,4340,4200,4180,4220,4370,4380,4210,4430
24/05/2025,4360,4340,4200,4180,4220,4370,4380,4210,4430
23/05/2025,4360,4340,4200,4180,4220,4370,4380,4210,4430
22/05/2025,4360,4340,4200,4180,4220,4370,4380,4210,4430
21/05/2025,4360,4340,4200,4200,4220,4370,4380,4200,4420
20/05/2025,4360,4340,4200,4190,4220,4370,4380,4200,4420
19/05/2025,4360,4340,4200,4180,4220,4370,4380,4200,4420
17/05/2025,4380,4340,4200,4180,4230,4370,4380,4200,4420
16/05/2025,4380,4340,4200,4200,4240,4370,4380,4200,4420
15/05/2025,4380,4340,4200,4200,4240,4370,4380,4200,4420
14/05/2025,4380,4340,4220,4200,4240,4370,4380,4200,4420
13/05/2025,4400,4350,4240,4200,4260,4380,4390,4210,4420
12/05/2025,4400,4350,4240,4200,4260,4380,4390,4210,4420
10/05/2025,4400,4350,4240,4200,4260,4380,4390,4220,4420
09/05/2025,4400,4350,4240,4200,4260,4380,4390,4220,4420
08/05/2025,4400,4350,4240,4200,4260,4380,4390,4220,4420
07/05/2025,4400,4350,4240,4200,4260,4380,4390,4220,4420
06/05/2025,4400,4350,4240,4200,4260,4380,4390,4220,4410
05/05/2025,4400,4350,4240,4180,4260,4375,4390,4200,4400
03/05/2025,4400,4360,4250,4180,4270,4380,4390,4200,4400
02/05/2025,4400,4360,4250,4180,4270,4380,4390,4200,4400
30/04/2025,4380,4340,4260,4180,4280,4370,4380,4190,4400
29/04/2025,4370,4330,4260,4180,4280,4360,4380,4190,4400
28/04/2025,4370,4330,4270,4180,4290,4370,4380,4200,4400
26/04/2025,4350,4310,4250,4160,4270,4340,4360,4180,4380
25/04/2025,4360,4320,4250,4160,4270,4350,4370,4180,4380
24/04/2025,4360,4320,4250,4160,4270,4350,4370,4180,4380
23/04/2025,4370,4330,4250,4160,4270,4350,4370,4180,4380
22/04/2025,4380,4330,4250,4170,4280,4360,4380,4180,4380
21/04/2025,4390,4340,4250,4180,4290,4360,4380,4190,4390
19/04/2025,4390,4340,4250,4180,4290,4360,4380,4190,4390
18/04/2025,4390,4340,4250,4180,4290,4360,4380,4190,4390
17/04/2025,4390,4340,4250,4180,4290,4360,4380,4190,4390
16/04/2025,4390,4340,4260,4190,4290,4370,4390,4190,4390
15/04/2025,4390,4340,4260,4190,4290,4370,4390,4190,4390
14/04/2025,4380,4320,4250,4180,4280,4360,4380,4180,4380
12/04/2025,4380,4320,4250,4180,4280,4360,4380,4180,4380
11/04/2025,4370,4300,4220,4180,4280,4360,4380,4180,4380
10/04/2025,4370,4300,4220,4180,4280,4360,4380,4180,4380
09/04/2025,4370,4300,4220,4180,4280,4360,4380,4180,4380
08/04/2025,4370,4300,4220,4180,4280,4360,4380,4180,4380
07/04/2025,4380,4300,4225,4180,4280,4360,4380,4180,4380
05/04/2025,4400,4310,4240,4190,4300,4380,4400,4190,4390
04/04/2025,4410,4320,4250,4190,4300,4390,4400,4200,4400
03/04/2025,4400,4320,4260,4190,4300,4390,4410,4210,4400
02/04/2025,4400,4320,4280,4190,4300,4400,4420,4210,4400
01/04/2025,4390,4290,4300,4200,4300,4400,4420,4220,4400
31/03/2025,4380,4280,4300,4200,4300,4400,4420,4220,4400
29/03/2025,4380,4280,4320,4200,4300,4400,4420,4220,4400
28/03/2025,4380,4280,4320,4200,4300,4400,4420,4220,4400
27/03/2025,4350,4260,4320,4160,4280,4380,4410,4200,4390
26/03/2025,4360,4270,4340,4140,4280,4380,4410,4220,4400
25/03/2025,4340,4250,4325,4130,4260,4360,4400,4210,4400
24/03/2025,4340,4250,4325,4130,4260,4360,4400,4210,4400
22/03/2025,4350,4260,4325,4130,4280,4380,4420,4210,4400
21/03/2025,4350,4260,4325,4130,4280,4380,4420,4210,4400
20/03/2025,4350,4260,4325,4130,4280,4380,4420,4210,4400
19/03/2025,4350,4260,4325,4130,4280,4380,4420,4210,4400
18/03/2025,4350,4260,4325,4130,4280,4380,4420,4210,4400
17/03/2025,4350,4260,4325,4130,4280,4380,4420,4210,4400
15/03/2025,4350,4260,4325,4130,4280,4380,4420,4210,4400
14/03/2025,4360,4270,4325,4150,4290,4400,4450,4210,4400
13/03/2025,4360,4270,4325,4150,4290,4400,4450,4210,4400
12/03/2025,4360,4270,4325,4150,4290,4400,4450,4210,4400
11/03/2025,4360,4270,4325,4150,4290,4420,4450,4200,4400
10/03/2025,4360,4270,4325,4150,4290,4420,4450,4200,4400
08/03/2025,4370,4280,4325,4170,4290,4450,4470,4200,4400
07/03/2025,4390,4300,4340,4180,4290,4480,4490,4200,4400
06/03/2025,4400,4320,4340,4180,4300,4490,4500,4210,4400
05/03/2025,4400,4330,4340,4200,4300,4500,4500,4210,4420
04/03/2025,4400,4330,4340,4240,4340,4480,4480,4210,4420
03/03/2025,4420,4340,4340,4240,4340,4490,4480,4210,4420
01/03/2025,4430,4350,4340,4240,4340,4490,4480,4210,4420
28/02/2025,4410,4330,4320,4220,4320,4470,4460,4190,4400
27/02/2025,4390,4310,4310,4210,4300,4450,4440,4170,4380
26/02/2025,4390,4310,4310,4210,4300,4450,4440,4170,4380
25/02/2025,4340,4260,4270,4190,4270,4400,4390,4150,4350
24/02/2025,4340,4260,4270,4190,4270,4400,4390,4150,4350
22/02/2025,4360,4280,4290,4200,4290,4420,4410,4160,4370
21/02/2025,4360,4280,4290,4200,4290,4420,4410,4160,4370
20/02/2025,4330,4260,4260,4180,4260,4380,4370,4130,4340
19/02/2025,4290,4220,4230,4150,4220,4340,4330,4090,4310
18/02/2025,4290,4220,4230,4150,4220,4340,4330,4090,4310
17/02/2025,4310,4240,4240,4150,4230,4360,4350,4090,4310
15/02/2025,4340,4270,4270,4170,4260,4390,4380,4110,4340
14/02/2025,4370,4290,4290,4190,4280,4420,4410,4130,4360
13/02/2025,4400,4310,4310,4210,4300,4450,4440,4150,4380
12/02/2025,4430,4350,4340,4240,4320,4490,4480,4180,4410
11/02/2025,4430,4350,4340,4240,4320,4490,4480,4180,4410
10/02/2025,4450,4370,4350,4250,4330,4510,4500,4190,4430
08/02/2025,4470,4400,4370,4270,4350,4540,4530,4210,4460
07/02/2025,4470,4400,4370,4270,4350,4540,4530,4210,4460
06/02/2025,4450,4380,4350,4250,4330,4520,4510,4190,4450
05/02/2025,4450,4380,4350,4250,4330,4520,4510,4190,4450
04/02/2025,4450,4380,4340,4200,4320,4520,4510,4160,4450
03/02/2025,4450,4390,4320,4150,4300,4510,4500,4120,4440
01/02/2025,4450,4390,4320,4150,4300,4510,4500,4120,4440
31/01/2025,4330,4270,4240,4060,4220,4380,4370,4000,4350
30/01/2025,4330,4270,4240,4060,4220,4380,4370,4000,4350
29/01/2025,4320,4260,4230,4050,4210,4370,4360,3990,4340
28/01/2025,4300,4240,4210,4020,4190,4350,4340,3970,4310
27/01/2025,4290,4230,4190,4000,4170,4340,4330,3960,4290
25/01/2025,4290,4230,4190,4000,4170,4340,4330,3960,4290
24/01/2025,4290,4230,4190,4000,4170,4340,4330,3960,4290
23/01/2025,4300,4240,4200,4010,4180,4350,4340,3970,4300
22/01/2025,4310,4250,4210,4020,4190,4360,4350,3980,4310
21/01/2025,4310,4250,4210,4020,4190,4360,4350,3980,4310
20/01/2025,4310,4250,4210,4010,4180,4360,4350,3970,4310
18/01/2025,4250,4190,4130,3960,4110,4300,4290,3900,4260
17/01/2025,4250,4190,4130,3960,4110,4300,4290,3900,4260
16/01/2025,4240,4170,4120,3940,4100,4280,4270,3880,4240
15/01/2025,4230,4150,4100,3930,4090,4270,4260,3870,4230
14/01/2025,4210,4130,4080,3920,4080,4250,4240,3860,4210
13/01/2025,4210,4130,4080,3920,4080,4250,4240,3860,4210
11/01/2025,4180,4110,4060,3900,4060,4220,4210,3840,4190
10/01/2025,4160,4090,4050,3890,4050,4200,4190,3830,4170
09/01/2025,4160,4090,4050,3890,4050,4200,4190,3830,4170
08/01/2025,4160,4090,4050,3890,4050,4200,4190,3830,4170
07/01/2025,4150,4080,4040,3880,4040,4180,4170,3820,4160
06/01/2025,4150,4080,4040,3880,4040,4180,4170,3820,4160
04/01/2025,4160,4090,4040,3880,4040,4190,4180,3820,4160
03/01/2025,4160,4090,4040,3880,4040,4190,4180,3820,4160
02/01/2025,4130,4060,4010,3860,4010,4160,4150,3800,4130
01/01/2025,4120,4050,4000,3850,4000,4150,4140,3790,4120
31/12/2024,4110,4040,3950,3830,3990,4130,4120,3780,4100
30/12/2024,4110,4040,3950,3830,3990,4130,4120,3780,4100
28/12/2024,4110,4040,3950,3830,3990,4130,4120,3780,4100
27/12/2024,4070,4000,3920,3810,3960,4100,4090,3760,4070
26/12/2024,4050,3980,3900,3800,3940,4080,4070,3750,4050
25/12/2024,4030,3960,3880,3790,3920,4060,4050,3750,4030
24/12/2024,4030,3960,3880,3790,3920,4060,4050,3750,4030
23/12/2024,4020,3950,3870,3780,3910,4050,4040,3740,4020
21/12/2024,4000,3930,3850,3770,3890,4030,4020,3730,4000
20/12/2024,3980,3910,3840,3760,3870,4010,4000,3720,3970
19/12/2024,3960,3880,3820,3740,3860,3990,3980,3710,3950
18/12/2024,3940,3860,3810,3730,3850,3970,3960,3700,3940
17/12/2024,3950,3860,3820,3740,3860,3970,3960,3710,3950
16/12/2024,3970,3870,3840,3760,3880,3990,3980,3730,3970
14/12/2024,3970,3870,3840,3760,3880,3990,3980,3730,3970
13/12/2024,3970,3870,3840,3760,3880,3990,3980,3730,3970
12/12/2024,3960,3860,3840,3760,3880,3980,3970,3730,3970
11/12/2024,3950,3850,3840,3760,3880,3970,3960,3730,3970
10/12/2024,3970,3870,3860,3780,3900,3990,3980,3750,3980
09/12/2024,4000,3880,3880,3820,3920,4010,4000,3780,4000
07/12/2024,3950,3870,3880,3820,3920,4000,3990,3780,4000
06/12/2024,3950,3870,3880,3820,3920,4000,3990,3780,4000
05/12/2024,3950,3870,3880,3820,3920,4000,3990,3780,4000
04/12/2024,3960,3880,3890,3830,3930,4010,4000,3790,4010
03/12/2024,3970,3890,3900,3840,3940,4020,4010,3800,4020
02/12/2024,3990,3910,3920,3860,3960,4040,4030,3820,4040
30/11/2024,4000,3920,3930,3870,3980,4050,4040,3830,4050
29/11/2024,4010,3930,3940,3880,4000,4060,4050,3840,4060
28/11/2024,4010,3930,3940,3880,4000,4060,4050,3840,4060
27/11/2024,4010,3930,3940,3880,4000,4060,4050,3840,4060
26/11/2024,4020,3950,3960,3900,4020,4080,4070,3850,4070
25/11/2024,4040,3970,3970,3910,4030,4100,4090,3860,4080
23/11/2024,4060,3990,3980,3920,4040,4120,4110,3870,4090
22/11/2024,4060,3990,3980,3920,4040,4120,4110,3870,4090
21/11/2024,4070,4000,3990,3930,4050,4130,4120,3880,4100
20/11/2024,4070,4000,3990,3930,4050,4130,4120,3880,4100
19/11/2024,4070,4000,3990,3930,4050,4130,4120,3880,4100
18/11/2024,4070,4000,3990,3930,4050,4130,4120,3880,4100
16/11/2024,4100,4030,4010,3940,4070,4150,4140,3910,4120
15/11/2024,4100,4030,4010,3940,4070,4150,4140,3910,4120
14/11/2024,4120,4050,4020,3950,4090,4170,4160,3930,4130
13/11/2024,4140,4070,4040,3970,4110,4190,4180,3950,4150
12/11/2024,4140,4070,4040,3970,4110,4190,4180,3950,4150
11/11/2024,4160,4090,4050,3980,4120,4210,4200,3960,4160
09/11/2024,4170,4100,4050,3980,4120,4220,4210,3960,4160
08/11/2024,4190,4120,4060,3990,4130,4240,4230,3970,4170
07/11/2024,4200,4130,4070,4000,4140,4250,4240,3980,4180
06/11/2024,4210,4140,4080,4010,4150,4260,4250,3990,4190
05/11/2024,4230,4150,4090,4030,4150,4270,4260,4000,4200
04/11/2024,4230,4150,4090,4030,4150,4270,4260,4000,4200
31/10/2024,4230,4150,4090,4030,4150,4270,4260,4000,4200
30/10/2024,4230,4150,4090,4030,4150,4270,4260,4000,4200
29/10/2024,4230,4150,4090,4030,4150,4270,4260,4000,4200
28/10/2024,4230,4150,4090,4030,4150,4270,4260,4000,4200
26/10/2024,4150,4090,4070,4020,4110,4200,4190,3980,4180
25/10/2024,4150,4090,4070,4020,4110,4200,4190,3980,4180
24/10/2024,4150,4090,4070,4020,4110,4200,4190,3980,4180
23/10/2024,4160,4100,4090,4040,4120,4210,4210,4000,4190
22/10/2024,4170,4110,4100,4050,4130,4220,4220,4010,4200
21/10/2024,4170,4110,4100,4050,4130,4220,4220,4010,4200
19/10/2024,4180,4120,4110,4060,4140,4230,4230,4020,4210
18/10/2024,4200,4140,4120,4070,4150,4250,4250,4030,4220
17/10/2024,4210,4150,4130,4080,4160,4260,4260,4040,4230
16/10/2024,4220,4160,4140,4090,4170,4270,4270,4050,4240
15/10/2024,4220,4160,4140,4090,4170,4270,4270,4050,4240
14/10/2024,4230,4170,4150,4100,4180,4280,4280,4060,4250
11/10/2024,4240,4180,4150,4100,4180,4290,4280,4060,4250
10/10/2024,4240,4180,4150,4100,4180,4290,4280,4060,4250
09/10/2024,4240,4180,4150,4100,4180,4290,4280,4060,4250
08/10/2024,4260,4200,4160,4110,4190,4310,4300,4070,4260
07/10/2024,4260,4200,4160,4110,4190,4310,4300,4070,4260
05/10/2024,4270,4210,4170,4120,4200,4320,4310,4080,4270
04/10/2024,4270,4210,4170,4120,4200,4320,4310,4090,4280
03/10/2024,4270,4210,4170,4120,4200,4320,4310,4090,4280
01/10/2024,4260,4200,4160,4110,4190,4310,4300,4080,4270
30/09/2024,4250,4190,4150,4100,4180,4300,4290,4070,4260
28/09/2024,4270,4210,4150,4110,4180,4300,4290,4080,4260
27/09/2024,4270,4210,4150,4110,4180,4300,4290,4080,4260
26/09/2024,4170,4120,4100,4080,4130,4210,4190,4040,4220
25/09/2024,4170,4120,4100,4080,4130,4210,4190,4040,4220
24/09/2024,4180,4130,4100,4080,4140,4220,4200,4050,4230
23/09/2024,4180,4130,4100,4080,4140,4220,4200,4050,4230
21/09/2024,4200,4150,4110,4080,4150,4240,4220,4060,4240
20/09/2024,4200,4150,4110,4080,4150,4250,4230,4060,4240
19/09/2024,4200,4150,4110,4080,4150,4250,4230,4060,4240
18/09/2024,4200,4150,4110,4080,4150,4250,4230,4060,4240
17/09/2024,4160,4110,4090,4070,4130,4210,4190,4050,4220
16/09/2024,4150,4100,4080,4060,4120,4200,4180,4040,4210
14/09/2024,4090,4040,4030,4040,4070,4140,4130,4020,4180
13/09/2024,4050,4010,4010,4030,4040,4110,4100,4020,4160
12/09/2024,4070,4030,4020,4030,4050,4130,4120,4030,4160
11/09/2024,4070,4030,4020,4030,4050,4130,4120,4030,4160
10/09/2024,4080,4040,4030,4040,4060,4140,4130,4040,4160
09/09/2024,4090,4050,4040,4040,4070,4150,4140,4050,4170
06/09/2024,4110,4070,4050,4050,4080,4170,4160,4060,4180
05/09/2024,4110,4070,4050,4050,4080,4170,4160,4060,4180
04/09/2024,4130,4090,4050,4060,4090,4190,4180,4070,4190
03/09/2024,4140,4100,4060,4070,4100,4200,4190,4080,4200
02/09/2024,4150,4100,4060,4070,4100,4210,4200,4080,4200
31/08/2024,4160,4110,4065,4080,4105,4220,4210,4085,4210
30/08/2024,4160,4110,4065,4080,4105,4220,4210,4085,4210
29/08/2024,4160,4110,4065,4080,4105,4230,4220,4085,4220
28/08/2024,4160,4110,4065,4080,4105,4230,4220,4085,4220
27/08/2024,4150,4100,4055,4070,4095,4220,4210,4075,4215
26/08/2024,4160,4110,4060,4070,4100,4230,4220,4080,4220
24/08/2024,4170,4120,4070,4080,4110,4240,4230,4080,4230
23/08/2024,4180,4130,4080,4090,4120,4250,4240,4080,4240
22/08/2024,4180,4130,4080,4090,4120,4250,4240,4080,4240
21/08/2024,4190,4140,4090,4090,4120,4260,4250,4080,4250
20/08/2024,4190,4140,4090,4090,4120,4260,4250,4080,4250
19/08/2024,4200,4150,4100,4090,4120,4270,4260,4080,4260
17/08/2024,4210,4160,4110,4100,4130,4280,4270,4090,4270
16/08/2024,4210,4160,4110,4100,4130,4280,4270,4090,4270
14/08/2024,4220,4170,4120,4110,4140,4290,4280,4100,4290
13/08/2024,4230,4180,4130,4120,4150,4300,4290,4110,4300
12/08/2024,4250,4200,4140,4120,4160,4310,4300,4110,4300
09/08/2024,4290,4240,4160,4150,4180,4350,4340,4130,4330
08/08/2024,4300,4250,4170,4160,4190,4360,4350,4140,4340
07/08/2024,4300,4250,4170,4160,4190,4360,4350,4140,4340
06/08/2024,4300,4250,4170,4160,4190,4360,4350,4140,4340
05/08/2024,4310,4260,4180,4170,4200,4370,4360,4140,4360
03/08/2024,4340,4270,4180,4170,4200,4380,4370,4140,4380
02/08/2024,4350,4280,4190,4170,4200,4390,4380,4140,4400
01/08/2024,4370,4300,4200,4180,4210,4410,4400,4150,4410
31/07/2024,4370,4300,4200,4180,4210,4410,4400,4150,4410
30/07/2024,4370,4300,4200,4180,4210,4410,4400,4150,4410
29/07/2024,4370,4300,4200,4180,4210,4410,4400,4150,4410
27/07/2024,4260,4210,4100,4060,4110,4320,4310,4020,4300
26/07/2024,4160,4120,4000,4010,4040,4220,4210,3970,4210
25/07/2024,4170,4130,4010,4020,4050,4230,4220,3980,4220
24/07/2024,4170,4130,4010,4020,4050,4230,4220,3980,4220
23/07/2024,4170,4130,4010,4020,4050,4230,4220,3980,4220
22/07/2024,4170,4130,4010,4020,4050,4230,4220,3980,4220
20/07/2024,4160,4120,4000,4010,4040,4220,4210,3980,4210
19/07/2024,4150,4110,3990,4000,4030,4210,4200,3970,4200
18/07/2024,4150,4110,3990,4000,4030,4210,4200,3970,4200
17/07/2024,4140,4100,3980,3990,4020,4200,4190,3960,4190
16/07/2024,4120,4080,3970,3980,4000,4180,4170,3950,4170
15/07/2024,4110,4070,3960,3970,3990,4170,4160,3940,4160
13/07/2024,4100,4060,3950,3970,3980,4160,4150,3930,4150
12/07/2024,4090,4050,3950,3970,3970,4150,4140,3920,4140
11/07/2024,4090,4040,3950,3970,3970,4150,4140,3920,4140
10/07/2024,4090,4040,3950,3970,3970,4150,4140,3920,4140
09/07/2024,4110,4050,3950,3980,3980,4160,4150,3930,4150
08/07/2024,4110,4050,3950,3980,3980,4160,4150,3930,4150
06/07/2024,4120,4060,3960,3990,3990,4170,4160,3930,4160
05/07/2024,4120,4060,3960,3990,3990,4170,4160,3930,4160
04/07/2024,4130,4070,3970,4000,4000,4180,4170,3940,4170
03/07/2024,4140,4080,3980,4010,4010,4190,4180,3950,4180
02/07/2024,4140,4080,3980,4010,4010,4190,4180,3950,4180
01/07/2024,4150,4090,3980,4010,4020,4200,4190,3950,4190
29/06/2024,4150,4090,3980,4010,4020,4200,4190,3950,4190
28/06/2024,4160,4100,3980,4020,4030,4210,4200,3950,4200
27/06/2024,4170,4110,3980,4030,4040,4220,4200,3960,4210
26/06/2024,4160,4100,3970,4020,4030,4210,4190,3950,4200
25/06/2024,4160,4100,3970,4020,4030,4210,4190,3950,4200
24/06/2024,4160,4100,3970,4020,4030,4210,4190,3950,4200
22/06/2024,4170,4110,3980,4030,4050,4220,4200,3960,4210
21/06/2024,4180,4120,3990,4050,4060,4220,4210,3960,4210
20/06/2024,4180,4120,3990,4050,4060,4220,4210,3960,4210
19/06/2024,4180,4130,3990,4050,4060,4220,4210,3960,4210
18/06/2024,4170,4130,3980,4040,4060,4200,4200,3950,4200
17/06/2024,4180,4140,3990,4050,4070,4200,4200,3950,4210
15/06/2024,4190,4140,3990,4050,4080,4200,4200,3950,4210
14/06/2024,4190,4140,3990,4050,4080,4200,4200,3950,4210
13/06/2024,4190,4140,3990,4050,4080,4200,4200,3950,4210
12/06/2024,4180,4140,3990,4050,4080,4190,4180,3940,4200
11/06/2024,4190,4140,3990,4060,4090,4200,4190,3950,4200
10/06/2024,4200,4150,4000,4070,4100,4200,4190,3950,4200
08/06/2024,4210,4160,4000,4080,4110,4210,4200,3950,4210
07/06/2024,4230,4180,4000,4090,4120,4230,4230,3960,4220
06/06/2024,4230,4180,4000,4090,4120,4230,4230,3960,4220
05/06/2024,4240,4190,4010,4090,4120,4240,4240,3960,4230
04/06/2024,4250,4190,4010,4090,4130,4250,4250,3960,4230
03/06/2024,4260,4190,4010,4100,4130,4260,4260,3960,4230
01/06/2024,4260,4190,4000,4100,4130,4260,4260,3960,4230
31/05/2024,4260,4190,4000,4100,4130,4260,4260,3960,4230
30/05/2024,4260,4190,4000,4100,4130,4260,4260,3960,4230
29/05/2024,4260,4190,4000,4100,4130,4260,4260,3960,4230
28/05/2024,4260,4190,4000,4100,4130,4260,4260,3960,4230
27/05/2024,4240,4170,3980,4090,4110,4240,4240,3950,4210
25/05/2024,4240,4170,3980,4090,4110,4240,4240,3950,4210
24/05/2024,4240,4170,3980,4090,4110,4240,4240,3950,4210
23/05/2024,4250,4180,3980,4090,4110,4240,4240,3950,4210
22/05/2024,4230,4150,3960,4080,4100,4240,4220,3940,4210
21/05/2024,4220,4140,3950,4080,4090,4230,4210,3930,4200
20/05/2024,4220,4140,3950,4080,4090,4230,4210,3930,4200
18/05/2024,4230,4150,3950,4090,4100,4240,4220,3940,4210
17/05/2024,4230,4150,3940,4090,4100,4240,4220,3930,4210
16/05/2024,4240,4160,3930,4100,4110,4250,4230,3940,4220
15/05/2024,4240,4160,3920,4110,4110,4250,4230,3940,4220
14/05/2024,4240,4160,3920,4110,4110,4250,4230,3940,4220
13/05/2024,4240,4160,3920,4110,4110,4250,4230,3940,4220
11/05/2024,4220,4140,3900,4100,4110,4230,4210,3930,4200
10/05/2024,4220,4140,3900,4090,4110,4230,4210,3920,4180
09/05/2024,4220,4140,3900,4090,4110,4230,4210,3920,4180
08/05/2024,4230,4140,3910,4100,4120,4240,4220,3930,4190
07/05/2024,4240,4150,3920,4110,4130,4250,4230,3940,4200
06/05/2024,4250,4160,3930,4120,4140,4260,4240,3950,4210
04/05/2024,4260,4170,3940,4130,4150,4280,4250,3960,4220
03/05/2024,4260,4170,3940,4130,4150,4280,4250,3960,4220
02/05/2024,4250,4160,3930,4130,4150,4260,4230,3950,4210
30/04/2024,4200,4120,3890,4110,4130,4220,4190,3910,4160
29/04/2024,4190,4120,3890,4110,4130,4220,4190,3910,4160
27/04/2024,4190,4120,3890,4110,4130,4220,4190,3910,4160
26/04/2024,4190,4120,3890,4110,4130,4220,4190,3910,4160
25/04/2024,4190,4120,3890,4110,4130,4220,4190,3910,4160
24/04/2024,4200,4130,3900,4120,4140,4230,4200,3920,4170
23/04/2024,4210,4140,3900,4140,4160,4240,4200,3920,4180
22/04/2024,4210,4140,3900,4140,4160,4240,4200,3920,4180
20/04/2024,4220,4140,3900,4160,4160,4240,4200,3930,4180
19/04/2024,4230,4150,3910,4170,4170,4250,4210,3940,4190
18/04/2024,4230,4150,3910,4170,4170,4240,4210,3940,4190
17/04/2024,4230,4130,3900,4160,4160,4220,4200,3930,4180
16/04/2024,4220,4120,3890,3950,4150,4210,4190,3920,4170
15/04/2024,4170,4080,3850,3920,4110,4170,4150,3900,4150
13/04/2024,4150,4070,3830,3910,4100,4150,4130,3890,4130
12/04/2024,4150,4070,3830,3910,4100,4150,4130,3890,4130
11/04/2024,4150,4070,3830,3910,4100,4150,4130,3890,4130
10/04/2024,4150,4070,3830,3910,4100,4150,4130,3890,4130
08/04/2024,4140,4060,3820,3900,4090,4140,4120,3880,4120
06/04/2024,4130,4050,3810,3890,4080,4130,4110,3870,4110
05/04/2024,4130,4050,3810,3890,4080,4130,4110,3860,4110
04/04/2024,4130,4050,3810,3890,4080,4130,4110,3850,4110
03/04/2024,4130,4050,3810,3890,4080,4130,4110,3850,4110
02/04/2024,4130,4050,3810,3890,4080,4130,4110,3850,4110
01/04/2024,4120,4040,3800,3880,4070,4120,4100,3840,4100
30/03/2024,4130,4050,3800,3880,4070,4120,4100,3840,4100
29/03/2024,4130,4050,3800,3880,4070,4120,4100,3840,4100
28/03/2024,4130,4050,3800,3880,4070,4120,4100,3840,4100
27/03/2024,4130,4050,3800,3880,4070,4120,4100,3840,4100
26/03/2024,4130,4050,3800,3880,4070,4120,4100,3840,4100
25/03/2024,4130,4050,3800,3880,4070,4120,4100,3830,4100
23/03/2024,4130,4050,3800,3880,4070,4120,4100,3830,4100
22/03/2024,4130,4060,3800,3890,4080,4120,4100,3820,4090
21/03/2024,4130,4060,3800,3890,4080,4120,4100,3810,4080
20/03/2024,4140,4070,3800,3900,4090,4130,4110,3800,4080
19/03/2024,4150,4080,3800,3900,4100,4130,4110,3790,4070
18/03/2024,4150,4080,3800,3900,4100,4130,4110,3790,4070
16/03/2024,4140,4080,3800,3900,4100,4130,4110,3780,4060
15/03/2024,4150,4090,3810,3910,4110,4140,4120,3770,4060
14/03/2024,4150,4090,3810,3900,4110,4140,4120,3760,4060
13/03/2024,4150,4090,3810,3900,4110,4140,4120,3750,4050
12/03/2024,4140,4080,3800,3890,4110,4130,4110,3740,4040
11/03/2024,4130,4070,3780,3880,4100,4120,4100,3730,4030
09/03/2024,4110,4050,3770,3860,4090,4110,4080,3710,4010
08/03/2024,4100,4040,3760,3850,4080,4100,4070,3700,4000
07/03/2024,4100,4030,3760,3840,4080,4100,4070,3690,3990
06/03/2024,4100,4020,3760,3830,4080,4100,4070,3680,3980
05/03/2024,4100,4010,3760,3820,4080,4100,4070,3670,3970
04/03/2024,4100,3990,3760,3800,4080,4100,4070,3660,3960
02/03/2024,4100,4000,3760,3800,4080,4100,4070,3650,3950
01/03/2024,4100,4010,3760,3800,4080,4100,4070,3640,3940
29/02/2024,4100,4020,3760,3800,4080,4100,4070,3630,3930
28/02/2024,4100,4030,3760,3800,4080,4100,4070,3620,3920
27/02/2024,4100,4040,3760,3800,4080,4100,4070,3610,3910
26/02/2024,4100,4050,3760,3800,4080,4100,4070,3600,3900
24/02/2024,4110,4060,3760,3790,4090,4100,4070,3590,3890
23/02/2024,4120,4070,3760,3790,4090,4100,4070,3580,3880
22/02/2024,4120,4080,3760,3790,4090,4100,4070,3570,3870
21/02/2024,4110,4090,3750,3780,4090,4090,4080,3550,3850
20/02/2024,4110,4090,3750,3770,4090,4080,4090,3540,3840
19/02/2024,4110,4090,3750,3770,4090,4080,4100,3530,3830
17/02/2024,4120,4100,3750,3780,4100,4090,4110,3520,3820
16/02/2024,4110,4110,3750,3770,4110,4090,4110,3500,3800
15/02/2024,4100,4120,3750,3770,4120,4080,4120,3490,3790
14/02/2024,4090,4130,3750,3770,4130,4080,4130,3480,3780
13/02/2024,4100,4140,3760,3780,4140,4070,4140,3470,3770
12/02/2024,4100,4150,3770,3780,4150,4080,4150,3460,3760
10/02/2024,4110,4160,3780,3780,4160,4080,4160,3450,3750
09/02/2024,4120,4170,3790,3790,4170,4080,4170,3430,3730
08/02/2024,4130,4180,3800,3790,4180,4090,4180,3420,3720
07/02/2024,4150,4200,3800,3800,4200,4100,4200,3400,3700
06/02/2024,4150,4200,3800,3800,4200,4100,4200,3400,3700
05/02/2024,4150,4200,3800,3800,4200,4100,4200,3400,3700
03/02/2024,4150,4200,3800,3800,4200,4100,4200,3400,3700
02/02/2024,4150,4200,3800,3800,4200,4100,4200,3400,3700
01/02/2024,4150,4200,3800,3800,4200,4100,4200,3400,3700
31/01/2024,4150,4200,3800,3800,4200,4100,4200,3400,3700
30/01/2024,4150,4200,3800,3800,4200,4100,4200,3400,3700
29/01/2024,4150,4200,3800,3800,4200,4100,4200,3400,3700
28/01/2024,4150,4200,3800,3800,4200,4100,4200,3400,3700
27/01/2024,4150,4200,3800,3800,4200,4100,4200,3400,3700
26/01/2024,4150,4200,3800,3800,4200,4100,4200,3400,3700
25/01/2024,4150,4200,3800,3800,4200,4100,4200,3400,3700
24/01/2024,4150,4200,3800,3800,4200,4100,4200,3400,3700
23/01/2024,4150,4200,3800,3800,4200,4100,4200,3400,3700
22/01/2024,4150,4200,3800,3800,4200,4100,4200,3400,3700
20/01/2024,4150,4200,3800,3800,4200,4100,4200,3400,3700
19/01/2024,4150,4200,3800,3800,4200,4100,4200,3400,3700
18/01/2024,4150,4200,3800,3800,4200,4100,4200,3400,3700
17/01/2024,4150,4200,3800,3800,4200,4100,4200,3400,3700
16/01/2024,4150,4200,3800,3800,4200,4100,4200,3400,3700
15/01/2024,4150,4200,3800,3800,4200,4100,4200,3400,3700
12/01/2024,4150,4200,3800,3800,4200,4100,4200,3400,3700
11/01/2024,4150,4200,3800,3800,4200,4100,4200,3400,3700
10/01/2024,4150,4200,3800,3800,4200,4100,4200,3400,3700
09/01/2024,4150,4200,3800,3800,4200,4100,4200,3400,3700
08/01/2024,4150,4200,3800,3800,4200,4100,4200,3400,3700
05/01/2024,4150,4200,3800,3800,4200,4100,4200,3400,3700
04/01/2024,4150,4200,3800,3800,4200,4100,4200,3400,3700
03/01/2024,4150,4200,3800,3800,4200,4100,4200,3400,3700
02/01/2024,4150,4200,3800,3800,4200,4100,4200,3400,3700
01/01/2024,4150,4200,3800,3800,4200,4100,4200,3400,3700
30/12/2023,4150,4200,3800,3800,4200,4100,4200,3400,3700
29/12/2023,4150,4200,3800,3800,4200,4100,4200,3400,3700
28/12/2023,4150,4200,3800,3800,4200,4100,4200,3400,3700
27/12/2023,4150,4200,3800,3800,4200,4100,4200,3400,3700
26/12/2023,4150,4200,3800,3800,4200,4100,4200,3400,3700
25/12/2023,4150,4200,3800,3800,4200,4100,4200,3400,3700
23/12/2023,4150,4200,3800,3800,4200,4100,4200,3400,3700
22/12/2023,4150,4200,3800,3800,4200,4100,4200,3400,3700
21/12/2023,4200,4200,3800,3800,4200,4100,4200,3400,3700
20/12/2023,4200,4200,3800,3800,4200,4100,4200,3400,3700
19/12/2023,4200,4200,3800,3800,4200,4100,4200,3400,3700
18/12/2023,4200,4200,3800,3800,4200,4100,4200,3400,3700
16/12/2023,4200,4200,3800,3800,4200,4100,4200,3400,3700
15/12/2023,4200,4200,3800,3800,4200,4100,4200,3400,3700
14/12/2023,4200,4200,3800,3800,4200,4100,4200,3400,3700
13/12/2023,4200,4200,3800,3800,4200,4100,4200,3400,3700
12/12/2023,4200,4200,3800,3800,4200,4100,4200,3400,3700
11/12/2023,4200,4200,3800,3800,4200,4100,4200,3400,3700
09/12/2023,4200,4200,3800,3800,4200,4100,4200,3400,3700
08/12/2023,4200,4200,3800,3800,4200,4100,4200,3400,3700
07/12/2023,4200,4200,3800,3800,4200,4100,4200,3400,3700
06/12/2023,4200,4200,3800,3800,4200,4100,4200,3400,3700
05/12/2023,4200,4200,3800,3800,4200,4100,4200,3400,3700
04/12/2023,4200,4200,3800,3800,4200,4100,4200,3400,3700
02/12/2023,4200,4200,3800,3800,4200,4100,4200,3400,3700
01/12/2023,4200,4200,3800,3800,4200,4100,4200,3400,3700
30/11/2023,4100,4200,3800,3800,4200,4100,4200,3400,3700
29/11/2023,4100,4200,3800,3800,4200,4100,4200,3400,3700
28/11/2023,4100,4200,3800,3800,4200,4100,4200,3400,3700
27/11/2023,4000,4200,3800,3800,4200,4100,4200,3400,3700
24/11/2023,4000,4200,3800,3800,4200,4100,4200,3400,3700
23/11/2023,4000,4200,3800,3800,4200,4100,4200,3400,3700
22/11/2023,4000,4200,3800,3800,4200,4100,4200,3400,3700
21/11/2023,4000,4200,3800,3800,4200,4100,4200,3400,3700
20/11/2023,4000,4200,3800,3800,4200,4100,4200,3400,3700
17/11/2022,3900,4200,3800,3800,4200,4100,4200,3400,3700
16/11/2023,3900,4200,3800,3800,4200,4100,4200,3400,3700
15/11/2023,3900,4200,3800,3800,4200,4100,4200,3400,3700
13/11/2023,3900,4200,3800,3800,4200,4100,4200,3400,3700
10/11/2023,3900,4200,3800,3800,4200,4100,4200,3400,3700
09/11/2023,3900,4200,3800,3800,4200,4100,4200,3400,3700
08/11/2023,3900,4200,3800,3800,4200,4100,4200,3400,3700
07/11/2023,3900,4200,3800,3800,4200,4100,4200,3400,3700
06/11/2023,3900,4200,3800,3800,4200,4100,4200,3400,3700
03/11/2023,3900,4200,3800,3800,4200,4100,4200,3400,3700
02/11/2023,3900,4200,3800,3800,4200,4100,4200,3400,3700
01/11/2023,3900,4200,3800,3800,4200,4100,4200,3400,3700
31/10/2023,3900,4200,3800,3800,4200,4100,4200,3400,3700
30/10/2023,3900,4200,3800,3800,4200,4100,4200,3400,3700
27/10/2023,3900,4200,3800,3800,4200,4100,4200,3400,3700
26/10/2023,3900,4200,3800,3800,4200,4100,4200,3400,3700
25/10/2023,3900,4200,3800,3800,4200,4100,4200,3400,3700
23/10/2023,3900,4200,3800,3800,4200,4100,4200,3400,3700
20/10/2023,3900,4200,3800,3800,4200,4100,4200,3400,3700
19/10/2023,3900,4200,3800,3800,4200,4100,4200,3400,3700
18/10/2023,3900,4200,3800,3800,4200,4100,4200,3400,3700
17/10/2023,3900,4200,3800,3800,4200,4100,4200,3400,3700
16/10/2023,3800,4200,3800,3800,4200,4100,4200,3400,3700
13/10/2023,3800,4200,3800,3800,4200,4100,4200,3400,3700
12/10/2023,3800,4200,3800,3800,4200,4100,4200,3400,3700
11/10/2023,3800,4200,3800,3800,4200,4100,4200,3400,3700
10/10/2023,3800,4200,3800,3800,4200,4100,4200,3400,3700
09/10/2023,3800,4200,3800,3800,4200,4100,4200,3400,3700
06/10/2023,3800,4200,3800,3800,4200,4100,4200,3400,3700
05/10/2023,3800,4200,3800,3800,4200,4100,4200,3400,3700
04/10/2023,3800,4200,3800,3800,4200,4100,4200,3400,3700
03/10/2023,3800,4200,3800,3800,4200,4100,4200,3400,3700
29/09/2023,3800,4200,3800,3800,4200,4100,4200,3400,3700
27/09/2023,3800,4200,3800,3800,4200,4100,4200,3400,3700
26/09/2023,3800,4200,3800,3800,4200,4100,4200,3400,3700
25/09/2023,3800,4200,3800,3800,4200,4100,4200,3400,3700
22/09/2023,3800,4200,3800,3800,4200,4100,4200,3400,3700
21/09/2023,3800,4200,3800,3800,4200,4100,4200,3400,3700
20/09/2023,3800,4200,3800,3800,4200,4100,4200,3400,3700
18/09/2023,3800,4200,3800,3800,4200,4100,4200,3400,3700
15/09/2023,3800,4200,3800,3800,4200,4100,4200,3400,3700
14/09/2023,3800,4200,3800,3800,4200,4100,4200,3400,3700
13/09/2023,3800,4200,3800,3800,4200,4100,4200,3400,3700
12/09/2023,3800,4200,3800,3800,4200,4100,4200,3400,3700
11/09/2023,3800,4200,3800,3800,4200,4100,4200,3400,3700
08/09/2023,3800,4200,3800,3800,4200,4100,4200,3400,3700
07/09/2023,3800,4200,3800,3800,4200,4100,4200,3400,3700
06/09/2023,3800,4200,3800,3800,4200,4100,4200,3400,3700
05/09/2023,3800,4200,3800,3800,4200,4100,4200,3400,3700
04/09/2023,3800,4200,3800,3800,4200,4100,4200,3400,3700
01/09/2023,3800,4200,3800,3800,4200,4100,4200,3400,3700
31/08/2023,3800,4200,3800,3800,4200,4100,4200,3400,3700
30/08/2023,3900,4200,NR,3700,4200,NR,4200,3400,3700
29/08/2023,3900,4200,3800,3700,4200,4100,4200,3400,3700
28/08/2023,3900,4200,3800,3700,4200,4100,4200,3400,3700
25/08/2023,3900,4200,3800,3700,4200,4100,4200,3400,3700
24/08/2023,3900,4200,3800,3700,4200,4100,4200,3400,3700
23/08/2023,3900,4000,3800,3700,4200,4100,4200,3400,3700
22/08/2023,3900,4000,3800,3700,4200,4100,4200,3400,3700
21/08/2023,3900,4000,3800,3700,4200,4100,4200,3400,3700
18/08/2023,3900,4000,NR,3700,4200,4100,4200,3400,3700
17/08/2023,3900,4000,3800,3700,4200,4100,4200,3400,3700
16/08/2023,3900,4000,3800,3700,4200,4100,4200,3400,3700
14/08/2023,3900,4000,3800,3700,4200,4100,4200,3400,3700
11/08/2023,3900,4000,3800,3700,4200,4100,4200,3400,3700
10/08/2023,3900,4000,3800,3700,4200,4100,4200,3400,3700
09/08/2023,3900,4000,3800,3700,4200,4100,4200,3400,3700
08/08/2023,3900,4000,3800,3700,4200,4100,4200,3400,3700
07/08/2023,3850,4000,3800,3700,4200,4100,4200,3400,3700
04/08/2023,3850,4000,3800,3700,4200,4100,4200,3400,3700
03/08/2023,3850,4000,3800,3700,4200,4100,4200,3400,3700
02/08/2023,3850,4000,3800,3700,4200,4100,4200,3400,3700
01/08/2023,3850,4000,3800,3700,4200,4100,4200,3400,3700
31/07/2023,3850,4000,3800,3700,4200,4100,4200,3400,3700
28/07/2023,3850,4000,3800,3700,4200,4100,4200,3400,3700
27/07/2023,3850,4000,3800,3650,4200,4100,4200,3400,3700
26/07/2023,3850,4000,3800,3650,4200,4100,4200,3400,3700
25/07/2023,3850,4000,3800,3650,4200,4100,4200,3400,3700
24/07/2023,3850,3900,3800,3650,4200,4100,4200,3400,3800
21/07/2023,3800,3900,3800,3650,4200,4050,4200,3400,3800
20/07/2023,3800,3900,3800,3650,4200,4050,4200,3400,3800
19/07/2023,3800,3900,3800,3650,4060,4050,4200,3400,3800
18/07/2023,3800,3900,3800,3650,4060,4050,4200,3400,3800
17/07/2023,3800,3900,3800,3650,4060,4000,4200,3400,3800
14/07/2023,3800,3900,3800,3650,4060,4000,4200,3400,3800
13/07/2023,3800,3900,3800,3650,4060,4000,4200,3400,3800
12/07/2023,3800,3900,3600,3650,4060,4000,4200,3400,3800
11/07/2023,3800,3900,3600,3650,4060,4000,4200,3400,3800
10/07/2023,3800,3900,3600,3650,4060,4000,4200,3400,3800
07/07/2023,3800,3900,NR,3650,4060,4000,4200,3400,3800
06/07/2023,3800,3900,3600,3650,4060,4000,4200,3400,3800
05/07/2023,3800,3900,3600,3650,4060,4000,4200,3400,3800
04/07/2023,3800,3900,3600,3650,4060,4000,4200,3400,3800
03/07/2023,3800,3900,3600,3650,4060,4000,4200,3400,3800
30/06/2023,3800,3900,3600,3650,4060,4000,4200,3400,3800
28/06/2023,3800,3900,3600,3650,4060,4000,4000,3400,3800
27/06/2023,3800,3900,3600,3650,4060,4000,4000,3400,3800
26/06/2023,3800,3900,3600,3650,4060,3950,4000,3400,3800
23/06/2023,3800,3900,3600,3650,4000,3950,4000,3400,3800
22/06/2023,3800,3900,3600,3650,4000,3950,4000,3400,3800
21/06/2023,3800,3900,3600,3650,4000,3950,4000,3400,3800
20/06/2023,3800,3900,3600,3650,4000,NR,4000,3400,3800
19/06/2023,3800,3900,3600,3650,4000,3950,4000,3400,3800
16/06/2023,3800,3900,3600,3650,4000,3950,4000,3400,3800
15/06/2023,3800,3900,3600,3600,4000,3950,4000,3400,3600
14/06/2023,3750,3900,3600,3600,4000,3950,4000,3400,3500
13/06/2023,3750,3900,3600,3600,4000,3950,4000,3400,3500
12/06/2023,3750,3900,3600,3600,4000,3950,4000,3400,3500
09/06/2023,3750,3900,3600,3600,4000,3950,4000,3400,3500
08/06/2023,3750,3900,3600,3600,4000,3950,4000,3400,3500
07/06/2023,3750,3900,3600,3600,4000,3950,4000,3400,3500
06/06/2023,3750,3900,3600,3600,4000,3950,4000,3400,3500
05/06/2023,3750,3900,3600,3600,4000,3950,4000,3400,3500
02/06/2023,3750,3900,3600,3600,4000,3950,4000,3400,3500
01/06/2023,3750,3900,3600,3600,4000,3950,3900,3400,3500
31/05/2023,3750,3900,3600,3600,4100,3950,3900,3400,3500
30/05/2023,3750,3800,3600,3600,4000,3950,3900,3400,3600
29/05/2023,3750,3900,3600,3600,4000,3950,3900,3400,3600
26/05/2023,3750,3900,3600,3600,4000,3950,3900,3400,3600
25/05/2023,3750,3900,3600,3600,4060,3950,3900,3400,3600
24/05/2023,3700,3900,3600,3500,4060,3950,3900,3400,3600
23/05/2023,3700,3900,3600,3500,4060,3950,3900,3400,3600
22/05/2023,3700,3900,NR,3500,4060,3950,3900,3400,3600
19/05/2023,3700,3900,3600,3630,4060,3950,3900,3400,3600
18/05/2023,3700,3900,3600,3630,4100,3950,3900,3400,3600
17/05/2023,3750,3900,3600,3630,4060,3950,3900,3400,3600
16/05/2023,3750,3900,3600,3630,4060,3950,3900,3400,3600
15/05/2023,3750,3900,3600,3630,4060,3950,3900,3400,3600
12/05/2023,3750,3900,3600,3630,4060,3950,3900,3400,3600
11/05/2023,3750,3900,3600,3630,4060,3950,3900,3400,3600
10/05/2023,3750,3900,3600,3630,4060,4000,3900,3400,3600
09/05/2023,3750,3900,3600,3630,4060,NR,3900,3400,3600
08/05/2023,3750,3800,3600,3630,4060,3950,3900,3400,3600
05/05/2023,3750,3900,3600,3630,4060,NR,3900,3400,3600
04/05/2023,3750,3900,3600,3630,4060,3950,3900,3400,3600
03/05/2023,3750,3900,3600,3630,4040,3900,3900,3400,3600
02/05/2023,3800,3900,3600,3630,4040,3950,3900,3400,3600
28/04/2023,3800,3900,3600,3630,4100,4000,3900,3400,3800
27/04/2023,3800,3900,3600,3630,4100,4000,3900,3400,3800
26/04/2023,3800,3900,3600,3630,4100,4000,3960,3400,3800
25/04/2023,3800,3900,3600,3630,4100,4000,3900,3400,3800
24/04/2023,3800,3900,3600,3630,4080,4000,3900,3400,3800
21/04/2023,3800,3900,3600,3630,4080,NR,3900,3400,3800
20/04/2023,3800,3900,3600,3630,4080,4000,3900,3400,3800
19/04/2023,3800,3900,3600,3630,4080,4000,3900,3400,3800
18/04/2023,3800,3900,3600,3575,4080,4000,3900,3400,3800
17/04/2023,3800,3900,3600,3575,4080,4000,3900,3400,3800
14/04/2023,3800,3900,NR,3500,4000,NR,3900,3400,3800
13/04/2023,3800,3900,3600,3500,4000,4000,3900,3400,3800
12/04/2023,3800,3900,3600,3500,4000,3950,3900,3400,3800
11/04/2023,3800,3900,3600,3500,4000,3950,3900,3400,3800
10/04/2023,3800,3900,3600,3500,4000,3950,3900,3400,3800
07/04/2023,3800,3900,3600,3500,NR,4000,3900,3400,3800
06/04/2023,3800,3900,3600,3500,4000,3950,3960,3400,3800
05/04/2023,3800,3900,3600,3500,4000,3950,3900,3400,3800
04/04/2023,3800,3900,NR,3500,4000,3900,3900,3400,3800
03/04/2023,3800,3900,NR,3500,4000,NR,3900,3400,3800
31/03/2023,3800,3900,3600,3500,4000,3900,3900,3400,3800
30/03/2023,3700,3900,NR,3500,NR,3850,3900,3400,3800
29/03/2023,3700,3900,3600,3500,3860,3850,3900,3400,3800
28/03/2023,3700,3900,3600,3500,3860,3850,3900,3400,3800
27/03/2023,3700,3900,NR,3500,3860,3850,4000,3400,3800
24/03/2023,3700,3900,3600,3500,3860,3850,4000,3400,3800
23/03/2023,3700,3900,3600,3500,3850,3850,4000,3400,3800
21/03/2023,3700,3900,3600,3500,3850,3850,4000,3400,3700
20/03/2023,3700,3900,3600,3500,3850,3850,4000,3400,3700
17/03/2023,3700,3900,3600,3500,3850,3850,4000,3400,3700
16/03/2023,3800,3900,3600,3500,3850,3850,4000,3400,3700
15/03/2023,3800,3900,NR,3500,3850,3850,4000,3400,3700
14/03/2023,3800,3900,3600,3500,3850,3850,4100,3400,3700
13/03/2023,3800,3900,3600,3500,3850,3900,4100,3400,3700
10/03/2023,3800,3900,3600,3500,3850,3900,4100,3400,3700
09/03/2023,3800,3900,3600,3500,3850,3900,4100,3400,3700
08/03/2023,3800,NR,NR,3500,NR,NR,4100,3400,3700
07/03/2023,3800,3900,NR,3500,3850,NR,4100,3400,3750
06/03/2023,3800,3900,3600,3500,3850,3900,4100,3400,3750
03/03/2023,3800,3900,3600,3500,3860,3900,4100,3400,3750
02/03/2023,3800,3900,3600,3500,3860,3900,4100,3400,3750
01/03/2023,3800,3900,3600,3500,3860,3900,4100,3400,3750
28/02/2023,3800,3900,NR,3500,3860,3850,4100,3400,3750
27/02/2023,3800,3900,3600,3500,3860,3850,4100,3400,3750
24/02/2023,3800,3900,NR,3500,3860,3800,4100,3400,3750
23/02/2023,3800,3900,NR,3500,3860,3800,4100,3400,3750
22/02/2023,3800,3900,3600,3500,3860,3750,4100,3400,3750
21/02/2023,3800,3900,3600,3500,3860,3750,4100,3400,3750
20/02/2023,3800,3900,NR,3500,3860,3800,4100,3400,3750
17/02/2023,3800,3900,3600,3500,3860,3800,4100,3400,3750
16/02/2023,3800,3900,3600,3500,3860,3800,4100,3400,3750
15/02/2023,3800,3900,3600,3500,3860,3800,4100,3400,3850
14/02/2023,3800,3900,3600,3500,3860,NR,4100,3400,3850
13/02/2022,3800,3900,3600,3500,3860,NR,4100,3400,3850
10/02/2022,3800,3900,3600,3500,3860,3750,4100,3400,3850
09/02/2022,3800,3900,3600,3500,3920,3750,4100,3400,3850
08/02/2023,3800,3900,3600,3500,3920,3750,4100,3400,3850
07/02/2023,3800,3900,3600,3500,3920,3750,4100,3400,3850
06/02/2023,3800,3900,3600,3500,3920,3750,4100,3400,3850
03/02/2023,3800,3900,3600,3500,3860,3750,4100,3400,3850
02/02/2023,3800,3900,3600,3500,3860,3750,4100,3400,3750
01/02/2022,3800,3900,3600,3500,3860,3750,4100,3400,3750
31/01/2023,3800,3900,3600,3500,3860,3770,4100,3400,3750
30/01/2023,3800,3900,3600,3500,3860,3770,4100,3400,3750
27/01/2023,3800,3900,3600,3500,3860,3770,4100,3400,3750
25/01/2023,3800,3900,3600,3500,3860,3770,4100,3400,3750
24/01/2023,3800,3900,3600,3500,3860,3770,4100,3400,3750
23/01/2023,3800,3900,3600,3466,3860,3760,4100,3400,3750
20/01/2023,3800,3900,NR,3466,3900,3760,4100,3400,3750
19/01/2023,3800,3900,3600,3466,3900,3750,4100,3400,3750
18/01/2023,3800,3900,3600,3466,3900,3750,4100,3400,3750
17/01/2023,3800,3900,3600,3466,3900,3750,4100,3400,3750
16/01/2023,3800,3900,3600,3466,3900,3750,4100,3400,3750
13/01/2023,3800,3900,3600,3550,3900,3800,4100,3400,3750
12/01/2023,3800,3900,3600,3550,3900,3800,4100,3400,3750
11/01/2023,3800,3900,3600,3550,3900,3800,4100,3400,3750
10/01/2023,3800,3900,3600,3550,3900,3800,4100,3400,3650
09/01/2023,3800,3900,3600,3550,3920,3800,4100,3400,3650
06/01/2023,3800,3900,3600,3500,3920,3800,4100,3400,3650
05/01/2023,3800,3900,3600,3500,3920,3800,4100,3400,3650
04/01/2023,3800,3900,3600,3500,3950,3810,4100,3400,3650
03/01/2023,3800,3900,3600,3500,3950,3810,4100,3400,3650
02/01/2023,3800,3900,3600,3500,3950,3810,4100,3400,3650
30/12/2022,3800,3900,3600,3532,3950,3810,4100,3400,3650
29/12/2022,3800,3900,3600,3532,3950,3810,4100,3400,3650
28/12/2022,3800,3900,3600,3532,3950,3810,4100,3400,3650
27/12/2022,3800,3900,3600,3532,3950,3810,4100,3400,3700
26/12/2022,3800,3900,3600,3532,3950,3870,4100,3400,3700
23/12/2022,3800,3900,3800,3532,4100,3870,4100,3400,3700
22/12/2022,3800,3900,3800,3532,4100,3870,4100,3400,3700
21/12/2022,3800,3900,3800,3532,4100,3870,4100,3400,3700
20/12/2022,3800,3900,3800,3539,4100,3870,4100,3400,3700
19/12/2022,3800,3900,3800,3562,4100,3850,4100,3400,3700
16/12/2022,3800,3900,3800,3562,4100,3850,4100,3400,3900
15/12/2022,3800,3900,3800,3562,4100,3850,4100,3400,3900
14/12/2022,3800,3900,3800,3562,3950,3850,4100,3400,3900
13/12/2022,3840,3900,3800,3562,3950,3850,4100,3400,3900
12/12/2022,3840,3900,3800,3562,3950,3850,4100,3400,3900
09/12/2022,3800,3900,3700,3562,3950,3950,4100,3400,3900
08/12/2022,3800,3900,3700,3562,4000,3950,4100,3400,3900
07/12/2022,3750,3900,3800,3562,4000,3950,4100,3400,3900
06/12/2022,3750,3900,3800,3562,4000,3950,4100,3400,3900
05/12/2022,3750,3900,3800,3577,4000,3950,4100,3400,3900
02/12/2022,3750,3900,3800,3577,4000,3950,4100,3400,3900
01/12/2022,3750,3900,3800,3577,4000,3940,4100,3400,3900
30/11/2022,3750,3900,3800,3577,4000,3940,4100,3400,3900
29/11/2022,3750,3900,NR,3577,4000,3940,4100,3400,3900
28/11/2022,3750,3900,3800,3577,4000,3940,4100,3400,3900
25/11/2022,3750,3900,3800,3577,4000,3940,4100,3400,3900
24/11/2022,3750,3900,3800,3577,4000,3940,4100,3400,3800
23/11/2022,3750,3900,3800,3577,4000,3940,4100,3400,3800
22/11/2022,3750,3900,3800,3564,4000,3940,4100,3400,3800
21/11/2022,3750,3900,3800,3564,4000,3940,4100,3400,3800
18/11/2022,3750,3900,3800,3564,4000,3930,4100,3400,3800
17/11/2022,3750,3900,3800,3564,4000,3930,4100,3400,3800
16/11/2022,3750,3900,3800,3564,4000,3930,4100,3400,3800
15/11/2022,3750,3900,3800,3564,4000,NR,4100,3400,3800
14/11/2022,3800,3900,3800,3546,4000,3930,4100,3400,3800
11/11/2022,3800,3900,3700,3546,4000,3930,4100,3400,3800
10/11/2022,3800,3900,3700,3546,4000,3930,3900,3400,3800
09/11/2022,3800,3900,3700,3546,4000,3900,3900,3400,3800
08/11/2022,3800,3900,3700,3546,4000,NR,3900,3400,3800
07/11/2022,3800,3900,3700,3546,4000,3900,3900,3400,3800
04/11/2022,3800,3900,3800,3546,4000,3880,3900,3400,3800
03/11/2022,3800,3900,3800,3546,4000,3880,3900,3400,3800
02/11/2022,3800,3900,3800,3555,4020,3880,3900,3400,3800
01/11/2022,3800,3900,3800,3555,4020,3880,3900,3400,3800
31/10/2022,3900,3900,3800,3555,4020,3880,3900,3400,3800
28/10/2022,3900,3900,3900,3555,4020,3880,3900,3400,3800
27/10/2022,3900,3900,3900,3555,4020,NR,3900,3400,3800
25/10/2022,3900,3900,NR,3555,3980,3900,3900,3400,3800
21/10/2022,3900,3900,3900,3546,3980,3900,3900,3400,3800
20/10/2022,3900,3900,3900,3546,3980,3900,3900,3400,3800
19/10/2022,3900,3900,NR,3546,3980,3900,3900,3400,3800
18/10/2022,3900,3900,3900,3546,3980,3900,3900,3400,3800
17/10/2022,3900,3900,3900,3546,3980,3900,3900,3400,3800
14/10/2022,3800,3900,4000,3546,3980,3900,3900,3600,3800
13/10/2022,3800,3900,4000,3557,3980,3900,3900,3600,3800
12/10/2022,3800,3900,4000,3557,3980,3920,3900,3600,3800
11/10/2022,3800,3900,4000,3557,3980,3920,3900,3600,3800
10/10/2022,3800,3900,4000,3557,3980,3920,3900,3600,3800
07/10/2022,3800,3900,4000,3562,3980,3920,3900,3600,3800
06/10/2022,3800,3900,3900,3562,3980,3920,3900,3600,3800
05/10/2022,3800,3900,NR,NR,NR,NR,3900,3600,3800
04/10/2022,3800,3900,3900,3562,NR,NR,3900,3600,3800
03/10/2022,3800,3900,3900,3562,3980,3920,3900,3600,3800
30/09/2022,3800,3900,3900,3585,3980,3920,3900,3600,3800
29/09/2022,3800,3900,3900,3585,3980,3920,3900,3600,3800
28/09/2022,3800,3900,3900,3585,3980,3920,3900,3600,3800
27/09/2022,3800,3900,3900,3585,3980,3920,3900,3600,3800
26/09/2022,3800,3900,3900,3585,NR,3920,3900,3600,3800
23/09/2022,3800,3900,3900,3585,3960,3920,3900,3600,3800
22/09/2022,3800,3900,3900,3585,3960,3920,3900,3600,3800
21/09/2022,3800,3900,3900,3585,3960,3920,3900,3600,3800
20/09/2022,3800,3900,3900,3585,3960,3920,3900,3600,3800
19/09/2022,3800,3900,3900,3592,3960,3920,3900,3600,3800
16/09/2022,3800,3900,3900,3592,3980,3930,3900,3600,3800
15/09/2022,3800,3900,3900,3592,3980,3930,3900,3600,3800
14/09/2022,3800,3900,3900,3592,3980,3930,3900,3600,3800
13/09/2022,3800,3900,3900,3592,3980,3930,3900,3600,3800
12/09/2022,3800,3900,3900,3592,3980,3930,3900,3600,3800
10/09/2022,3800,3900,4000,NR,4000,3900,3900,3600,3800
09/09/2022,3800,3900,4000,NR,4000,3900,3900,3600,3800
08/09/2022,3800,3900,4000,3592,4000,3900,3900,3600,3800
07/09/2022,3800,3900,4000,3562,4000,3900,3900,3600,3800
06/09/2022,3800,3900,4000,3562,NR,3900,3900,3600,3800
05/09/2022,3800,3900,4000,3562,4000,3900,3900,3600,3800
02/09/2022,3800,3900,4000,3562,4000,3900,3900,3600,3800
01/09/2022,3800,3900,4000,3562,4000,3900,3900,3600,3800
30/08/2022,3900,3800,4000,3562,4000,3900,3900,3600,3800
29/08/2022,3900,3800,4000,3562,4000,3900,3900,3600,3800
26/08/2022,3900,3800,4000,3562,4050,3900,3900,NR,3800
25/08/2022,3850,3800,3900,3562,4050,3900,3900,NR,3700
24/08/2022,3800,3800,3900,3562,4050,3900,3900,3600,3750
23/08/2022,3800,3800,3900,3562,4050,3900,3900,3600,3750
22/08/2022,3800,3800,3900,3562,4050,3900,3900,3600,3750
19/08/2022,3800,3800,3900,NR,NR,NR,3900,3600,3750
18/08/2022,3800,3800,3900,3562,4050,3900,3900,3600,3750
17/08/2022,3800,3800,3800,3562,4050,3900,3900,3600,3750
16/08/2022,3800,3800,3800,NR,4050,3900,3900,3600,3750
12/08/2022,3800,3800,3800,3562,4000,3860,3900,3600,3700
10/08/2022,3800,3800,3800,3562,4000,3860,3900,3600,3680
09/08/2022,NR,3800,NR,NR,NR,NR,3900,3600,3680
08/08/2022,3800,3800,3800,3562,4000,3860,3900,3600,3680
05/08/2022,3800,3800,3800,3562,4000,3860,3900,3600,3680
04/08/2022,3800,3800,3700,3562,4000,3810,3900,3600,3680
03/08/2022,3700,3800,3700,3562,4000,3810,3900,3600,3680
02/08/2022,3700,3800,3700,3467,4000,3810,3900,3600,3700
01/08/2022,3700,3900,3700,3467,4000,3810,3900,3600,3700
29/07/2022,3700,3900,3700,3467,4000,3810,3900,3600,3700
28/07/2022,3700,3900,NR,NR,4000,3810,3900,3600,3700
27/07/2022,3700,3900,3700,3482,4000,3810,3900,3600,3700
26/07/2022,3700,3900,3700,3467,4000,3810,3900,3600,3700
25/07/2022,3700,3800,3700,3467,4000,3810,3900,3600,3700
22/07/2022,3700,NR,3700,3467,4000,3810,3900,3600,3700
21/07/2022,3700,3800,3700,3467,4000,3810,3900,3600,3700
20/07/2022,3700,3800,3700,3467,4000,3810,3900,3600,3820
19/07/2022,3700,3800,3700,3469,4000,3810,3900,3600,3820
18/07/2022,3700,3800,3700,3469,4000,3810,3900,3600,3820
15/07/2022,3700,3800,3700,3469,4000,3800,3900,3600,3820
14/07/2022,3650,3800,3700,3469,4000,3800,3900,3600,3820
13/07/2022,3650,3800,3700,3469,4000,3800,3900,3600,3820
12/07/2022,3650,3800,3700,3469,4000,3800,3900,3600,3750
11/07/2022,3650,3800,3700,3458,4000,3800,3900,3600,3700
08/07/2022,3650,3800,3700,3458,4000,3800,3900,3600,3700
07/07/2022,3650,3800,3700,3458,4000,3800,3900,3600,3700
06/07/2022,3650,3800,3700,3458,4000,3800,3900,3600,3700
05/07/2022,3650,3800,3700,3358,4000,3800,3900,3600,3800
04/07/2022,3650,3800,3700,3462,4000,3800,3900,3600,3800
01/07/2022,3720,3800,3700,3462,4000,3800,3900,3600,3800
30/06/2022,3700,NR,3700,3462,NR,3800,3900,3600,3800
29/06/2022,3700,3800,3700,3462,4000,3800,3900,3600,3800
28/06/2022,3700,3800,3700,3462,4000,3820,3900,3600,3800
27/06/2022,3700,3800,3700,3472,4000,3820,3900,3600,3800
24/06/2022,3700,3800,3750,3472,4000,3820,3900,3600,3800
23/06/2022,3700,3800,3750,3472,4000,3820,3900,3600,3800
22/06/2022,3700,3800,3750,3472,4000,3820,3900,3600,3800
21/06/2022,3700,3800,3750,3476,4000,3820,3900,3600,3800
17/06/2022,3700,3800,3750,3536,4000,3820,3900,3600,3800
16/06/2022,3700,3800,3750,3536,4000,3820,3900,3600,3800
15/06/2022,3680,3800,3750,3536,4000,3820,3900,3600,3800
14/06/2022,3680,3800,3750,3536,4000,3820,3900,3600,3800
13/06/2022,3680,3800,3750,3536,4000,3820,3900,3600,3800
10/06/2022,3680,3800,3750,3536,4000,3820,3900,3600,3800
09/06/2022,3680,3800,3750,3536,4000,3820,3900,3600,3900
08/06/2022,3680,3800,3750,3536,4000,3820,3900,3600,3900
07/06/2022,3700,3800,3750,3536,4000,3820,3900,3600,3900
06/06/2022,3700,3800,3750,3537,4000,3820,3900,3600,3800
03/06/2022,3700,3800,NR,3537,4000,3820,3900,3600,3800
02/06/2022,3700,3800,3750,3537,4000,3820,3900,3600,3800
01/06/2022,3650,3800,3750,3537,4000,3800,3900,3600,3800
31/05/2022,3650,3800,3750,3557,4000,3800,3900,3600,3800
30/05/2022,3650,3800,3750,3557,4000,3800,3900,3600,3800
27/05/2022,3650,3800,3750,3557,4000,3780,3900,3600,3800
26/05/2022,3650,3800,3750,3557,4000,3780,3900,3600,3800
25/05/2022,3680,3800,3750,3557,4000,3780,3900,3600,3800
24/05/2022,3680,3800,NR,3557,4000,3780,3900,3600,3800
23/05/2022,3700,3800,3750,3557,4000,3780,3900,3600,3800
20/05/2022,3700,3800,3750,3557,3900,3780,3900,3600,3800
19/05/2022,3700,3800,3750,3557,3900,3780,3900,3600,3800
18/05/2022,3740,3800,3750,3557,3900,3780,3900,3600,3800
17/05/2022,3740,3800,3750,3557,NR,3780,3900,3600,3800
16/05/2022,3740,3800,NR,NR,NR,3780,3900,3600,3800
13/05/2022,3740,3800,3750,3557,3900,3780,3900,3600,3800
12/05/2022,3740,3800,3750,3557,3900,3780,3900,3600,3800
11/05/2022,3740,3800,NR,3557,3900,3780,3900,3600,3800
10/05/2022,3740,3800,3750,3557,3900,3780,3900,3600,3800
09/05/2022,3740,NR,3750,3557,3900,3780,3900,3600,3800
06/05/2022,3740,3800,3750,3532,3900,3790,3900,3600,3800
05/05/2022,3740,3800,3750,3532,3900,3790,3900,3600,3800
04/05/2022,3740,3800,NR,3532,3900,3790,3900,NR,3800
03/05/2022,3740,3800,3750,NR,NR,3790,NR,NR,3800
02/05/2022,3740,3800,3750,3532,3900,3790,3900,3600,3800
29/04/2022,3740,3800,NR,3532,3900,3790,3900,3600,3700
28/04/2022,3690,3800,3750,3532,3900,3790,3900,3600,3700
27/04/2022,3690,3800,3750,3532,3900,3790,3900,3600,3700
26/04/2022,3700,3800,NR,3532,3900,3790,3900,3600,3700
25/04/2022,3700,3800,NR,3532,3900,3790,3900,3600,3700
22/04/2022,3700,3800,3750,3532,3880,3780,3900,3600,3700
21/04/2022,3650,3800,NR,3532,3880,3780,NR,3600,3700
20/04/2022,3650,3800,3750,3532,3880,3780,3900,3600,3700
19/04/2022,3700,3800,3750,NR,3880,3780,3900,3600,3700
18/04/2022,3700,3800,3750,3541,3880,3780,3900,3600,3700
15/04/2022,3700,3800,NR,NR,NR,3750,NR,NR,3700
14/04/2022,3700,3800,3750,NR,NR,3750,NR,NR,3700
13/04/2022,3700,3800,3750,3541,3880,3750,3900,3600,3700
12/04/2022,3700,3800,3750,3541,3850,3750,3900,3600,3700
11/04/2022,3700,3800,3750,3541,3850,3750,3900,3600,3600
07/04/2022,3680,3800,3750,3472,3850,3750,3900,3600,3600
06/04/2022,3680,3800,3750,3472,3850,3750,3900,3600,3600
05/04/2022,3680,3800,3800,3472,3850,3750,3900,NR,3600
04/04/2022,3680,3800,3800,3472,NR,3720,3900,3600,3600
01/04/2022,3650,3800,3800,3472,3850,3720,3900,3600,3600
31/03/2022,3650,3900,3800,3472,3850,3720,3900,3600,3600
30/03/2022,3650,4000,3800,3472,3850,3720,3900,3600,3600
29/03/2022,3660,4000,NR,3472,3850,3720,3900,3600,3650
28/03/2022,3660,4000,NR,3472,3850,3720,3900,3600,3650
25/03/2022,3680,4000,NR,3358,3850,3720,3900,3600,3650
24/03/2022,3680,4000,NR,3392,3850,3720,3900,3600,3650
23/03/2022,3680,4000,NR,NR,3850,3720,3900,3600,3650
22/03/2022,3680,4000,NR,3392,3850,3720,3900,3600,3650
21/03/2022,3680,4000,NR,3392,3850,3720,3900,3600,3600
17/03/2022,3720,4000,NR,3392,NR,3690,3900,3600,3600
16/03/2022,3720,4000,NR,3392,3850,3690,3900,3600,3600
15/03/2022,3720,4000,NR,3392,3850,3690,3900,3600,3600
14/03/2022,3720,4000,3800,3392,3850,3690,3900,3600,3600
12/03/2022,3720,NR,NR,NR,3850,3690,3900,NR,3600
11/03/2022,3720,4000,3800,3392,3850,3690,3900,3600,3600
10/03/2022,3720,NR,NR,NR,3850,3690,3900,NR,3600
09/03/2022,3700,4000,NR,3392,3800,3690,3900,3600,3600
08/03/2022,3700,4000,3800,3392,3800,3690,3900,3600,3600
07/03/2022,3700,4000,3800,NR,3800,3690,3900,3600,3600
05/02/2022,3700,3800,4000,NR,3800,3690,3900,3600,3600
04/02/2022,3700,4000,3800,3392,3800,3690,3900,3600,3600
03/02/2022,3700,4000,NR,3382,3800,3690,3900,3600,3600
02/03/2022,3700,4000,NR,3382,3800,3690,3900,3600,3600
01/03/2022,3700,4000,NR,NR,NR,3690,3900,NR,3600
28/02/2022,3700,4000,3800,3382,3800,3690,3900,3600,3600
26/02/2022,3700,4000,NR,NR,3800,3690,NR,3600,3600
25/02/2022,3700,4000,3800,3392,3800,3690,4000,3600,3600
24/02/2022,3700,4000,3800,3392,3800,3690,4100,3600,3600
23/02/2022,3680,4000,3800,3392,3800,3690,4100,3600,3700
22/02/2022,3680,4000,NR,3362,3800,3690,4100,3600,3700
21/02/2022,3680,4000,NR,3362,3800,3680,4100,3600,3700
19/02/2022,3680,NR,NR,NR,3800,3680,4000,3600,3700
18/02/2022,3680,4000,NR,3362,3800,3680,4000,3600,3700
17/02/2022,3680,NR,NR,3382,3800,3680,4000,3600,3700
16/02/2022,3680,4000,NR,3372,NR,3680,4000,3600,3700
15/02/2022,3680,NR,NR,NR,3800,3680,NR,3600,3700
14/02/2022,3660,4000,NR,3372,3800,3680,4000,3600,3700
12/02/2022,3660,4000,NR,NR,3800,3680,NR,3600,3700
11/02/2022,3660,4000,3800,3372,NR,3680,4000,3600,3700
10/02/2022,3660,4000,NR,NR,3800,3680,4000,3600,3600
09/02/2022,3660,4000,3800,3372,3800,3680,4100,3600,3600
08/02/2022,3660,4000,3800,3412,3800,3680,4100,3600,3700
07/02/2022,3680,4000,NR,3412,3900,3720,4100,3600,3700
05/02/2022,3680,4000,NR,NR,NR,3720,4100,3600,3700
04/02/2022,3680,4000,NR,3402,3900,3720,4100,3600,3700
03/02/2022,3680,4000,NR,3402,3900,3720,4100,3600,3700
02/02/2022,3680,NR,3800,3402,3900,3720,4100,3600,3700
01/02/2022,3680,4000,3800,3402,3900,3720,4100,3600,3700
31/01/2022,3680,4000,3800,3402,3900,3730,NR,3600,NR
29/01/2022,3680,4000,3800,NR,3900,3730,4100,3600,3700
28/01/2022,3680,4000,NR,3402,3900,3730,4100,3600,3700
27/01/2022,3680,4000,NR,3402,3900,3730,4100,3600,3700
25/01/2022,3700,4000,NR,3452,3900,3760,4100,3600,3700
24/01/2022,3700,4000,NR,3452,3900,3760,4100,3600,3700
22/01/2022,3700,4000,NR,NR,3900,3810,NR,3600,3700
21/01/2022,3700,4000,NR,3452,3900,3810,4100,3600,3700
20/01/2022,3700,4000,NR,3452,3900,3810,4100,3600,3700
19/01/2022,3700,4000,3800,3452,3900,3810,4100,3600,3700
18/01/2022,3700,4000,NR,NR,3900,3810,4100,3600,3700
17/01/2022,3700,4000,NR,3452,3900,3860,4100,3600,3700
15/01/2022,3680,4000,NR,NR,3900,3860,NR,NR,3700
14/01/2022,3680,4000,NR,3452,NR,3860,NR,NR,3700
13/01/2022,3680,4000,NR,3452,NR,3860,4100,3600,NR
12/01/2022,3680,NR,3800,3452,3900,3860,4100,3600,3700
11/01/2022,3680,4000,NR,3452,3900,3860,4100,NR,3700
10/01/2022,3680,4000,NR,3452,3900,3860,4100,3600,3700
08/01/2022,3860,4000,NR,NR,3900,3860,4100,NR,3800
07/01/2022,3680,4000,NR,3462,3900,3860,4100,3600,3800
06/01/2022,3680,4000,3800,3462,3900,3860,4100,3600,3800
05/01/2022,3680,4000,NR,3462,3900,3860,4100,3600,3800
04/01/2022,3680,4000,NR,3462,3900,3860,4100,NR,3800
03/01/2022,3650,NR,3800,3492,3900,3860,4100,NR,3700
01/01/2022,3650,NR,NR,NR,NR,3860,4100,NR,3700
31/12/2021,3650,4000,NR,3492,3900,3860,4100,3600,3700
30/12/2021,3700,NR,NR,3482,3900,3860,4100,3600,3700
29/12/2021,3700,4000,NR,3472,3900,3860,4100,3600,3700
28/12/2021,3750,NR,NR,NR,3900,3860,4100,3600,3800
27/12/2021,3750,4000,NR,3482,3900,3890,4100,3600,3800
25/12/2021,3750,4000,NR,NR,NR,3890,NR,NR,3800
24/12/2021,3750,4000,NR,3482,4100,3890,4100,3600,3800
23/12/2021,3750,4000,NR,3482,3900,3890,4100,3600,3800
22/12/2021,3800,NR,NR,3482,3900,3800,4100,3600,3800
21/12/2021,3780,4000,NR,3482,3900,3800,4100,3600,3800
20/12/2021,3780,4000,NR,3482,3900,3800,4100,3600,3800
18/12/2021,3780,4000,NR,NR,4000,3800,4100,3700,3700
17/12/2021,3780,4000,NR,3482,4000,3800,4100,3700,3700
16/12/2021,3780,4000,NR,3482,4000,3800,4100,3700,3700
15/12/2021,3780,NR,NR,3482,4000,3800,4100,3700,3700
14/12/2021,3780,NR,NR,3482,4000,3800,4100,3700,3700
13/12/2021,3780,4000,NR,NR,4000,3800,4100,NR,3700
11/12/2021,3780,NR,NR,NR,4000,3950,4100,NR,3650
10/12/2021,3780,4000,NR,3462,4000,3950,4100,NR,3650
09/12/2021,3780,4000,3600,3462,4000,3950,4100,NR,3700
08/12/2021,3800,4000,3800,3462,4000,3950,4100,NR,3700
07/12/2021,3800,4000,NR,3462,4000,3950,4100,3700,3700
06/12/2021,3800,4000,3800,3462,4000,3950,4100,3700,3700
04/12/2021,3800,4000,3800,NR,4000,3950,4100,3600,3700
03/12/2021,3800,4000,3800,3462,4000,3950,4100,3600,3700
02/12/2021,3800,4000,NR,3462,4000,3950,4100,3600,3700
01/12/2021,3800,4000,NR,3462,4000,3950,4100,3600,3700
30/11/2021,3750,4000,NR,3462,4000,3950,4100,3600,3700
29/11/2021,3750,4000,NR,3462,4000,3950,4100,3800,3700
27/11/2021,3800,4000,3800,NR,4100,3950,4100,3600,3700
26/11/2021,3800,4000,NR,3476,4100,3950,4100,3800,3700
25/11/2021,3800,4000,NR,3476,4100,3950,4100,3800,3800
24/11/2021,3820,NR,NR,3476,4100,3950,4100,3800,3800
23/11/2021,3820,4000,NR,3482,4100,3950,4100,3800,3800
22/11/2021,3820,4000,NR,3612,4100,3950,4100,3800,3800
20/11/2021,3840,4000,NR,NR,4100,3950,4100,NR,3800
19/11/2021,3840,NR,NR,NR,NR,3950,4100,NR,3800
18/11/2021,3840,NR,NR,3612,4100,3950,4100,3800,3800
17/11/2021,3840,4000,3790,3612,4100,3950,4100,3800,3800
16/11/2021,3840,4000,3790,3612,4100,3950,4100,3800,3850
15/11/2021,3840,4000,3790,3612,NR,3950,4100,3800,3850
13/11/2021,3840,4000,NR,NR,4100,3950,NR,NR,3850
12/11/2021,3840,4000,3850,3612,4100,3950,4100,3800,3850
11/11/2021,3840,4000,3850,3612,NR,3950,4100,3800,3850
10/11/2021,3870,4000,NR,3602,NR,3950,4100,3800,3850
09/11/2021,3870,4000,3800,3602,4100,3950,4100,3800,3900
08/11/2021,3870,4000,NR,3602,4100,3950,4100,3800,3900
06/11/2021,3840,4000,NR,NR,NR,3950,NR,3800,3900
05/11/2021,3840,4000,NR,NR,NR,3950,4100,3800,3900
03/11/2021,3840,4000,NR,3602,4100,3950,4100,3800,3900
02/11/2021,3840,4000,NR,3602,4100,3950,4100,3800,3900
01/11/2021,3840,4000,NR,3602,4100,3950,4100,3800,3900
30/10/2021,3860,4000,3850,NR,4100,3950,4100,3800,3900
29/10/2021,3860,4000,3850,3602,4100,3950,4100,3800,3900
28/10/2021,3860,4000,3850,3602,4100,3950,4100,3800,3900
27/10/2021,3860,4000,3850,3602,4100,3950,4100,3800,NR
27/10/2021,3860,4000,3850,3602,4100,3950,4100,3800,NR
26/10/2021,3860,4000,NR,3602,4100,3950,4100,3800,3900
25/10/2021,3840,NR,3800,3602,4100,3950,4100,3800,3900
23/10/2021,3840,3400,3800,NR,4100,3950,NR,NR,3900
21/10/2021,3840,3400,NR,3672,4100,3950,4100,NR,3900
20/10/2021,3820,3400,3800,3672,4100,3950,4100,3800,3950
19/10/2021,3820,3400,3800,NR,NR,3950,4100,NR,3950
18/10/2021,NR,3400,3800,3672,4100,3950,NR,3800,3950
16/10/2021,3820,3400,NR,NR,4100,3950,4100,NR,3950
14/10/2021,NR,3400,NR,3652,NR,3950,NR,NR,3950
13/10/2021,3820,3400,3800,3652,NR,3950,NR,3800,3950
12/10/2021,3820,3400,NR,3672,NR,3950,4100,NR,3900
11/11/2021,3800,3400,NR,NR,4100,3950,4100,3800,3900
09/10/2021,3800,3400,NR,NR,4100,3950,NR,NR,3900
08/10/2021,3800,3400,3800,3672,4100,3950,4100,3800,3900
07/10/2021,3800,3400,3800,3672,NR,3950,4100,4100,3800
06/10/2021,3800,3400,NR,3672,4100,3950,4100,NR,3900
05/10/2021,3800,3900,NR,3672,4100,3950,4000,3500,3900
04/10/2021,3800,3900,NR,3672,4100,3950,3900,3800,3900
02/10/2021,3800,3900,3800,NR,NR,3950,NR,NR,3900
01/10/2021,3800,3900,3800,3652,4100,3950,3800,3800,3900
30/09/2021,3800,3900,3800,3652,4100,3950,3800,3800,3900
29/09/2021,3780,3900,3800,3672,4100,3950,3800,NR,3900
28/09/2021,3780,3900,3800,3672,4100,3950,3800,NR,3900
27/09/2021,3780,3900,3800,3672,4100,3900,3800,NR,3900
25/09/2021,3760,3900,3800,NR,4100,3850,NR,3800,3900
24/09/2021,3760,3900,3800,3672,4100,3850,3800,3600,3900
23/09/2021,3760,3900,3800,3672,4100,3850,3800,3600,3900
22/09/2021,3760,3900,3800,3662,NR,3850,3800,3600,3900
21/09/2021,3760,3900,3800,3662,4050,3850,3800,NR,3900
20/09/2021,3800,3900,3800,3662,4050,3850,3800,NR,3900
18/09/2021,3800,3900,NR,NR,4050,3850,3800,3800,3900
17/09/2021,3800,3900,NR,3662,NR,3850,NR,NR,3900
16/09/2021,3760,3900,NR,3642,4050,3850,3800,NR,3900
15/09/2021,3760,3900,NR,3652,4050,3850,3800,3600,3900
14/09/2021,3750,3900,NR,3652,4050,3850,3800,3600,3900
13/09/2021,3750,3900,NR,3782,4000,3850,3800,3600,3900
11/09/2021,3750,3900,NR,NR,4000,3850,NR,NR,3900
10/09/2021,3750,3900,NR,NR,NR,3850,3800,NR,3900
09/09/2021,3750,3900,NR,3646,4000,3850,3800,NR,3900
08/09/2021,3750,3900,NR,3646,4000,3850,NR,3600,3900
07/09/2021,3780,3900,3800,3642,4000,3850,3800,3600,3900
06/09/2021,3780,3900,3800,3562,4000,3850,3800,NR,3900
04/09/2021,3760,3900,NR,NR,3950,3850,3800,3600,NR
03/09/2021,3760,3900,NR,3562,3950,3850,3800,3600,3900
02/09/2021,3760,3900,NR,3562,3950,3850,3800,3600,3900
01/09/2021,3760,3900,NR,3562,3950,3850,3800,3600,3900
31/08/2021,3680,3900,NR,NR,3950,3850,3800,NR,NR
30/08/2021,3680,3900,3600,3562,NR,3850,3800,3600,NR
28/08/2021,3680,3900,NR,NR,3950,3850,NR,3400,3820
27/08/2021,3680,3900,NR,3592,3950,3850,3900,3400,3820
26/08/2021,3700,NR,NR,3592,3950,3850,3900,3400,3820
25/08/2021,3700,3900,NR,3592,3950,3850,3900,NR,3740
24/08/2021,3700,3900,3900,3580,3950,3850,3900,3400,3740
23/08/2021,3700,3900,3900,3500,3950,3850,3700,3400,3740
21/08/2021,3700,3900,3900,NR,3800,3480,3800,3400,3740
20/08/2021,3700,NR,3900,3500,NR,3480,3800,NR,3740
19/08/2021,3700,3900,3900,NR,3800,3480,3800,3400,3740
18/08/2021,3700,3900,3900,3382,3800,3480,3700,3400,3540
17/08/2021,3700,3900,3900,3342,3800,3480,3700,NR,3540
16/08/2021,3580,3900,3900,NR,3800,3480,3700,NR,3540
14/08/2021,3580,3900,3900,NR,3800,3480,NR,NR,3540
13/08/2021,3580,3900,3900,3342,3800,3480,3700,3400,3540
12/08/2021,3540,3900,3900,3342,3800,3480,3700,3400,3540
11/08/2021,3540,3900,3900,3342,3800,3480,3700,3400,3500
10/08/2021,3540,3900,3900,3322,3750,3480,3700,3400,3500
09/08/2021,3540,3900,3900,3322,NR,3480,3700,3400,3500
07/08/2021,3540,3900,3900,NR,3750,3480,3700,3400,NR
06/08/2021,3500,3900,NR,NR,3750,3480,3700,3400,3500
05/08/2021,3500,NR,NR,3332,3680,3480,3700,3400,3500
04/08/2021,3500,3900,NR,3282,3680,3480,3700,3400,3500
03/08/2021,3500,3900,NR,3282,3680,3480,3700,3400,3460
02/08/2021,3450,3900,NR,3242,3680,3480,3700,NR,3460
31/07/2021,3450,3900,NR,NR,3680,3480,3650,3400,NR
30/07/2021,3450,3900,NR,3232,3680,3480,3650,3400,NR
29/07/2021,3450,3900,NR,3232,3680,3480,3650,3400,3460
28/07/2021,3440,3900,3900,3232,3680,3480,3650,NR,3460
27/07/2021,3440,3900,3900,3232,3680,3480,3650,3400,3460
26/07/2021,3440,3900,3900,3232,3680,3480,3650,NR,3460
24/07/2021,3440,3900,3900,NR,3680,3480,NR,3400,3460
23/07/2021,3440,3900,3900,3232,3680,3480,3650,3400,3460
22/07/2021,3440,3900,3900,3232,3680,3480,3650,3400,3460
21/07/2021,3470,3900,3900,NR,NR,3480,3650,NR,3460
20/07/2021,3470,3900,3900,NR,3680,3480,3650,NR,3460
19/07/2021,3470,3900,3900,3232,3680,3480,3650,NR,3460
16/07/2021,3460,3900,3900,3232,3680,3480,3650,NR,3460
15/07/2021,3460,3900,3900,3232,3680,3480,3650,3400,3460
14/07/2021,3450,3900,3900,3232,3680,3480,3650,3400,3460
13/07/2021,3450,3900,3900,3232,3680,3480,3650,NR,3460
12/07/2021,3450,3900,3900,3226,NR,3520,3650,NR,3460
10/07/2021,3450,3900,3900,NR,3680,3520,3700,NR,NR
09/07/2021,3450,3900,3900,3226,3680,3520,3700,NR,NR
08/07/2021,3450,NR,3900,NR,3680,3520,3700,NR,NR
07/07/2021,3450,3900,3900,3232,3680,3520,3700,NR,3460
06/07/2021,3460,3900,3900,3232,3680,NR,3700,NR,3460
05/07/2021,3460,3900,3900,3232,3680,3500,3700,NR,3460
03/07/2021,3460,3900,3900,NR,3680,3600,3600,NR,3460
02/07/2021,3460,3900,3900,3226,3680,3600,3600,NR,3460
01/07/2021,3460,3900,3900,3226,3680,3600,3600,NR,3460
30/06/2021,3460,3900,3900,3226,NR,3600,3600,NR,3460
29/06/2021,3460,3900,3900,3226,3680,3600,3600,NR,3460
28/06/2021,3450,NR,NR,3226,3680,3600,3600,NR,3460
25/06/2021,3450,3900,3800,3226,3720,3600,3600,NR,3460
24/06/2021,3450,3900,NR,3232,3720,3600,3600,NR,3460
23/06/2021,3450,3900,NR,3232,3720,3600,3600,NR,NR
22/06/2021,3450,3900,NR,3232,3720,3600,3600,NR,3480
21/06/2021,3450,3900,NR,NR,3720,3600,3700,NR,3480
19/06/2021,3470,3900,3800,NR,3720,3600,3700,3400,3480
18/06/2021,3470,3900,3800,3232,3720,3600,3700,3400,3480
17/06/2021,3470,3900,3800,3232,3720,3600,3700,3400,3480
16/06/2021,3470,3900,3800,3232,3720,3600,3700,3400,3480
15/06/2021,3470,3900,3800,3266,3720,3600,3700,NR,3480
14/06/2021,3470,3900,3800,3242,3720,3600,3700,3400,3480
12/06/2021,3470,3900,3800,NR,NR,3600,NR,NR,NR
11/06/2021,3470,3900,3800,3242,3720,3600,3700,3400,3480
10/06/2021,3470,3900,NR,3242,3720,3600,3700,3400,3480
09/06/2021,3470,3900,NR,3352,3720,3600,3700,3400,3480
08/06/2021,3480,3900,4000,3352,3720,3600,3700,3400,3480
07/06/2021,3480,3900,4000,NR,3720,3600,3700,3400,NR
05/06/2021,3480,3900,4000,NR,3720,3600,3700,NR,NR
04/06/2021,3480,3900,4000,3352,3720,3600,3700,NR,NR
03/06/2021,3480,3900,4000,3352,3720,3600,3700,NR,NR
02/06/2021,3480,NR,4000,3352,3720,3600,3700,NR,NR
01/06/2021,3480,NR,4000,NR,3720,3600,3700,3400,NR
31/05/2021,3480,3900,4000,3252,3720,3600,3700,3400,NR
29/05/2021,3480,3900,4000,NR,3850,3600,3700,NR,NR
28/05/2021,3480,3900,4000,3242,3850,3600,3700,NR,NR
27/05/2021,3480,3900,4000,3242,3850,3600,3700,3400,NR
26/05/2021,3480,NR,4000,NR,NR,3600,3700,3400,NR
25/05/2021,3480,3900,4000,3242,3850,3600,3700,3400,NR
24/05/2021,3480,3900,NR,3252,3850,3600,3700,3400,NR
22/05/2021,3490,3900,NR,NR,3850,3600,3700,3400,NR
21/05/2021,3490,3900,NR,3252,3850,3600,3700,3420,3560
20/05/2021,3490,3900,NR,3252,3850,3600,3700,3420,NR
19/05/2021,3490,3900,NR,3252,3850,3600,3700,3420,3560
18/05/2021,3470,3900,4000,3252,3850,3600,3700,3420,3580
17/05/2021,3470,3900,4000,3262,3850,3600,3700,3420,3580
15/05/2021,3470,3900,4000,NR,3850,3600,3700,NR,NR
14/05/2021,3470,3900,4000,3262,NR,3600,3700,NR,NR
13/05/2021,3470,3900,4000,NR,3800,3600,3700,NR,NR
12/05/2021,3490,3900,4000,3262,3800,3600,3700,NR,NR
11/05/2021,3520,3900,4000,3262,3800,3000,3700,NR,3560
10/05/2021,3520,3900,4000,3500,3800,3640,3700,NR,3560
08/05/2021,3540,3900,4000,NR,3800,3580,NR,NR,3560
07/05/2021,3540,3900,NR,3252,3500,3580,3700,3400,3560
06/05/2021,3540,3800,NR,3252,3800,3580,3700,NR,3560
05/05/2021,3540,3800,NR,3252,3800,3580,3700,3400,3560
04/05/2021,3540,3800,NR,3252,3750,3580,3700,3400,NR
03/05/2021,3540,3800,NR,3252,3750,3580,3700,NR,NR
30/04/2021,3540,3700,NR,3252,3750,3580,3700,NR,3520
29/04/2021,3450,3700,NR,3252,3750,3580,3700,NR,3520
28/04/2021,3500,3700,NR,3252,3750,3580,3700,3400,3520
27/04/2021,3500,3700,NR,3262,3750,3580,3700,3400,3600
26/04/2021,3500,3700,NR,NR,3750,3580,3700,3400,3600
24/04/2021,3450,3700,NR,NR,3750,3580,3720,NR,3600
23/04/2021,3450,3700,NR,3262,3750,3580,3720,NR,3600
22/04/2021,3450,3700,NR,3220,3750,3580,3720,NR,3600
21/04/2021,3450,3700,NR,NR,NR,3580,NR,NR,3600
20/04/2021,3450,3700,NR,3220,3750,3580,NR,3400,3600
19/04/2021,3450,3700,NR,3262,3750,3580,NR,NR,3600
17/04/2021,3450,NR,NR,NR,3700,3580,NR,3400,3600
16/04/2021,3450,3700,NR,3242,NR,3580,NR,NR,3600
15/05/2021,3460,3700,NR,3242,NR,3580,NR,NR,3600
14/04/2021,3460,NR,NR,NR,NR,3580,NR,NR,3600
12/04/2021,3460,3800,NR,3242,3680,3580,3650,NR,3600
10/04/2021,3460,3800,NR,NR,3680,NR,NR,NR,3600
09/04/2021,3460,3800,NR,3253,3680,3580,3650,NR,3600
08/04/2021,3450,3800,NR,3253,3680,3580,3650,NR,3600
07/04/2021,3450,3800,NR,3253,3680,3580,3700,NR,3600
06/04/2021,3450,3800,NR,3213,3680,3580,NR,NR,NR
05/04/2021,3450,3800,3800,3222,3680,3580,3700,NR,NR
03/04/2021,3450,3800,NR,NR,3680,3500,3700,NR,3460
02/04/2021,3450,3800,3800,NR,NR,3500,NR,NR,NR
01/04/2021,3450,3800,3800,3222,3680,3500,3700,NR,3500
31/03/2021,3420,3800,3800,3222,3680,3500,3700,3500,3500
30/03/2021,3420,3800,3800,3222,3680,3500,3700,NR,3450
29/03/2021,NR,3800,3800,NR,NR,3500,NR,NR,3450
27/03/2021,3420,3700,3800,NR,3680,3700,3700,NR,3450
26/03/2021,3420,3700,3800,3220,3680,3500,3700,NR,3450
25/03/2021,3400,3700,3800,3222,3680,3500,3700,NR,3450
24/03/2021,3400,3700,NR,3222,3680,3500,3700,3500,3450
23/03/2021,3400,3700,NR,3222,3680,3520,3700,NR,3460
22/03/2021,3400,3700,NR,NR,3680,3520,3700,NR,3460
20/03/2021,3400,3700,NR,NR,3650,3520,3700,NR,3460
19/03/2021,3400,3700,NR,3222,3650,3520,3700,3400,3460
18/03/2021,3400,3700,NR,3222,3650,3520,3700,3300,3460
17/03/2021,3400,3700,3900,3222,3650,3520,NR,NR,3460
16/03/2021,3400,3800,3900,3222,3650,3520,NR,NR,3450
15/03/2021,3400,3800,NR,3400,NR,3520,NR,NR,3450
13/03/2021,3420,3800,NR,3222,3650,3520,NR,NR,3450
12/03/2021,3420,3800,NR,3222,3650,3520,NR,NR,3450
11/03/2021,3420,3800,3450,NR,NR,3520,NR,NR,3450
10/03/2021,3420,3800,3450,3222,3650,3520,NR,3400,3450
09/03/2021,3420,3800,3450,NR,3650,3520,3700,3400,3550
08/03/2021,3420,3800,3450,3222,3650,3520,3700,3400,3550
06/03/2021,3430,3800,3450,NR,3650,3520,3700,NR,3550
05/03/2021,3420,3800,3450,3222,3650,3520,3700,3400,3550
04/03/2021,3420,3800,3450,3222,NR,3520,3700,NR,3550
03/03/2021,3420,3800,3450,3222,3650,3520,3700,NR,3550
02/03/2021,3420,3800,3450,3222,3650,3520,3700,NR,3500
01/03/2021,3420,3800,3450,3222,NR,3520,3700,3600,NR
27/02/2021,3440,3850,3450,NR,3600,3520,NR,3300,3500
26/02/2021,3440,3850,3450,NR,3600,3520,3700,NR,3500
25/02/2021,3440,3850,3450,3222,3600,3520,3700,NR,3500
24/02/2021,3440,3850,NR,3222,3600,3520,3700,NR,3650
23/02/2021,3440,3850,3450,3202,3600,3630,3700,3300,3450
22/02/2021,3440,3850,3450,3202,3600,3630,NR,3300,3450
20/02/2021,3440,3850,3450,NR,NR,3630,3700,3300,3450
19/02/2021,3440,3850,3450,NR,3600,3630,3700,3300,3450
18/02/2021,3440,3850,3450,3202,NR,3630,3700,3300,3450
17/02/2021,3450,3850,3450,3202,3600,3630,3700,3300,3450
16/02/2021,3450,3850,NR,3222,NR,3630,3700,NR,3400
15/02/2021,3450,3900,3800,3222,3600,3630,3700,NR,3400
13/02/2021,3430,3900,3800,NR,3600,3630,NR,NR,3400
12/02/2021,3430,3900,3800,3222,3600,3630,3700,3300,3400
11/02/2021,3430,3900,3800,3222,3600,3630,3700,NR,3400
10/02/2021,3430,3900,3800,3242,3600,3630,3700,3300,3460
09/02/2021,3430,3900,3800,3242,3600,3630,3700,3300,3460
08/02/2021,3430,3900,3800,3242,3600,3630,3700,NR,3460
06/02/2021,3430,3900,NR,NR,3600,3420,3700,NR,3460
05/02/2021,3430,3900,NR,3222,3600,3420,3700,3300,3460
04/02/2021,3430,3900,3800,3222,3600,3420,3700,3300,NR
03/02/2021,3430,3900,3800,3222,3600,3600,NR,3300,3460
02/02/2021,3430,3900,3800,3222,3600,3600,NR,3300,3460
01/02/2021,3430,3900,3800,3222,3600,3600,NR,NR,3460
30/01/2021,NR,NR,3800,3360,3600,3600,NR,3350,3460
29/01/2021,3390,NR,3800,3212,3600,3600,NR,3300,3460
28/01/2021,3390,NR,3800,3212,3600,3600,NR,NR,NR
27/01/2021,3380,NR,3800,3222,3600,3600,NR,NR,3420
25/01/2021,3380,NR,3800,3202,3600,3600,NR,3300,3420
23/01/2021,3390,NR,3800,NR,NR,3600,NR,3300,3420
22/01/2021,3390,3900,3800,3202,3600,3600,NR,3300,3420
21/01/2021,3390,3900,3800,3202,3600,3600,NR,NR,3420
20/01/2021,3390,3900,NR,3202,3600,3600,NR,NR,3420
19/01/2021,3400,NR,NR,3222,3750,3600,NR,NR,3420
18/01/2021,3420,4000,NR,3222,3750,3600,NR,NR,NR
16/01/2021,3460,4000,NR,3222,3750,3600,NR,NR,NR
15/01/2021,3460,4000,NR,3222,3750,3600,NR,NR,NR
14/01/2021,3520,4000,NR,3222,NR,3600,NR,NR,3440
13/01/2021,3520,NR,NR,3220,NR,3600,NR,NR,3440
12/01/2021,3500,4000,NR,3222,3750,3600,NR,NR,3440
11/01/2021,3500,4000,NR,NR,3750,3600,NR,NR,3440
09/01/2021,3550,NR,NR,NR,3750,3600,NR,3300,3440
08/01/2021,3550,4000,NR,3242,3750,3600,NR,3300,3440
07/01/2021,3550,4000,NR,3242,3750,NR,NR,3300,3440
06/01/2021,3500,4000,NR,3242,3750,3600,NR,NR,3440
05/01/2021,3500,4000,NR,3242,3750,3600,NR,3400,3480
04/01/2021,3500,4000,NR,3232,3750,3600,NR,NR,3480
31/12/2020,3500,4000,3900,3232,3750,3600,3800,3400,3480
30/12/2020,3500,4000,3900,3222,3750,3600,3800,3400,3480
29/12/2020,3500,4000,3900,3242,3750,3600,3800,3400,3550
28/12/2020,3500,4000,3900,3332,NR,3600,3800,3400,3550
26/12/2020,3520,4000,3900,NR,3750,3600,3800,3400,3550
25/11/2020,3520,NR,3900,NR,NR,3600,3800,3400,3550
24/12/2020,3520,4000,3900,3327,3750,3600,3800,3400,3550
23/12/2020,3520,4000,3900,3327,3750,3600,3800,3400,3550
22/12/2020,3500,4000,3900,3327,3750,3600,3800,3400,3550
21/12/2020,3500,4000,3900,3337,3750,3600,3800,3400,3550
19/12/2020,3540,4000,3900,NR,3800,3600,3800,3400,3550
18/12/2020,3540,4000,3900,3349,3800,3600,3800,3400,3550
17/12/2020,3540,4000,3900,3349,3800,3600,3800,3400,3550
16/12/2020,3540,4000,3900,3349,3800,3600,3800,3400,3550
15/12/2020,3520,4000,3900,3349,3800,3600,3800,3400,3480
14/12/2020,3500,4000,3900,3349,3800,3600,3800,3400,3480
12/12/2020,3540,4000,3900,NR,3800,3600,3800,3400,3480
11/12/2020,3540,4000,3900,3349,3800,3600,3800,3400,3480
10/11/2020,3540,4000,3900,3349,3800,3600,3800,3400,3480
09/12/2020,3520,4000,3900,3349,3800,3650,3800,3400,3480
08/12/2020,3520,4000,3900,NR,NR,3650,3800,3400,NR
07/12/2020,3520,4000,3900,3349,3800,3650,3800,NR,3560
05/12/2020,3500,4000,3900,3280,3800,3650,3800,3500,3560
04/12/2020,3500,4000,3900,3280,3800,3650,3800,3500,3560
03/12/2020,3500,4000,3900,NR,3800,3650,NR,3500,3560
02/12/2020,3500,4000,3900,NR,3800,3650,NR,3500,3560
01/12/2020,3500,4000,3900,NR,3800,3650,NR,3500,3560
30/11/2020,3500,NR,3900,NR,NR,3650,NR,3500,3560
28/11/2020,3500,4000,3900,NR,3800,3650,NR,3500,3560
27/11/2020,3500,4000,3900,3280,3800,3650,3800,3600,3560
26/11/2020,3500,4000,3900,3280,3800,3650,3800,NR,3600
25/11/2020,3560,4000,3900,3280,3780,3650,3800,3600,NR
24/11/2020,3540,4000,3900,3280,3780,3650,NR,3400,3600
23/11/2020,3540,4000,3900,3280,3780,3650,3800,3400,3600
21/11/2020,3520,4000,3900,NR,NR,3650,3800,3400,3600
20/11/2020,3520,4000,3900,3280,NR,3650,3800,3400,3600
19/11/2020,3520,4000,3900,3280,3780,3650,3800,3400,3600
18/11/2020,3520,4000,3900,3282,3780,3650,3800,3400,3600
17/11/2020,3540,4000,3900,3282,3780,3650,3800,3400,3560
13/11/2020,3540,4000,3900,3282,3780,3650,3800,3400,3560
12/11/2020,3540,4000,3900,3282,3780,3650,3800,3400,3560
11/11/2020,3520,4000,3900,3282,3780,3650,3800,3400,3560
10/11/2020,3520,4000,3900,3282,3780,3650,3800,3400,3600
09/11/2020,3520,4000,3900,3282,3700,3650,3800,3400,3600
07/11/2020,3560,4000,3900,NR,3700,3650,3800,3400,3600
06/11/2020,3560,4000,3900,3282,3700,3650,3800,3400,3600
05/11/2020,3560,4000,3900,3286,3700,3650,3800,3400,3600
04/11/2020,3560,4000,3900,3282,3700,3650,3800,3400,3600
03/11/2020,3560,4000,3900,3282,3700,3650,3800,3400,3600
02/11/2020,3540,4000,3900,3282,3700,3730,3800,3400,3600
31/10/2020,3580,4000,3900,NR,3700,3750,3800,3400,3550
30/10/2020,NR,4000,3900,NR,NR,3750,3800,3400,3550
29/10/2020,3510,4000,3900,3392,3700,3680,3800,3400,3550
28/10/2020,3510,4000,3900,3392,3700,3680,3800,3400,3550
27/10/2020,3510,4000,3900,3392,3700,3680,3800,3400,3550
26/10/2020,3510,4000,3900,3392,NR,3680,3800,3400,3550
24/10/2020,3470,4000,3900,NR,NR,3680,3800,3400,3550
23/10/2020,3470,4000,3900,3292,NR,3680,3800,3400,3550
22/10/2020,3470,4000,3900,3292,3700,3680,3800,3400,3550
21/10/2020,3470,4000,3900,3292,3700,3680,3800,3400,3550
20/10/2020,3470,4000,3900,3292,3700,3680,3800,3400,3600
19/10/2020,3470,4000,3900,3292,3700,3680,3800,3400,3600
17/10/2020,3470,4000,3900,NR,NR,3680,3800,3400,3600
16/10/2020,3470,4000,NR,3392,3700,3680,3800,3400,3600
15/10/2020,3500,4000,3900,3302,3700,3680,3800,3400,3600
14/10/2020,3500,4000,3900,3322,3700,3680,3800,3400,3600
13/10/2020,3500,4000,3900,3322,3700,3680,3800,3400,3600
12/10/2020,3500,4000,3900,3334,3700,3680,3800,3400,3600
10/10/2020,3500,4000,3900,NR,3750,3680,3800,3400,NR
09/10/2020,3500,4000,3900,3332,3750,3680,3800,3400,3600
08/10/2020,3470,4000,3900,3332,3750,3680,3800,3400,3600
07/10/2020,3470,4000,3900,3342,3750,3680,3800,3400,3600
06/10/2020,3470,4000,3900,3342,3750,3680,3800,3400,3680
05/10/2020,3470,4000,3900,3342,NR,3680,3800,3400,3680
03/10/2020,3500,4000,3900,NR,3780,3680,3800,3400,3680
02/10/2020,NR,4000,3900,NR,NR,3680,3800,3400,3680
01/10/2020,3500,4000,3900,3342,3780,3680,3800,3400,3680
30/09/2020,3500,4000,3900,3352,3780,3680,3800,3400,3680
29/09/2020,3500,4000,3900,3352,3780,3680,3800,3400,3640
28/09/2020,3500,4000,3900,3372,3780,3680,3800,3400,3640
26/09/2020,3500,NR,3900,NR,3800,3680,3800,3400,3640
25/09/2020,3500,4000,3900,3372,3800,3680,3800,3400,3640
24/09/2020,3490,4000,3900,3372,3800,3680,3800,3400,3640
23/09/2020,3490,4000,3900,3372,NR,3680,3800,3400,3640
22/09/2020,3490,4000,3900,3372,3800,3680,3800,3400,3640
21/09/2020,3490,4000,3900,3362,3800,3730,3800,3400,3640
19/09/2020,3520,4000,3900,NR,3800,3730,3800,3400,3640
18/09/2020,3520,4000,3900,3362,3800,3730,3800,3400,3640
17/09/2020,3520,4000,3900,3362,3800,3730,3800,3400,3640
16/09/2020,3520,4000,3900,3362,3800,3730,3800,3400,3640
15/09/2020,3500,4000,3900,3362,3800,3730,3800,3400,3620
14/09/2020,3500,4000,3900,3362,3750,3730,3800,3400,3620
12/09/2020,3500,NR,3900,NR,3750,3730,3800,3400,3620
11/09/2020,3500,4000,3900,3362,3750,3730,3800,3400,3620
10/09/2020,3500,4000,3900,3362,3750,3730,3800,3400,3620
09/09/2020,3500,4000,3900,3362,3750,3730,3800,3400,3620
08/09/2020,3500,4000,3900,3382,3750,3730,3800,3400,3620
07/09/2020,3500,4000,3900,3382,3750,3730,3800,3400,3620
05/09/2020,3500,NR,3900,NR,3750,3730,3800,3400,3620
04/09/2020,3500,4000,3900,3362,3750,3730,3800,3400,3620
03/09/2020,3500,4000,3900,3362,3750,3730,3800,3400,3620
02/09/2020,3500,4000,3900,3362,3750,3730,3800,3400,3620
01/09/2020,3560,4000,3900,3362,3750,3730,3800,3400,3620
31/08/2020,3560,4000,3900,3382,3750,3730,3800,3400,3620
29/08/2020,NR,NR,3900,NR,NR,3730,3800,3400,3620
28/08/2020,3560,4000,3900,3362,3750,3730,3800,3400,3620
27/08/2020,3540,4000,3900,3362,3750,3730,3800,3400,3620
26/08/2020,3540,4000,3900,3362,3750,3730,3800,3400,3620
25/08/2020,3540,4000,3900,3362,3750,3730,3800,3400,3620
24/08/2020,3560,4000,3900,3362,3750,3730,3800,3400,3620
21/08/2020,3540,4100,3900,3412,3750,3730,3800,3400,NR
20/08/2020,3540,4100,3900,3412,3750,3730,3800,3400,3620
19/08/2020,3570,4100,3900,3372,3750,3730,3800,3400,3620
18/08/2020,3570,4100,3900,3372,3750,3730,3800,3400,3500
17/08/2020,3520,4000,3900,3372,3750,3700,3800,3400,3500
14/08/2020,3540,4000,3900,3382,3750,3700,3800,3400,3500
13/08/2020,3540,4000,3900,3382,3750,3700,3800,3400,3500
12/08/2020,3520,NR,3900,3382,NR,3720,NR,3400,3500
11/08/2020,3520,4000,3900,3382,3750,3720,3800,3400,3500
10/08/2020,3520,4000,3900,3400,3750,3720,3800,3400,NR
08/08/2020,3520,NR,3900,NR,3750,3720,3800,3400,3500
07/06/2020,3520,4000,3900,3382,3750,3720,3800,3400,3500
06/08/2020,3520,4000,3900,3382,3750,3720,3800,3400,3500
05/08/2020,3520,4000,3900,3382,3750,3720,3800,3400,3500
04/08/2020,3520,4000,3900,3382,3750,3720,3800,3400,3500
03/08/2020,3520,NR,3900,3382,NR,3720,3800,3400,3500
01/08/2020,3520,4000,3900,NR,NR,3720,NR,3400,3500
31/07/2020,3520,4000,3900,3382,3750,3720,3800,3400,3500
30/07/2020,3540,4000,3900,3382,3750,3720,3800,3400,3500
29/07/2020,3520,4000,3900,3382,3800,3720,3800,3400,3500
28/07/2020,3560,4000,NR,3382,3800,3720,3800,3400,3500
27/07/2020,3560,4000,3900,3382,3800,3720,3800,3400,3500
25/07/2020,3540,NR,3900,NR,3800,3690,3800,3400,3500
24/072020,3540,4000,3900,3382,3800,3690,3800,3400,3500
23/07/2020,3540,4000,3900,3382,3800,3690,3800,3400,3500
22/07/2020,3540,4000,3900,3382,3800,3690,3800,3400,3500
21/07/2020,3540,4000,3900,3382,3800,3690,3800,3400,3600
20/07/2020,3540,4000,3900,3382,3800,3690,3800,3400,3600
18/07/2020,3510,NR,3900,NR,3800,3690,3800,3400,3600
17/07/2020,3510,4000,3900,3382,3800,3690,3800,3400,3600
16/07/2020,3510,4000,3900,3382,3800,3690,3800,3400,3600
15/07/2020,3590,NR,3900,3382,3800,3690,3800,3400,3600
14/07/2020,3590,4000,3900,3382,3800,3690,3800,3400,3500
13/07/2020,3590,4000,3900,3382,3800,3690,3800,3400,3500
11/07/2020,3540,4000,3900,NR,3800,3690,3800,3400,3500
10/07/2020,3540,4000,3900,3382,3800,3690,3800,3400,3500
09/07/2020,3540,4000,3900,3372,3800,3690,3800,3400,3500
08/07/2020,3540,4000,3900,3372,3800,3600,3800,3400,3500
07/07/2020,3540,4000,3900,3350,3800,3600,3800,3400,3500
06/07/2020,3540,4000,3900,3350,3800,3600,3800,3400,3500
04/07/2020,3540,4000,3900,3350,3800,3600,3800,3400,3500
03/07/2020,3540,4000,3900,3350,3800,3600,3800,3400,3500
02/07/2020,3540,4000,3900,3342,3800,3600,3800,3400,3500
01/07/2020,3520,4000,3900,3342,3800,3600,3800,3400,3500
30/06/2020,3520,4000,3900,3362,NR,3600,3800,3400,3500
29/06/2020,3520,4000,3900,3362,3750,3580,3600,3400,3500
27/06/2020,3520,4000,3900,NR,3750,3580,3600,3400,3500
26/06/2020,3520,4000,3900,3362,3750,3580,3600,3400,3500
25/06/2020,3520,4000,3900,3362,NR,3580,3600,3400,3500
24/06/2020,3540,4000,3900,3362,3750,3580,3600,3400,3500
23/06/2020,3540,4000,3900,3362,NR,3580,3600,3400,3500
22/06/2020,3540,4000,3900,3362,3550,3580,3600,3400,3500
20/06/2020,3560,4000,3900,NR,3550,3580,3600,3400,3500
19/06/2020,3560,4000,3900,3436,3550,3580,3600,3400,3500
18/06/2020,3560,4000,3900,3322,3550,3580,3600,3400,3500
17/06/2020,3560,4000,3900,3342,3550,3580,3600,3400,3500
16/06/2020,3560,4000,3900,3322,3550,3580,3600,3400,3500
15/06/2020,3560,4000,3900,3322,3550,3580,3600,3400,3500
13/06/2020,3450,4000,3900,3322,3550,3580,3600,3400,3500
12/06/2020,3450,4000,3900,3322,3550,3580,3600,3400,3500
11/06/2020,3450,4000,3900,3322,3550,3580,3600,3400,3500
10/06/2020,3450,4000,3900,3352,3550,3580,3600,3400,3500
09/06/2020,3450,4000,3900,3352,3550,3520,3600,3400,3500
08/06/2020,3450,4000,3900,3342,3550,3520,3600,3400,3500
06/06/2020,3450,4000,3900,3342,3550,3530,3600,3400,3500
05/06/2020,3450,4000,3900,3342,3550,3530,3600,3400,3500
04/06/2020,3450,4000,3900,3352,3550,3530,3600,3400,3500
03/06/2020,3450,4000,3900,3352,3550,3530,3600,3400,3500
02/06/2020,3450,4000,3900,3322,3550,3530,3600,3400,NR
01/06/2020,3380,4000,3900,3322,3550,3530,3600,3400,3500
30/05/2020,3370,4000,3900,NR,3550,3530,3600,3400,3500
29/05/2020,3370,4000,3900,3332,NR,3530,3600,3400,3500
28/05/2020,3370,4000,3900,3332,3550,3530,3600,3400,3500
27/05/2020,3370,4000,3900,3332,3550,3530,3600,3400,3500
26/05/2020,3370,4000,3900,3332,3550,3530,3600,3400,3500
25/05/2020,3380,NR,3900,3332,NR,3530,3600,3400,3500
23/05/2020,3380,4000,3900,3332,3550,3530,3600,3400,3500
22/05/2020,3380,4000,3900,3332,3550,3530,3600,3400,3500
21/05/2020,3380,4000,3900,3332,3550,NR,3600,3400,3500
20/05/2020,3380,4000,3900,3332,3600,3550,3600,3400,3500
19/05/2020,3380,4000,3900,3332,3600,3550,3600,3400,3700
18/05/2020,3380,4000,3900,3332,3600,3550,3600,3400,3700
16/05/2020,3450,4000,3900,NR,3600,3550,3600,3400,3700
15/05/2020,3450,4000,3900,NR,3600,3550,3600,3400,3700
14/05/2020,3450,NR,3900,NR,3600,3670,3600,3400,3700
13/05/2020,3450,4000,3900,NR,NR,3670,3600,3400,3700
12/05/2020,3450,4000,3900,NR,3600,3650,3600,3400,3700
11/05/2020,3450,4000,3900,NR,3600,3750,3600,3400,3700
09/05/2020,3450,4000,3500,3332,3600,3750,3600,3400,3700
08/05/2020,3450,4000,3500,3332,3600,3750,3600,3400,3700
07/05/2020,3450,3900,3500,3332,NR,3750,3600,3400,NR
06/05/2020,3450,3900,3500,3332,3600,3750,3600,3400,3700
05/05/2020,3450,3900,3500,3332,NR,3750,3600,3400,3700
04/05/2020,3450,3900,3500,3332,3600,3750,3600,3400,3700
02/05/2020,3450,3900,3500,NR,NR,3750,3800,3400,3700
01/05/2020,3450,3900,3500,NR,NR,3750,3800,3400,3700
30/04/2020,3450,3900,3500,3332,3600,3750,3800,3400,3700
29/04/2020,3450,3900,3500,3332,NR,3750,3800,3400,NR
28/04/2020,3450,3900,3500,3332,3600,3750,3800,3400,NR
27/04/2020,3450,3900,3400,3332,3600,3750,3800,3400,NR
25/04/2020,3450,3900,3400,3332,3600,3750,3800,3400,NR
24/04/2020,3450,3900,3400,3332,3600,3750,3800,3400,4200
23/04/2020,3450,3900,3400,3332,3600,3750,3800,3400,4200
22/04/2020,3450,3900,3400,3332,3750,3750,3800,3400,4200
21/04/2020,3450,3900,3400,3332,3750,3750,3800,3400,4200
20/04/2020,3450,3900,3400,3332,NR,3750,3800,3400,4200
18/04/2020,3440,3800,3400,3332,3750,3750,3800,NR,4200
17/04/2020,3440,3800,3400,3332,3750,3750,3800,3400,4200
16/04/2020,3440,3800,3400,3332,NR,3750,3800,3400,4200
15/04/2020,3440,3800,3400,3332,3750,3750,3800,3400,4200
14/04/2020,3440,3800,3400,3332,3750,3750,3800,3400,4200
13/04/2020,3440,3800,3400,3332,NR,3750,3800,3400,4200
11/04/2020,3500,3800,3400,3332,3750,3750,3800,3400,3600
10/04/2020,3500,NR,3400,3332,NR,3750,3800,3400,NR
09/04/2020,3500,3800,3400,3332,3800,3750,3800,3400,3600
08/04/2020,3550,3800,3400,3332,3800,3750,3800,3400,3600
07/04/2020,3550,3800,3400,3332,3900,3640,3800,3400,NR
06/04/2020,3450,3800,3400,3332,3900,3640,3800,3400,NR
04/04/2020,3450,3800,3400,NR,3900,3640,3800,3400,3500
03/04/2020,3450,3800,3400,3332,3900,3640,3800,3400,3500
02/04/2020,3450,3900,3400,3332,NR,3640,3800,NR,3500
01/04/2020,3450,3900,3400,3332,3900,3640,3800,NR,NR
31/03/2020,3450,3900,3400,3332,3800,3620,3800,3400,3500
30/03/2020,3450,3800,3400,3332,3900,3620,3800,3400,3500
28/03/2020,3450,3800,3400,3332,3600,3620,3800,3400,NR
27/03/2020,3450,3800,3400,NR,NR,3620,3800,3400,3500
26/03/2020,3450,3800,3400,NR,3600,NR,3800,3400,3500
25/03/2020,3450,3800,3400,NR,NR,NR,3700,3400,3500
24/03/2020,3450,3800,3400,NR,NR,NR,3700,3400,3500
23/03/2020,3450,3800,3400,NR,NR,3560,3700,3400,NR
21/03/2020,3450,3800,3400,NR,3600,3560,3700,3400,3500
20/03/2020,3450,3800,3400,3332,3600,3560,3700,3400,3500
19/03/2020,3450,3800,3400,3332,3600,3560,3700,3400,3500
18/03/2020,3420,3800,3400,3332,3650,3560,3700,3400,3500
17/02/2020,3420,3800,3400,3332,3650,3560,3700,3400,3500
16/03/2020,3430,3800,3400,3332,3650,3560,3700,3400,3500
14/03/2020,3430,3800,3400,NR,3650,3580,3700,3400,3500
13/02/2020,3430,3800,3400,3332,3650,3580,3700,3400,3500
12/03/2020,3430,3800,3400,3332,3650,3580,3700,3400,3500
11/03/2020,3430,NR,3400,3332,3650,3580,3700,3400,3500
10/03/2020,NR,NR,3400,NR,NR,3580,3700,3400,3500
09/03/2020,3440,NR,3400,3362,NR,3580,3700,3400,3500
07/03/2020,3450,3800,3400,NR,3650,3580,3700,3400,3500
06/03/2020,3450,3800,3400,3362,3650,3580,3700,3400,3500
05/03/2020,3450,3800,3400,3362,3650,3580,3700,3400,3500
04/03/2020,3450,3800,3400,3362,3650,3580,3700,3400,3500
03/03/2020,3480,3800,3400,3362,3650,3580,3700,3400,3500
02/03/2020,3480,3800,3400,3362,3650,3650,3700,3400,3500
29/02/2020,3480,NR,3400,NR,3650,3650,3700,NR,3500
28/02/2020,3480,3800,3400,3362,3650,3650,3700,3400,3500
27/02/2020,3480,3800,3400,3362,3650,3650,3700,3400,3500
26/02/2020,3520,3800,3400,3362,3650,3650,3700,3400,3500
25/02/2020,3520,3800,3400,3362,3650,3670,3700,3400,3500
24/02/2020,3520,3800,3400,3362,3650,3660,3700,3400,3500
22/02/2020,3500,NR,3400,NR,3650,3660,3700,3400,3500
21/02/2020,3500,NR,3400,NR,NR,3660,3700,3400,3500
20/02/2020,3500,3800,3400,3400,3650,3660,3700,3400,3500
19/02/2020,3500,3800,3400,NR,3650,3660,3700,3400,3500
18/02/2020,3500,3800,3400,3400,NR,NR,3700,3400,3550
17/02/2020,3500,3800,3400,3400,3650,3660,3700,3400,3550
15/02/2020,3530,3800,3400,3400,3680,3660,3700,3400,3550
14/02/2020,3530,3800,3400,3402,3700,3660,3700,3400,3550
13/02/2020,3530,3800,3400,3402,3700,3660,3700,3400,3550
12/02/2020,3520,3800,3400,3402,3700,3660,3700,3400,3550
11/02/2020,3550,3800,NR,3402,3700,3660,3700,3400,NR
10/02/2020,3350,3800,3400,3402,3700,3680,3700,3400,3560
08/02/2020,NR,3800,NR,NR,NR,NR,NR,3400,NR
07/02/2020,3550,3800,3400,3392,3700,3670,3700,3400,3560
06/02/2020,3550,3800,3400,3392,3700,3670,3700,3400,3560
05/02/2020,3540,3800,3400,3292,3700,3670,3700,3400,3560
04/02/2020,3540,3800,3400,3392,3700,3670,3700,3400,3560
03/02/2020,3540,NR,NR,NR,3700,3670,3700,3400,NR
01/02/2020,3535,NR,NR,3402,NR,NR,NR,3400,3560
31/01/2020,3535,3800,NR,3402,3700,3660,NR,3400,3560
30/1/2020,3560,3800,3400,3402,NR,3725,3700,3400,3560
29/01/2020,3560,3800,3400,3402,3700,3660,3700,3400,3560
28/01/2020,3600,3800,3400,3402,3700,3660,3700,3400,NR
27/01/2020,3600,3800,3400,3402,3700,3680,3700,3400,3550
25/01/2019,3570,3800,3400,NR,3700,3680,NR,3400,3550
24/01/2019,3570,3800,3400,2402,3700,3680,3700,3400,3550
23/01/2020,3570,3800,3400,3402,NR,3670,3700,3400,3550
22/01/2020,3570,3800,3400,3380,NR,3670,3700,3400,3550
21/01/2020,3570,3800,3400,3380,3700,3670,3700,3400,3550
20/01/2020,3560,3800,3400,3380,3700,3660,3700,3400,3550
18/01/2020,3550,3800,3400,3380,3700,NR,3700,3400,3550
17/01/2020,3550,3800,3400,3382,3700,3670,3700,3400,3550
16/01/2020,3550,3800,3400,3380,3700,3660,3700,3400,3550
15/01/2020,3570,3800,3400,3382,3700,3600,3700,3400,3550
14/01/2020,3585,3800,3400,3382,3700,3600,3700,3400,3550
13/01/2020,3585,3800,3400,3375,3700,3620,3700,3400,3550
12/01/2020,3580,3800,3400,3366,3700,3640,3700,3400,3550
11/01/2020,3580,3800,3400,3366,3700,3640,3700,3400,3600
10/01/2020,3580,3800,3400,3366,3700,3640,3700,3400,3600
09/01/2020,3580,3800,3400,3366,3700,3640,3700,3400,3600
08/01/2020,3580,3800,3400,3366,3700,3640,3700,3400,3600
07/01/2020,3580,3800,3400,3366,3700,3640,3700,3400,3600
06/01/2020,3570,3800,3400,3366,3700,3680,3700,3400,3600
05/01/2020,3560,3800,3400,3375,3750,3680,3700,3400,3600
04/01/2020,3580,3800,3400,3375,3750,3680,3700,3400,3600
03/01/2020,3580,3800,3400,3375,3750,3680,3700,3400,3600
02/01/2020,3580,3800,3400,3375,3750,3680,3700,3400,3600
01/01/2020,3580,3800,3400,3375,3750,3680,3700,3400,3600
31/12/2019,3580,3800,3400,3375,3750,3680,3700,3400,3600
30/12/2019,3580,3800,3400,3385,3750,3680,3700,3400,3600
29/12/2019,3560,3800,3400,3392,3750,3610,3700,3400,3600
28/12/2019,3560,3800,3400,3392,3750,3610,3700,3400,3600
27/12/2019,3560,3800,3400,3392,3750,3610,3700,3400,3600
26/12/2019,3560,3800,3400,3392,3750,3610,3700,3400,3600
25/12/2019,3560,3800,3400,3392,3750,3620,3700,3400,3600
24/12/2019,3560,3800,3400,3392,3750,3620,3700,3400,3600
23/12/2019,3530,3800,3400,3386,3750,3620,3700,3400,3500
22/12/2019,3500,3800,3400,3386,3750,3620,3700,3400,3500
21/12/2019,3500,3800,3400,3386,3750,3620,3700,3400,3500
20/12/2019,3500,3800,3400,3383,3750,3620,3700,3400,3500
19/12/2019,3490,3800,3400,3383,3750,3620,3700,3400,3500
18/12/2019,3500,3800,3400,3383,3750,3620,3700,3400,3500
17/12/2019,3500,3800,3400,3386,3750,3620,3700,3400,3500
16/12/2019,3510,3800,3400,3342,3750,3620,3700,3400,3500
15/12/2019,3530,3800,3400,3342,3750,3620,3700,3400,3500
14/12/2019,3530,3800,3400,3342,3750,3620,3700,3400,3500
1312/2019,3530,3800,3400,3342,3750,3620,3700,3400,3500
12/12/2019,3510,3800,3400,3365,3750,3620,3700,3400,3500
11/12/2019,3510,3800,3400,3365,3750,3620,3700,3400,3500
10/12/2019,3520,3900,3400,3365,3750,3630,3700,3400,3500
09/12/2019,3520,3900,3400,3342,3750,3650,3800,3600,3500
08/12/2019,3520,3900,3400,3342,3750,3650,3800,3600,3500
07/12/2019,3520,3900,3400,3342,3750,3650,3800,3600,3500
06/12/2019,3520,3900,3400,3342,3750,3650,3800,3600,3500
05/12/2019,3560,3900,3400,3302,3750,3640,3800,3600,3500
04/12/2019,3580,3900,3400,3302,3750,3640,3800,3600,3500
03/12/2019,3580,3900,3400,3386,3750,3650,3800,3600,3600
02/12/2019,3600,3900,3400,3302,3750,3650,3800,3600,3600
01/12/2019,3600,4000,3400,3330,3750,3650,3800,3600,3600
30/11/2019,3600,4000,3400,3330,3750,3650,3800,3600,3600
29/11/2019,3600,4000,3400,3330,3750,3650,3800,3600,3600
28/11/2019,3580,4000,3400,3330,3750,3650,3800,3600,3600
2711/2019,3590,4000,3400,3372,3750,3650,3800,3600,3600
26/11/2019,3590,4000,3400,3372,3750,3650,3800,3600,3600
25/11/2019,3590,4000,3400,3322,3750,3650,3800,3600,3600
24/11/2019,3590,4000,3400,3322,3750,3640,3800,3600,3600
23/11/2019,3590,4000,3400,3322,3750,3640,3800,3600,3600
22/11/2019,3590,4000,3400,3322,3750,3640,3800,3600,3600
21/11/2019,3580,4000,3400,3322,3750,3650,3800,3600,3600
20/11/2019,3580,4000,3400,3332,3750,3650,3800,3600,3600
19/11/2019,3580,4000,3400,3312,3800,3640,3800,3600,3600
18/11/2019,3775,4000,3400,3372,3800,3630,3800,3600,3600
17/11/2019,3600,4000,3400,3312,3800,3640,3800,3600,3600
16/11/2019,3600,4000,3400,3312,3800,3640,3800,3600,3600
15/11/2019,3600,4000,3400,3312,3800,3640,3800,3600,3600
14/11/2019,3620,4000,3400,3342,3800,3620,3800,3600,3600
13/11/2019,3620,4000,3400,3362,3800,3650,3800,3600,3600
12/11/2019,3600,4000,3400,3362,3800,3700,3800,3600,3600
11/11/2019,3600,4000,3400,3362,3800,3700,3800,3600,3600
10/11/2019,3640,4000,3400,3362,3800,3700,3800,3600,3600
09/11/2019,3640,4000,3400,3362,3800,3700,3800,3600,3600
08/11/2019,3640,4000,3400,3362,3800,3700,3800,3600,3600
07/11/2019,3640,4100,3400,3362,3800,3710,3800,3600,3600
06/11/2019,3650,4100,3400,3372,3800,3700,3800,3500,3600
05/11/2019,3660,4100,3400,3382,3800,3720,3800,3500,3600
04/11/2019,3670,4100,3400,3372,3800,3720,3800,3500,3600
03/11/2019,3690,4100,3400,3372,3800,3720,3800,3500,3600
02/11/2019,3690,4100,3400,3372,3800,3720,3800,3500,3600
01/11/2019,3690,4100,3400,3372,3800,3720,3800,3500,3600
31/10/2019,3700,4100,3400,3372,3800,3700,3800,3500,3600
30/10/2019,3680,4100,3400,3372,3800,3700,3800,3500,3600
29/10/2019,3680,4100,3400,3372,3800,3700,3800,3500,3600
28/10/2019,3660,4100,3400,3372,3800,3700,3800,3500,3600
27/10/2019,3660,4100,3400,3372,3800,3700,3800,3500,3600
26/10/2019,3660,4100,3400,3372,3800,3700,3800,3500,3600
25/10/2019,3660,4100,3400,3372,3800,3700,3800,3500,3600
24/10/2019,3650,4100,3440,3342,3800,3700,3800,3500,3600
23/10/2019,3650,4100,3440,3342,3800,3700,3800,3500,3600
22/10/2019,3640,4100,3440,3342,3800,3700,3800,3500,3600
21/10/2019,3630,4100,3440,3342,3840,3700,3800,3500,3600
20/10/2019,3640,4000,3440,3342,3840,3680,3800,3500,3600
19/10/2019,3640,4000,3440,3342,3840,3680,3800,3500,3600
18/10/2019,3640,4000,3440,3342,3840,3680,3800,3500,3600
17/10/2019,3620,4000,3440,3392,3840,3670,3800,3500,3600
16/10/2019,3660,4000,3440,3392,3840,3670,3800,3500,3600
15/10/2019,3680,4000,3440,3390,3840,3740,3800,3500,3600
14/10/2019,3690,4000,3440,3392,3840,3730,3800,3500,3600
13/10/2019,3720,4000,3440,3402,3850,3730,3800,3500,3600
12/10/2019,3720,4000,3440,3402,3850,3730,3800,3500,3600
11/10/2019,3720,4000,3440,3402,3850,3730,3800,3500,3600
10/10/2019,3730,4000,3440,3400,3850,3730,3800,3500,3600
09/10/2019,3730,4000,3440,3412,3850,3730,3800,3500,3650
08/10/2019,3730,3900,3440,3412,3850,3720,3800,3500,3650
07/10/2019,3730,3900,3440,3412,3850,3720,3800,3500,3650
06/10/2019,3730,3900,3440,3412,3850,3720,3800,3500,3650
05/10/2019,3730,3900,3440,3412,3850,3720,3800,3500,3650
04/10/2019,3730,3900,3440,3412,3850,3720,3800,3500,3650
03/10/2019,3730,3900,3440,3412,3860,3720,3800,3500,3650
02/10/2019,3730,3900,3440,3412,3860,3725,3800,3500,3650
01/10/2019,3730,3900,3440,3412,3860,3720,3800,3500,3650
30/09/2019,3750,3900,3440,3412,3860,3730,3800,3500,3700
29/09/2019,3750,3900,3440,3422,3860,3720,3800,3500,3700
28/09/2019,3750,3900,3440,3422,3860,3720,3800,3500,3700
27/09/2019,3750,3900,3440,3422,3860,3720,3800,3500,3700
26/09/2019,3720,3900,3440,3412,3860,3730,3800,3500,3700
25/09/2019,3720,3900,3440,3412,3860,3730,3800,3500,3700
24/09/2019,3710,3900,3440,3412,3880,3730,3800,3500,3650
23/09/2019,3700,3900,3440,3422,3900,3720,3800,3500,3650
22/09/2019,3670,3900,3440,3412,3900,3730,3800,3500,3650
21/09/2019,3670,3900,3440,3412,3900,3730,3800,3500,3650
20/09/2019,3670,3900,3440,3412,3900,3730,3800,3500,3650
19/09/2019,3660,3900,3440,3402,3900,3740,3800,3500,3650
18/09/2019,3670,3900,3440,3402,3900,3700,3800,3500,3650
17/09/2019,3650,3900,3440,3402,3900,3700,3800,3500,3700
16/09/2019,3670,3900,3440,3402,3900,3720,3800,3500,3700
15/09/2019,3650,3900,3440,3402,3900,3720,3800,3500,3700
14/09/2019,3650,3900,3440,3402,3900,3720,3800,3500,3700
13/09/2019,3630,3900,3440,3402,3900,3720,3800,3500,3700
12/09/2019,3630,3900,3440,3452,3800,3720,3800,3500,3700
11/09/2019,3620,3900,3440,3452,3800,3700,3750,3500,3700
10/09/2019,3620,3900,3440,3452,3800,3700,3700,3500,3700
09/09/2019,3630,3900,3440,3452,3800,3700,3700,3500,3600
08/09/2019,3630,3900,3440,3402,3800,3680,3700,3500,3600
07/09/2019,3630,3900,3440,3402,3800,3680,3700,3500,3600
06/09/2019,3640,3900,3440,3402,3800,3680,3700,3500,3600
05/09/2019,3630,3900,3440,3402,3800,3690,3700,3500,3600
04/09/2019,3630,3900,3440,3402,3800,3680,3700,3500,3600
03/09/2019,3650,3900,3440,3352,3800,3690,3700,3500,3600
02/09/2019,3650,3900,3440,3346,3800,3700,3700,3600,3600
01/09/2019,3640,3900,3440,3346,3800,3690,3700,3600,3600
31/08/2019,3640,3900,3440,3346,3800,3690,3700,3600,3600
30/08/2019,3640,3900,3440,3342,3800,3690,3700,3500,3600
29/08/2019,3650,3900,3440,3382,3800,3690,3700,3500,3600
28/08/2019,3650,3900,3440,3402,3800,3690,3700,3500,3600
27/08/2019,3650,3900,3440,3402,3800,3680,3700,3500,3600
26/08/2019,3630,3900,3440,3402,3800,3680,3700,3500,3600
25/08/2019,3630,3900,3440,3402,3800,3550,3700,3500,3600
24/08/2019,3630,3900,3440,3402,3800,3680,3700,3500,3600
23/08/2019,3630,3900,3440,3402,3800,3680,3700,3500,3600
22/08/2019,3630,3900,3440,3402,3800,3680,3700,3500,3600
21/08/2019,3640,3900,3440,3402,3800,3680,3700,3500,3600
20/08/2019,3670,3900,3440,3402,3700,3680,3700,3500,3600
19/08/2019,3670,3900,3440,3402,3700,3680,3700,3500,3600
18/08/2019,3660,3900,3350,3392,3700,3660,3700,3500,3600
17/08/2019,3660,3900,3350,3392,3700,3660,3700,3500,3600
16/08/2019,3660,3900,3350,3392,3700,3660,3700,3500,3600
15/08/2019,3590,3900,3350,3252,3600,3620,3700,3500,3600
14/08/2019,3590,3900,3350,3252,3600,3620,3700,3433,3450
13/08/2019,3590,3900,3350,3252,3600,3620,3700,3433,3450
12/08/2019,3590,3900,3350,3252,3600,3620,3700,3433,3450
11/08/2019,3590,3900,3350,3252,3600,3620,3700,3433,3450
10/08/2019,3590,3900,3350,3252,3600,3620,3700,3433,3450
09/08/2019,3590,3900,3350,3252,3600,3620,3700,3433,3450
08/08/2019,3590,3900,3350,3252,3600,3620,3700,3433,3450
07/08/2019,3590,3900,3350,3252,3600,3620,3700,3433,3450
06/08/2019,3590,3900,3350,3252,3600,3620,3700,3433,3450
05/08/2019,3590,3900,3350,3252,3600,3620,3700,3433,3450
04/08/2019,3590,3900,3350,3252,3600,3620,3700,3433,3450
03/08/2019,3590,3900,3350,3252,3600,3620,3700,3433,3450
02/08/2019,3570,3900,3350,3232,3600,3620,3700,3400,3450
01/08/2019,3490,3900,3350,3232,3600,3570,3700,3400,3450
31/07/2019,3490,3900,3350,3232,3600,3580,3700,3400,3450
30/07/2019,3480,3900,3300,3242,3600,3590,3700,3400,3440
29/07/2019,3470,3900,3300,3232,3600,3590,3700,3400,3440
28/07/2019,3470,3900,3300,3232,3600,3580,3700,3400,3440
26/08/2019,3630,3900,3440,3402,3800,3680,3700,3500,3600
25/08/2019,3630,3900,3440,3402,3800,3550,3700,3500,3600
24/08/2019,3630,3900,3440,3402,3800,3680,3700,3500,3600
23/08/2019,3630,3900,3440,3402,3800,3680,3700,3500,3600
22/08/2019,3630,3900,3440,3402,3800,3680,3700,3500,3600
21/08/2019,3640,3900,3440,3402,3800,3680,3700,3500,3600
20/08/2019,3670,3900,3440,3402,3700,3680,3700,3500,3600
19/08/2019,3670,3900,3440,3402,3700,3680,3700,3500,3600
18/08/2019,3660,3900,3350,3392,3700,3660,3700,3500,3600
17/08/2019,3660,3900,3350,3392,3700,3660,3700,3500,3600
16/08/2019,3660,3900,3350,3392,3700,3660,3700,3500,3600
15/08/2019,3590,3900,3350,3252,3600,3620,3700,3500,3600
14/08/2019,3590,3900,3350,3252,3600,3620,3700,3433,3450
13/08/2019,3590,3900,3350,3252,3600,3620,3700,3433,3450
12/08/2019,3590,3900,3350,3252,3600,3620,3700,3433,3450
11/08/2019,3590,3900,3350,3252,3600,3620,3700,3433,3450
10/08/2019,3590,3900,3350,3252,3600,3620,3700,3433,3450
09/08/2019,3590,3900,3350,3252,3600,3620,3700,3433,3450
08/08/2019,3590,3900,3350,3252,3600,3620,3700,3433,3450
07/08/2019,3590,3900,3350,3252,3600,3620,3700,3433,3450
06/08/2019,3590,3900,3350,3252,3600,3620,3700,3433,3450
05/08/2019,3590,3900,3350,3252,3600,3620,3700,3433,3450
04/08/2019,3590,3900,3350,3252,3600,3620,3700,3433,3450
03/08/2019,3590,3900,3350,3252,3600,3620,3700,3433,3450
02/08/2019,3570,3900,3350,3232,3600,3620,3700,3400,3450
01/08/2019,3490,3900,3350,3232,3600,3570,3700,3400,3450
31/07/2019,3490,3900,3350,3232,3600,3580,3700,3400,3450
30/07/2019,3480,3900,3300,3242,3600,3590,3700,3400,3440
29/07/2019,3470,3900,3300,3232,3600,3590,3700,3400,3440
28/07/2019,3470,3900,3300,3232,3600,3580,3700,3400,3440
27/07/2019,3470,3900,3300,3232,3600,3580,3700,3400,3440
26/07/2019,3480,3900,3300,3232,3600,3580,3700,3400,3440
25/07/2019,3460,3900,3300,3232,3600,3580,3700,3400,3440
24/07/2019,3480,3900,3300,3232,3650,3580,3700,3400,3440
23/07/2019,3470,3900,3300,3232,3650,3570,3700,3400,3460
22/07/2019,3460,3900,3300,3232,3650,3580,3700,3400,3460
21/07/2019,3450,4000,3300,3232,3750,3580,3700,3400,3460
20/072019,3450,4000,3300,3232,3750,3580,3700,3400,3460
19/07/2019,3450,4000,3300,3232,3800,3580,3700,3400,3460
18/07/2019,3450,4000,3300,3232,3800,3570,3700,3400,3460
17/07/2019,3450,4000,3300,3232,3800,3570,3700,3400,3460
16/07/2019,3440,4000,3300,3232,3800,3630,3700,3400,3500
15/07/2019,3450,4000,3300,3232,3700,3630,3700,3400,3500
14/07/2019,3450,4000,3300,3232,3700,3620,3700,3400,3500
13/07/2019,3450,4000,3300,3232,3700,3620,3700,3400,3500
12/07/2019,3450,4000,3300,3232,3800,3620,3700,3400,3500
11/07/2019,3460,4000,3300,3232,3800,3620,3700,3400,3500
10/07/2019,3470,4000,3300,3232,3800,3650,3700,3400,3500
09/07/2019,3480,4000,3300,3232,3800,3640,3700,3400,3500
08/07/2019,3460,4000,3300,3232,3800,3640,3700,3400,3500
07/07/2019,3470,4000,3300,3242,3800,3650,3700,3400,3500
06/07/2019,3470,4000,3300,3242,3800,3650,3700,3400,3500
05/07/2019,3490,4000,3300,3232,3780,3650,3700,3400,3500
04/07/2019,3460,4000,3300,3232,3780,3620,3700,3400,3500
03/07/2019,3480,4000,3200,3232,3780,3620,3700,3400,3500
02/07/2019,3500,4000,3300,3232,3750,3640,3700,3400,3470
01/07/2019,3480,4000,3300,3232,3750,3620,3700,3400,3470
30/06/2019,3510,4000,3300,3232,3750,3630,3700,3400,3470
29/06/2019,3510,4000,3300,3232,3750,3630,3700,3400,3470
28/06/2019,3510,4000,3300,3252,3750,3630,3700,3400,3470
27/06/2019,3510,4000,3400,3252,3750,3630,3700,3400,3470
26/06/2019,3540,4000,3400,3252,3750,3630,3700,3400,3500
25/06/2019,3540,4000,3400,3252,3750,3630,3700,3400,3500
24/06/2019,3520,4000,3450,3252,3750,3630,3700,3400,3500
23/06/2019,3520,4000,3450,3252,3750,3640,3700,3400,3500
22/06/2019,3520,4000,3450,3252,3750,3620,3700,3400,3500
21/06/2019,3550,4000,3450,3252,3750,3640,3700,3400,3500
20/06/2019,3530,4000,3450,3252,3750,3640,3700,3400,3500
19/06/2019,3540,4000,3450,3252,3750,3670,3700,3400,3500
18/06/2019,3560,4000,3450,3252,3750,3660,3700,3400,3500
17/06/2019,3560,4000,3450,3262,3750,3650,3700,3400,3500
16/06/2019,3550,4000,3450,3262,3750,3660,3700,3400,3500
15/06/2019,3550,4000,3450,3262,3750,3660,3700,3400,3500
14/06/2019,3570,4000,3450,3262,3750,3660,3700,3400,3500
13/06/2019,3550,4000,3450,3262,3750,3650,3700,3400,3500
12/06/2019,3570,3900,3450,3262,3750,3650,3700,3400,3500
11/06/2019,3580,3900,3450,3262,3750,3670,3700,3400,3500
10/06/2019,3570,3900,3450,3272,3750,3670,3700,3400,3500
09/06/2019,3570,3900,3450,3272,3750,3670,3700,3400,3500
08/06/2019,3550,3900,3450,3272,3750,3680,3700,3400,3500
07/06/2019,3580,3900,3450,3272,3750,3680,3700,3400,3500
06/06/2019,3580,3900,3450,3272,3750,3680,3700,3400,3500
05/06/2019,3580,3900,3450,3272,3750,3670,3700,3400,3500
04/06/2019,3580,3900,3450,3272,3750,3670,3700,3400,3500
03/06/2019,3580,3900,3450,3272,3750,3670,3700,3400,3550
02/06/2019,3580,3900,3450,3272,3750,3600,3700,3400,3550
01/06/2019,3580,3900,3450,3272,3750,3600,3700,3400,3550
31/05/2019,3580,3900,3450,3272,3640,3600,3700,3400,3550
30/05/2019,3580,3800,3450,3272,3640,3600,3700,3400,3550
29/05/2019,3600,3800,3450,3292,3640,3640,3700,3400,3550
28/05/2019,3580,3800,3450,3272,3640,3620,3700,3400,3520
27/05/2019,3580,3800,3450,3272,3600,3630,3700,3400,3520
26/05/2019,3550,3800,3450,3225,3600,3640,3700,3400,3520
25/05/2019,3590,3800,3450,3225,3600,3640,3700,3400,3520
24/05/2019,3590,3800,3450,3225,3600,3640,3700,3400,3520
23/05/2019,3590,3800,3445,3272,3600,3600,3700,3400,3520
22/05/2019,3560,3800,3445,3272,3600,3600,3700,3400,3520
21/05/2019,3570,3800,3450,3272,3600,3650,3700,3400,3520
20/05/2019,3540,3800,3450,3272,3600,3640,3700,3400,3520
19/05/2019,3540,3800,3450,3372,3600,3630,3700,3400,3520
18/05/2019,3540,3800,3450,3372,3600,3630,3700,3400,3520
17/05/2019,3550,3800,3450,3372,3600,3630,3700,3400,3520
16/05/2019,3560,3800,3450,3272,3600,3630,3700,3400,3520
15/05/2019,3560,3800,3450,3262,3600,3630,3700,3400,3520
14/05/2019,3550,3800,3450,3262,3600,3620,3700,3400,3520
13/05/2019,3540,3800,3450,3262,3600,3620,3700,3400,3520
12/05/2019,3530,3800,3450,3262,3600,3580,3800,3400,3520
11/05/2019,3530,3800,3450,3262,3600,3580,3800,3400,3520
10/05/2019,3520,3800,3450,3262,3600,3580,3800,3400,3520
09/05/2019,3510,3800,3420,3262,3600,3580,3600,3400,3520
08/05/2019,3520,3800,3420,3256,3600,3580,3600,3400,3520
07/05/2019,3500,3800,3420,3252,3600,3570,3600,3400,3520
06/05/2019,3510,3800,3420,3252,3600,3570,3600,3400,3520
05/05/2019,3480,3800,3420,3252,3600,3550,3600,3400,3520
04/05/2019,3480,3800,3420,3252,3600,3550,3600,3400,3520
03/05/2019,3480,3800,3420,3242,3600,3550,3600,3400,3520
02/05/2019,3480,3800,3320,3242,3600,3550,3600,3400,3520
01/05/2019,3470,3800,3320,3230,3220,3550,3600,3400,3520
30/04/2019,3450,3800,3200,3230,3550,3550,3600,3400,3520
29/04/2019,3460,3800,3320,3230,3550,3550,3600,3400,3500
28/04/2019,3460,3800,3320,3230,3550,3500,3700,3400,3500
27/04/2019,3460,3800,3320,3230,3550,3500,3700,3400,3500
26/04/2019,3440,3800,3320,3230,3550,3500,3700,3400,3500
25/04/2019,3460,3800,3320,3242,3550,3500,3600,3400,3500
24/04/2019,3430,3800,3320,3242,3550,3500,3600,3400,3500
23/04/2019,3440,3800,3320,3246,3550,3500,3600,3400,3500
22/04/2019,3410,3800,3320,3242,3550,3500,3600,3400,3500
21/04/2019,3400,3800,3320,3242,3550,3520,3600,3400,3500
20/04/2019,3400,3800,3320,3242,3550,3520,3600,3400,3500
19/04/2019,3380,3800,3320,3222,3550,3520,3600,3400,3500
18/04/2019,3370,3800,3320,3222,3550,3520,3600,3400,3500
17/04/2019,3380,3800,3340,3212,3550,3520,3600,3400,3500
16/04/2019,3380,3800,3340,3212,3550,3520,3600,3400,3500
15/04/2019,3370,3800,3340,3232,3550,3520,3600,3400,3450
14/04/2019,3380,3800,3340,3232,3550,3520,3600,3400,3450
13/04/2019,3380,3800,3340,3232,3550,3520,3600,3400,3450
12/04/2019,3380,3800,3340,3232,3550,3520,3600,3400,3450
11/04/2019,3380,3800,3340,3232,3550,3520,3600,3400,3450
10/04/2019,3370,3800,3340,3232,3550,3500,3600,3400,3450
09/04/2019,3350,3800,3340,3232,3550,3500,3600,3400,3450
08/04/2019,3350,3340,3340,3222,3550,3500,3600,3400,3450
07/04/2019,3380,3800,3340,3232,3550,3420,3600,3400,3450
06/04/2019,3380,3800,3340,3232,3550,3420,3600,3400,3450
05/04/2019,3350,3800,3340,3232,3550,3420,3600,3400,3450
04/04/2019,3360,3800,3340,3222,3550,3420,3600,3400,3450
03/04/2019,3360,3800,3340,3222,3550,3400,3600,3400,3450
02/04/2019,3360,3800,3340,3222,3550,3400,3600,3400,3400
01/04/2019,3360,3800,3320,3222,3550,3400,3600,3400,3400
31/04/2019,3340,3800,3280,3222,3550,3430,3600,3400,3400
30/03/2019,3340,3800,3280,3232,3550,3430,3600,3400,3400
29/03/2019,3350,3800,3280,3232,3550,3430,3600,3400,3400
28/03/2019,3350,3800,3280,3202,3550,3420,3600,3400,3400
27/03/2019,3350,3800,3280,3246,3550,3420,3600,3400,3400
26/03/2019,3350,3800,3280,3226,3550,3400,3600,3400,3460
25/03/2019,3340,3800,3280,3226,3550,3400,3600,3400,3460
24/03/2019,3310,3800,3280,3112,3550,3470,3600,3400,3460
23/03/2019,3310,3800,3280,3112,3550,3470,3600,3400,3460
22-03-19,3310,3800,3340,3112,3550,3470,3600,3400,3460
21-03-19,3330,3800,3340,3212,3550,3470,3600,3400,3460
20-03-19,3330,3800,3340,3212,3550,3470,3600,3400,3460
19-03-19,3330,3800,3340,3236,3550,3470,3600,3400,3460
18-03-19,3320,3800,3340,3263,3550,3450,3600,3400,3460
17-03-19,3330,3800,3340,3263,3550,3450,3600,3400,3460
16-03-19,3330,3800,3340,3256,3550,3450,3600,3400,3460
15-03-19,3330,3800,3340,3256,3550,3450,3600,3400,3460
14-03-19,3340,3800,3340,3236,3550,3450,3600,3400,3460
13-03-19,3350,3800,3340,3242,3550,3460,3600,3400,3460
12-03-19,3360,3700,3340,3250,3550,3460,3600,3400,3460
11-03-19,3360,3700,3340,3250,3550,3470,3600,3400,3460
10-03-19,3370,3700,3340,3275,3600,3470,3600,3400,3460
09-02-19,3370,3700,3340,3275,3600,3470,3600,3400,3460
08-03-19,3360,3700,3340,3275,3600,3470,3600,3400,3460
07-03-19,3370,3700,3340,3256,3600,3470,3600,3400,3460
06-03-19,3350,3700,3340,3265,3600,3470,3600,3400,3460
05-03-19,3370,3700,3340,3252,3600,3520,3600,3400,3380
04-03-19,3360,3700,3340,3256,3600,3550,3600,3400,3380
03-03-19,3360,3700,3340,3256,3600,3550,3600,3400,3380
02-03-19,3380,3700,3340,3256,3600,3550,3600,3400,3380
01-03-19,3400,3700,3340,3255,3600,3550,3600,3400,3380
28-02-19,3430,3700,3340,3255,3600,3550,3600,3400,3380
27-02-19,3410,3700,3250,3252,3600,3550,3600,3400,3380
26-02-19,3430,3700,3250,3252,3600,3550,3600,3400,3380
25-02-19,3460,3700,3250,3262,3600,3550,3600,3400,3380
24-02-19,3460,3800,3250,3262,3600,3550,3600,3400,3380
23-02-19,3460,3800,3250,3262,3600,3550,3600,3400,3380
22-02-19,3460,3800,3250,3262,3600,3600,3600,3400,3380
21-02-19,3460,3800,3250,3263,3500,3540,3600,3400,3320
20-02-19,3480,3800,3250,3252,3500,3530,3600,3400,3320
19-02-19,3470,3900,3250,3125,3500,3520,3600,3400,3320
18-02-19,3470,3900,3250,3125,3500,3520,3600,3400,3320
17-02-19,3470,3900,3240,3125,3500,3450,3600,3400,3320
16-02-19,3470,3900,3240,3125,3500,3450,3600,3400,3320
15-02-19,3450,3900,3240,3125,3500,3450,3600,3400,3320
14-02-19,3370,3900,3240,3121,3500,3480,3600,3400,3320
13-02-19,3370,3900,3240,3121,3500,3470,3600,3400,3320
12-02-19,3380,3900,3240,3116,3500,3470,3600,3550,3320
11-02-19,3390,3900,3240,3116,3500,3460,3600,3550,3320
10-02-19,3360,3900,3250,3115,3550,3470,3600,3550,3320
09-02-19,3360,3900,3250,3115,3550,3470,3600,3550,3320
08-02-19,3360,3900,3250,3115,3550,3470,3600,3550,3320
07-02-19,3370,3900,3250,3105,3550,3470,3600,3550,3320
06-02-19,3380,3900,3250,3105,3550,3470,3600,3550,3340
05-02-19,3400,3900,3250,3116,3550,3460,3600,3600,3340
04-02-19,3400,3900,3250,3116,3550,3450,3600,3600,3340
03-02-19,3390,3900,3250,3116,3550,3450,3600,3600,3340
02-02-19,3390,3900,3250,3116,3550,3450,3600,3600,3340
01-01-19,3410,3900,3250,3116,3550,3450,3600,3600,3340
31-01-19,3410,3900,3220,3121,3550,3450,3600,3600,3340
30-01-19,3410,3900,3220,3121,3550,3450,3600,3600,3340
29-01-19,3430,3900,3220,3121,3550,3450,3600,3600,3340
28-01-19,3400,3900,3220,3125,3550,3450,3600,3600,3340
27-01-19,3430,3900,3220,3125,3550,3540,3600,3600,3340
26-01-19,3430,3900,3220,3125,3550,3540,3600,3600,3340
25-01-18,3430,3900,3220,3125,3550,3540,3600,3600,3340
24-01-19,3450,3900,3220,3125,3550,3540,3600,3600,3440
23-01-19,3450,3900,3220,3125,3550,3530,3600,3600,3440
22-01-19,3440,3900,3220,3132,3550,3530,3600,3600,3300
21-01-19,3460,3900,3220,3132,3550,3530,3600,3600,3300
20-01-19,3470,3900,3220,3132,3550,3530,3600,3600,3300
19-01-19,3470,3900,3220,3132,3550,3530,3600,3600,3300
18-01-19,3470,3900,3220,3132,3550,3530,3600,3600,3300
17-01-19,3460,3900,3220,3181,3550,3530,3600,3600,3300
16-01-19,3450,3900,3220,3105,3550,3530,3600,3600,3300
15-01-19,3410,3900,3220,3102,3550,3530,3600,3600,3300
14-01-19,3380,3900,3220,3101,3550,3500,3600,3600,3300
13-01-19,3360,3900,3220,3086,3550,3420,3600,3600,3300
12-01-19,3360,3900,3220,3086,3550,3420,3600,3600,3000
11-01-19,3350,3900,3220,3086,3550,3420,3600,3600,3300
10-01-19,3370,3900,3220,3096,3550,3440,3600,3600,3300
09-01-19,3360,3900,3220,3096,3550,3450,3600,3600,3300
08-01-19,3350,3900,3220,3096,3550,3450,3600,3600,3300
07-01-19,3360,3900,3220,3091,3550,3440,3600,3600,3600
06-01-19,3350,3900,3220,3082,3600,3450,3600,3600,3300
05-01-19,3350,3900,3220,3082,3600,3450,3600,3600,3300
04-01-19,3350,3900,3270,3072,3600,3450,3600,3600,3300
03-01-19,3320,3900,3270,3072,3600,3450,3600,3600,3300
24-12-18,3310,3900,3270,3082,3600,3450,3600,3600,3340
23-12-18,3310,3900,3270,3082,3600,3450,3600,3600,3340
22-12-18,3310,3900,3270,3082,3600,3450,3600,3600,3340
21-12-18,3310,3900,3270,3082,3600,3450,3600,3600,3340
20-12-18,3340,3900,3270,3089,3600,3460,3600,3600,3340
19-12-18,3310,3900,3270,3157,3600,3460,3600,3600,3340
18-12-18,3340,3900,3270,3157,3600,3450,3600,3600,3340
17-12-18,3300,3900,3270,3126,3600,3450,3600,3600,3340
16-12-18,3300,3900,3270,3076,3600,3450,3600,3600,3340
15-12-18,3300,3900,3270,3076,3600,3450,3600,3600,3340
14-12-18,3310,3900,3270,3262,3600,3450,3600,3600,3340
13-12-18,3310,3900,3270,3157,3600,3450,3600,3600,3340
12-12-18,3310,3900,3270,3062,3600,3460,3600,3600,3340
11-12-18,3400,3900,3270,3102,3600,3450,3600,3600,3340
10-12-18,3330,3900,3270,3102,3600,3450,3600,3600,3340
09-12-18,3340,3900,3270,3102,3600,3450,3600,3600,3340
08-12-18,3340,3900,3270,3102,3600,3450,3600,3600,3340
07-12-18,3340,3900,3270,3102,3600,3450,3600,3600,3340
06-12-18,3330,3900,3270,3082,3600,3460,3600,3600,3340
05-12-18,3350,3900,3270,3082,3600,3460,3600,3600,3340
04-12-18,3370,3900,3270,3132,3600,3460,3600,3600,3340
03-12-18,3350,3900,3270,3212,3600,3480,3600,3600,3400
02-12-18,3350,3900,3270,3300,3600,3480,3600,3600,3340
01-12-18,3350,3900,3270,3300,3600,3480,3600,3600,3340
30-11-18,3350,3900,3270,3132,3600,3480,3600,3600,3340
29-11-18,3360,3900,3380,3132,3600,3490,3600,3600,3340
28-11-18,3380,3900,3380,3142,3700,3500,3600,3600,3340
27-11-18,3380,3900,3380,3142,3700,3520,3600,3600,3500
26-11-18,3380,3900,3380,3142,3700,3520,3600,3600,3500
25-11-18,3390,3900,3380,3242,3700,3550,3700,3600,3500
24-11-18,3390,3900,3380,3242,3700,3550,3700,3600,3500
23-11-18,3380,3900,3380,3242,3700,3600,3700,3600,3500
22-11-18,3380,3900,3380,3242,3700,3600,3700,3600,3500
21-11-18,3400,3900,3380,3162,3700,3600,3700,3600,3500
20-11-18,3400,3900,3380,3162,3700,3600,3700,3600,3500
19-11-18,3400,3900,3380,3162,3700,3620,3700,3600,3500
18-11-18,3420,3900,3380,3162,3700,3620,3700,3600,3500
17-11-18,3420,3900,3380,3162,3700,3620,3700,3600,3480
16-11-18,3430,3900,3380,3162,3700,3620,3700,3600,3480
15-11-18,3450,3900,3380,3182,3700,3610,3700,3600,3480
14-11-18,3500,3900,3380,3182,3700,3610,3700,3600,3480
13-11-18,3500,3850,3380,3200,3700,3600,3700,3600,3480
12-11-18,3500,3850,3380,3240,3700,3600,3700,3600,3480
11-11-18,3480,3850,3380,3240,3700,3600,3700,3600,3480
10-11-18,3480,3850,3380,3240,3700,3620,3700,3600,3480
09-11-18,3480,3850,3380,3240,3700,3620,3700,3600,3480
08-11-18,3480,3850,3380,3240,3700,3620,3700,3600,3480
07-11-18,3480,3850,3380,3240,3700,3620,3700,3600,3480
06-11-18,3480,3850,3380,3240,3700,3620,3700,3600,3480
05-11-18,3470,3850,3380,3250,3700,3620,3700,3600,3480
04-11-18,3470,3820,3380,3250,3700,3620,3700,3600,3480
03-11-18,3470,3820,3380,3250,3700,3620,3700,3600,3480
02-11-18,3490,3850,3380,3262,3700,3620,3700,3600,3480
01-11-18,3480,3850,3380,3262,3700,3620,3700,3600,3500
31-10-18,3480,3850,3380,3262,3700,3620,3700,3600,3500
30-10-18,3480,3850,3380,3272,3700,3620,3700,3600,3500
29-10-18,3480,3850,3380,3212,3700,3620,3700,3600,3500
28-10-18,3500,3850,3380,3230,3750,3600,3700,3600,3500
27-10-18,3500,3850,3380,3230,3750,3600,3700,3600,3500
26-10-18,3500,3850,3380,3230,3750,3600,3700,3600,3500
25-10-18,3500,3850,3380,3202,3705,3590,3700,3600,3500
24-10-18,3500,3850,3400,3182,3750,3590,3700,3600,3500
23-10-18,3480,3850,3400,3182,3750,3590,3700,3600,3500
22-10-18,3470,3850,3400,3200,3750,3590,3700,3600,3500
21-10-18,3490,3850,3400,3200,3750,3600,3700,3600,3500
20-10-18,3490,3850,3400,3200,3750,3600,3700,3600,3500
19-10-18,3490,3850,3400,3200,3750,3600,3700,3600,3500
18-10-18,3470,3850,3400,3200,3750,3600,3700,3600,3500
17-10-18,3470,3850,3400,3200,3750,3600,3700,3600,3500
16-10-18,3460,3850,3400,3200,3750,3600,3700,3600,3500
15-10-18,3450,3850,3400,3200,3750,3590,3700,3600,3500
14-10-18,3450,3800,3400,3212,3780,3590,3700,3600,3500
13-10-18,3450,3800,3400,3212,3780,3590,3700,3600,3500
12-10-18,3450,3800,3400,3212,3750,3590,3700,3600,3500
11-10-18,3450,3800,3400,3216,3750,3600,3700,3600,3500
10-10-18,3450,3800,3400,3202,3750,3600,3700,3600,3500
09-10-18,3450,3800,3400,3216,3750,3600,3700,3600,3500
08-10-18,3450,3800,3400,3220,3750,3560,3700,3600,3500
07-10-18,3460,3800,3400,3220,3700,3560,3700,3600,3500
06-10-18,3460,3800,3400,3220,3700,3560,3700,3600,3500
05-10-18,3450,3800,3400,3220,3700,3560,3700,3600,3500
04-10-18,3480,3800,3400,3212,3700,3560,3700,3600,3500
03-10-18,3480,3800,3400,3212,3700,3560,3700,3600,3500
02-10-18,3480,3800,3350,3222,3700,3560,3700,3600,3500
01-10-18,3480,3800,3350,3222,3700,3650,3700,3600,3500
30-09-18,3450,3800,3350,3210,3700,3650,3700,3600,3500
29-09-18,3450,3800,3350,3210,3700,3650,3700,3600,3500
28-09-18,3450,3800,3350,3210,3700,3650,3700,3600,3500
27-09-18,3440,3800,3350,3210,3700,3640,3700,3600,3500
26-09-18,3450,3800,3350,3222,3700,3640,3700,3600,3480
25-09-18,3450,3800,3350,3222,3700,3640,3700,3600,3480
24-09-18,3450,3800,3350,3222,3700,3650,3700,3600,3480
23-09-18,3500,3800,3350,3222,3700,3640,3700,3600,3480
22-09-18,3500,3800,3350,3222,3700,3640,3700,3600,3480
21-09-18,3500,3800,3350,3222,3700,3640,3700,3600,3480
20-09-18,3450,3800,3350,3202,3700,3640,3700,3600,3480
19-09-18,3450,3800,3400,3202,3700,3640,3700,3600,3480
18-09-18,3450,3800,3400,3162,3700,3570,3700,3600,3480
17-09-18,3400,3800,3400,3162,3600,3570,3700,3600,3440
16-09-18,3410,3800,3400,3172,3600,3570,3700,3600,3440
15-09-18,3400,3800,3400,3172,3600,3570,3700,3600,3440
14-09-18,3400,3800,3400,3172,3600,3570,3700,3600,3440
13-09-18,3350,3800,3350,3172,3600,3560,3700,3600,3440
12-09-18,3350,3800,3350,3172,3600,3560,3700,3600,3440
11-09-18,3380,3800,3350,3181,3600,3560,3700,3600,3480
10-09-18,3380,3800,3350,3181,3600,3560,3700,3600,3480
09-09-18,3370,3800,3350,3180,3700,3570,3700,3600,3480
08-09-18,3370,3800,3350,3180,3700,3570,3700,3600,3480
07-09-18,3380,3800,3350,3180,3700,3570,3700,3600,3480
06-09-18,3390,3800,3400,3190,3700,3570,3700,3600,3480
05-09-18,3400,3800,3400,3205,3700,3570,3700,3600,3540
04-09-18,3400,3800,3400,3205,3700,3550,3700,3600,3540
03-09-18,3400,3800,3400,3205,3700,3550,3700,3600,3540
02-09-18,3400,3800,3400,3205,3700,3550,3700,3600,3540
01-09-18,3400,3800,3400,3205,3700,3550,3700,3600,3540
31-08-18,3380,3800,3400,3212,3700,3550,3700,3600,3540
30-08-18,3350,3800,3400,3212,3700,3550,3700,3600,3540
29-08-18,3350,3800,3400,3212,3700,3550,3700,3600,3540
28-08-18,3360,3800,3400,3252,3700,3550,3700,3600,3540
27-08-18,3360,3800,3400,3252,3700,3550,3700,3600,3540
26-08-18,3370,3800,3400,3252,3750,3550,3700,3600,3540
25-08-18,3370,3800,3400,3252,3750,3550,3700,3600,3540
24-08-18,3380,3800,3400,3252,3750,3550,3700,3600,3540
23-08-18,3400,3800,3400,3262,3750,3550,3700,3600,3540
22-08-18,3420,3800,3400,3272,3750,3590,3700,3600,3540
21/08/201,3420,3800,3400,3272,3750,3590,3700,3600,3540
20-08-18,3420,3800,3400,3272,3750,3590,3700,3600,3540
19-08-18,3410,3800,3400,3295,3750,3590,3700,3600,3540
18-08-18,3410,3800,3400,3295,3750,3590,3700,3600,3540
17-08-18,3410,3800,3400,3295,3750,3590,3700,3600,3540
16-08-18,3410,3800,3400,3295,3750,3590,3700,3600,3540
15-08-18,3430,3800,3400,3295,3750,3590,3700,3600,3540
14-08-18,3430,3800,3400,3295,3750,3580,3700,3600,3600
13-08-18,3430,3800,3400,3312,3750,3590,3700,3600,3600
12-08-18,3410,2800,3400,3352,3750,3580,3700,3600,3600
11-08-18,3410,2800,3400,3352,3750,3580,3700,3600,3600
10-08-18,3410,2800,3400,3352,3750,3580,3700,3600,3600
09-08-18,3430,3800,3400,3352,3750,3580,3700,3600,3600
08-08-18,3420,3800,3400,3352,3750,3590,3700,3600,3600
07-08-18,3420,3800,3400,3310,3750,3590,3700,3600,3600
06-08-18,3420,3800,3440,3292,3750,3590,3700,3600,3600
05-08-18,3430,3800,3440,3302,3750,3580,3700,3600,3660
04-08-18,3430,3800,3440,3302,3750,3580,3700,3600,3660
03-08-18,3430,3800,3440,3282,3750,3580,3700,3600,3660
02-08-18,3430,3800,3440,3282,3750,3580,3700,3600,3660
01-08-18,3420,3800,3420,3400,3750,3580,3700,3600,3700
31-07-18,3440,3800,3450,3400,3750,3580,3700,3600,3700
30-07-18,3420,3800,3450,3500,3750,3630,3700,3600,3700
29-07-18,3430,3800,3450,3442,3850,3610,3700,3600,3700
28-07-18,3430,3800,3450,3442,3850,3610,3700,3600,3700
27-07-18,3440,3800,3450,3442,3850,3610,3700,3600,3700
26-07-18,3450,3300,3450,3332,3850,3610,3700,3600,3700
25-07-18,3450,3700,3450,3332,3850,3620,3700,3600,3700
24-07-18,3450,3700,3450,3332,3850,3620,3700,3600,3600
23-07-18,3450,3700,3450,3332,3850,3590,3700,3600,3600
22-07-18,3460,3700,3450,3312,3800,3590,3700,3600,3600
21-07-18,3460,3700,3450,3312,3800,3590,3700,3600,3600
20-07-18,3460,3700,3450,3290,3800,3590,3700,3600,3600
19-07-18,3450,3700,3450,3282,3800,3590,3700,3600,3600
18-07-18,3450,3600,3430,3282,3800,3600,3600,3600,3600
17-07-18,3450,3600,3430,3382,3800,3600,3600,3600,3600
16-07-18,3450,3600,3430,3302,3800,3600,3600,3600,3600
15-07-18,3440,3600,3430,3302,3800,3600,3600,3600,3600
14-07-18,3440,3600,3430,3302,3800,3600,3600,3600,3600
13-07-18,3430,3600,3430,3302,3800,3600,3600,3600,3600
12-07-18,3440,3600,3430,3302,3800,3600,3600,3600,3600
11-07-18,3450,3600,3250,3312,3600,3740,3600,3600,3600
10-07-18,3430,3600,3250,3312,3600,3750,3600,3600,3600
09-07-18,3430,3600,3250,3312,3600,3750,3600,3600,3600
08-07-18,3410,3600,3250,3312,3640,3700,3600,3600,3600
07-07-18,3410,3600,3250,3312,3640,3700,3600,3600,3600
06-07-18,3410,3600,3250,3360,3640,3700,3600,3600,3600
05-07-18,3410,3600,3250,3465,3645,3700,3600,3600,3600
04-07-18,3410,3600,3250,3465,3640,3700,3600,3600,3600
03-07-18,3410,3600,3250,3231,3640,3680,3600,3600,3600
02-07-18,3400,3600,3250,3160,3640,3400,3600,3600,3600
01-07-18,3400,3600,3250,3231,3640,3400,3600,3600,3600
30-06-18,3400,3600,3250,3231,3640,3400,3600,3600,3600
29-06-18,3400,3500,3250,3222,3640,3400,3600,3600,3600
28-06-18,3400,3500,3205,3205,3640,3400,3600,3600,3600
27-06-18,3150,3500,3250,3122,3640,3530,3600,3600,3600
26-06-18,3370,3050,3250,3192,3640,3530,3600,3600,3600
25-06-18,3370,3500,3250,3222,3640,3530,3600,3600,3600
24-06-18,3380,3500,3350,3242,3640,3500,3600,3600,3600
23-06-18,3380,3500,3350,3242,3640,3500,3600,3600,3600
22-06-18,3380,3500,3350,3242,3640,3500,3600,3600,3600
21-06-18,3380,3500,3350,3242,3150,3520,3600,3600,3600
20-06-18,3380,3500,3400,3282,3150,3520,3600,3600,3600
19-06-18,3380,3500,3400,3282,3150,3520,3600,3600,3600
18-06-18,3380,3500,3400,3300,3150,3620,3600,3600,3600
17-06-18,3370,3500,3400,3300,3150,3420,3600,3600,3600
16-06-18,3370,3500,3400,3300,3150,3620,3600,3600,3600
15-06-18,3380,3500,3400,3300,3150,3620,3600,3600,3600
14-06-18,3380,3500,3400,3300,3150,3620,3600,3600,3600
13-06-18,3370,3500,3250,3150,3150,3580,3600,3600,3600
12-06-18,3350,3400,3250,3270,3150,3280,3600,3600,3250
11-06-18,3320,3400,3250,3052,3150,3250,3600,3600,3250
10-06-18,3240,3400,3250,2942,3150,3250,3300,3600,3250
09-06-18,3240,3400,3250,2942,3150,3250,3300,3600,3250
08-06-18,3150,3400,3250,2942,3150,3250,3300,3600,3250
07-06-18,3150,3400,3140,2950,3150,3240,3300,3600,3250
06-06-18,3120,3400,3140,2940,3150,3170,3300,3600,3250
05-06-18,3120,3400,3140,2940,3150,2990,3300,3600,3200
04-06-18,3120,3400,2940,2950,3150,2996,3300,3600,3050
03-06-18,3080,3400,2940,2842,3150,2970,3200,3600,3050
02-06-18,3080,3400,2940,2842,3150,2970,3200,3600,3050
01-06-18,3150,3400,2940,2842,3150,2970,3200,3600,3050
31-05-18,3070,3450,2860,2825,3150,2960,3200,3600,3050
30-05-18,3050,3450,2860,2826,3150,2960,3200,3600,2950
29-05-18,3010,3450,2860,2820,3150,2960,3200,3600,2950
28-05-18,2980,3500,2680,2781,3150,2960,3200,3600,2950
27-05-18,3000,3600,2860,2781,3150,2960,3200,3600,2950
26-05-18,3000,3600,2860,2781,3150,2990,3200,3600,2950
25-05-18,2960,3600,2860,2781,3150,2990,3200,3600,2950
24-05-18,2980,3600,2860,2781,3150,2980,3200,3600,2950
23-05-18,2930,3600,2860,2745,3050,2980,3200,3600,2950
22-05-18,2900,3600,2860,2725,3050,2990,3200,3600,2950
21-05-18,2880,3600,2860,2751,3050,2930,3200,3600,2950
20-05-18,2860,3600,3000,2751,3050,2920,3200,3600,2950
19-05-18,2860,3600,3000,2751,3050,2920,3200,3600,2950
18-05-18,2860,3600,3000,2731,3050,2920,3200,3600,2950
17-05-18,2860,3600,3000,2751,3050,2930,3200,3600,2950
16-05-18,2860,3600,3000,2715,3050,2940,3200,3600,2950
15-05-18,2860,3600,3000,2745,3080,2940,3200,3600,3000
14-05-18,2880,3700,3000,2745,3080,2950,3200,3600,3000
13-05-18,2900,3700,3000,2780,3200,3000,3200,3600,3000
12-05-18,2900,3700,3000,2780,3200,3000,3200,3600,3000
11-05-18,2920,3700,3000,2780,3200,3000,3200,3600,3000
10-05-18,2930,3750,3000,2780,3200,3000,3200,3600,3000
09-05-18,2940,3750,3000,2758,3200,3010,3200,3600,3000
08-05-18,2950,3750,3000,2800,3200,3010,3200,3600,3000
07-05-18,2960,3850,3000,2768,3200,3000,3200,3600,3000
06-05-18,2960,3800,3150,3200,3200,3000,3200,3600,3000
05-05-18,2960,3800,3150,2768,3200,3000,3200,3600,3000
04-05-18,2960,3800,3150,2758,3200,3000,3200,3600,3000
03-05-18,2960,3800,3150,2758,3200,3000,3200,3600,3100
02-05-18,2950,3900,3150,2825,3500,3000,3200,3600,3100
01-05-18,2970,3900,3150,2825,3500,3000,3200,3600,3150
30-04-18,2950,3900,3150,2825,3200,3000,3200,3600,3150
29-04-18,2950,3900,3150,2825,3200,3000,3200,3600,3150
28-04-18,2950,3900,3150,2825,3200,3000,3200,3600,3150
27-04-18,2950,3900,3150,2825,3200,3000,3200,3600,3150
26-04-18,2960,3900,3150,2772,3200,3000,3300,3600,3150
25-04-18,2980,3900,3360,2825,3200,3110,3300,3600,3150
24-04-18,3000,3900,3360,2925,3200,3110,3300,3600,3150
23-04-18,3010,3900,3360,2925,3200,3100,3300,3600,3150
22-04-18,3030,3900,3360,2840,3600,3140,3300,3600,3150
21-04-18,3030,3900,3360,2840,3600,3140,3300,3600,3150
20-04-18,3030,3900,3360,2982,3600,3140,3300,3600,3150
19-04-18,3030,3900,3360,2982,3600,3200,3300,3600,3150
18-04-18,3050,3900,3360,2920,3600,3200,3400,3600,3150
17-04-18,3080,3900,3360,3050,3600,3200,3400,3600,3300
16-04-18,3100,3900,3360,3040,3600,3450,3500,3600,3300
15-04-18,3140,3900,3360,3116,3600,3450,3500,3600,3300
14-04-18,3140,3900,3360,3116,3600,3450,3500,3600,3300
13-04-18,3140,3900,3360,3116,3600,3450,3500,3600,3300
12-04-18,3150,3900,3360,3116,3600,3450,3500,3600,3300
11-04-18,3160,3900,3360,3116,3600,3450,3500,3600,3300
10-04-18,3180,3900,3360,3116,3600,3450,3500,3600,3400
09-04-18,3200,3900,3360,3121,3600,3450,3500,3600,3400
08-04-18,3220,3900,3360,3126,3600,3460,3500,3600,3400
07-04-18,3220,3900,3360,3126,3600,3460,3500,3600,3400
06-04-18,3230,3900,3360,3126,3600,3460,3500,3600,3400
05-04-18,3850,3900,3360,3140,3600,3460,3600,3600,3400
04-04-18,3250,3900,3360,3140,3600,3490,3600,3600,3400
03-04-18,3250,3900,3360,3140,3600,3490,3600,3600,3400
02-04-18,3250,3900,3360,3142,3600,3490,3600,3600,3400
01-04-18,3250,3900,3360,3185,3600,3490,3600,3600,3400
31-03-18,3250,3900,3360,3185,3600,3490,3600,3600,3400
30-03-18,3250,3900,3360,3282,3600,3490,3600,3600,3400
29-03-18,3250,3900,3360,3282,3600,3490,3600,3600,3400
28-03-18,3260,3900,3360,3282,3600,3500,3600,3600,3400
27-03-18,3260,3900,3360,3282,3600,3500,3600,3600,3400
26-03-18,3320,3900,3360,3282,3800,3510,3600,3600,3400
25-03-18,3320,3920,3360,3282,3750,3500,3600,3600,3400
24-03-18,3320,3920,3360,3282,3750,3500,3600,3600,3400
23-03-18,3320,3900,3360,3282,3750,3500,3600,3600,3400
22-03-18,3340,3900,3360,3282,3750,3510,3600,3600,3400
05/02/2024,4150,4200,3800,3800,4200,4100,4200,3400,3700
03/02/2024,4150,4200,3800,3800,4200,4100,4200,3400,3700
02/02/2024,4150,4200,3800,3800,4200,4100,4200,3400,3700
01/02/2024,4150,4200,3800,3800,4200,4100,4200,3400,3700
31/01/2024,4150,4200,3800,3800,4200,4100,4200,3400,3700
30/01/2024,4150,4200,3800,3800,4200,4100,4200,3400,3700
29/01/2024,4150,4200,3800,3800,4200,4100,4200,3400,3700
28/01/2024,4150,4200,3800,3800,4200,4100,4200,3400,3700
27/01/2024,4150,4200,3800,3800,4200,4100,4200,3400,3700
26/01/2024,4150,4200,3800,3800,4200,4100,4200,3400,3700
25/01/2024,4150,4200,3800,3800,4200,4100,4200,3400,3700
24/01/2024,4150,4200,3800,3800,4200,4100,4200,3400,3700
23/01/2024,4150,4200,3800,3800,4200,4100,4200,3400,3700
22/01/2024,4150,4200,3800,3800,4200,4100,4200,3400,3700
20/01/2024,4150,4200,3800,3800,4200,4100,4200,3400,3700
19/01/2024,4150,4200,3800,3800,4200,4100,4200,3400,3700
18/01/2024,4150,4200,3800,3800,4200,4100,4200,3400,3700
17/01/2024,4150,4200,3800,3800,4200,4100,4200,3400,3700
16/01/2024,4150,4200,3800,3800,4200,4100,4200,3400,3700
15/01/2024,4150,4200,3800,3800,4200,4100,4200,3400,3700
12/01/2024,4150,4200,3800,3800,4200,4100,4200,3400,3700
11/01/2024,4150,4200,3800,3800,4200,4100,4200,3400,3700
10/01/2024,4150,4200,3800,3800,4200,4100,4200,3400,3700
09/01/2024,4150,4200,3800,3800,4200,4100,4200,3400,3700
08/01/2024,4150,4200,3800,3800,4200,4100,4200,3400,3700
05/01/2024,4150,4200,3800,3800,4200,4100,4200,3400,3700
04/01/2024,4150,4200,3800,3800,4200,4100,4200,3400,3700
03/01/2024,4150,4200,3800,3800,4200,4100,4200,3400,3700
02/01/2024,4150,4200,3800,3800,4200,4100,4200,3400,3700
01/01/2024,4150,4200,3800,3800,4200,4100,4200,3400,3700
30/12/2023,4150,4200,3800,3800,4200,4100,4200,3400,3700
29/12/2023,4150,4200,3800,3800,4200,4100,4200,3400,3700
28/12/2023,4150,4200,3800,3800,4200,4100,4200,3400,3700
27/12/2023,4150,4200,3800,3800,4200,4100,4200,3400,3700
26/12/2023,4150,4200,3800,3800,4200,4100,4200,3400,3700
25/12/2023,4150,4200,3800,3800,4200,4100,4200,3400,3700
23/12/2023,4150,4200,3800,3800,4200,4100,4200,3400,3700
22/12/2023,4150,4200,3800,3800,4200,4100,4200,3400,3700
21/12/2023,4200,4200,3800,3800,4200,4100,4200,3400,3700
20/12/2023,4200,4200,3800,3800,4200,4100,4200,3400,3700
19/12/2023,4200,4200,3800,3800,4200,4100,4200,3400,3700
18/12/2023,4200,4200,3800,3800,4200,4100,4200,3400,3700
16/12/2023,4200,4200,3800,3800,4200,4100,4200,3400,3700
15/12/2023,4200,4200,3800,3800,4200,4100,4200,3400,3700
14/12/2023,4200,4200,3800,3800,4200,4100,4200,3400,3700
13/12/2023,4200,4200,3800,3800,4200,4100,4200,3400,3700
12/12/2023,4200,4200,3800,3800,4200,4100,4200,3400,3700
11/12/2023,4200,4200,3800,3800,4200,4100,4200,3400,3700
09/12/2023,4200,4200,3800,3800,4200,4100,4200,3400,3700
08/12/2023,4200,4200,3800,3800,4200,4100,4200,3400,3700
07/12/2023,4200,4200,3800,3800,4200,4100,4200,3400,3700
06/12/2023,4200,4200,3800,3800,4200,4100,4200,3400,3700
05/12/2023,4200,4200,3800,3800,4200,4100,4200,3400,3700
04/12/2023,4200,4200,3800,3800,4200,4100,4200,3400,3700
02/12/2023,4200,4200,3800,3800,4200,4100,4200,3400,3700
01/12/2023,4200,4200,3800,3800,4200,4100,4200,3400,3700
30/11/2023,4100,4200,3800,3800,4200,4100,4200,3400,3700
29/11/2023,4100,4200,3800,3800,4200,4100,4200,3400,3700
28/11/2023,4100,4200,3800,3800,4200,4100,4200,3400,3700
27/11/2023,4000,4200,3800,3800,4200,4100,4200,3400,3700
24/11/2023,4000,4200,3800,3800,4200,4100,4200,3400,3700
23/11/2023,4000,4200,3800,3800,4200,4100,4200,3400,3700
22/11/2023,4000,4200,3800,3800,4200,4100,4200,3400,3700
21/11/2023,4000,4200,3800,3800,4200,4100,4200,3400,3700
20/11/2023,4000,4200,3800,3800,4200,4100,4200,3400,3700
17/11/2022,3900,4200,3800,3800,4200,4100,4200,3400,3700
16/11/2023,3900,4200,3800,3800,4200,4100,4200,3400,3700
15/11/2023,3900,4200,3800,3800,4200,4100,4200,3400,3700
13/11/2023,3900,4200,3800,3800,4200,4100,4200,3400,3700
10/11/2023,3900,4200,3800,3800,4200,4100,4200,3400,3700
09/11/2023,3900,4200,3800,3800,4200,4100,4200,3400,3700
08/11/2023,3900,4200,3800,3800,4200,4100,4200,3400,3700
07/11/2023,3900,4200,3800,3800,4200,4100,4200,3400,3700
06/11/2023,3900,4200,3800,3800,4200,4100,4200,3400,3700
03/11/2023,3900,4200,3800,3800,4200,4100,4200,3400,3700
02/11/2023,3900,4200,3800,3800,4200,4100,4200,3400,3700
01/11/2023,3900,4200,3800,3800,4200,4100,4200,3400,3700
31/10/2023,3900,4200,3800,3800,4200,4100,4200,3400,3700
30/10/2023,3900,4200,3800,3800,4200,4100,4200,3400,3700
27/10/2023,3900,4200,3800,3800,4200,4100,4200,3400,3700
26/10/2023,3900,4200,3800,3800,4200,4100,4200,3400,3700
25/10/2023,3900,4200,3800,3800,4200,4100,4200,3400,3700
23/10/2023,3900,4200,3800,3800,4200,4100,4200,3400,3700
20/10/2023,3900,4200,3800,3800,4200,4100,4200,3400,3700
19/10/2023,3900,4200,3800,3800,4200,4100,4200,3400,3700
18/10/2023,3900,4200,3800,3800,4200,4100,4200,3400,3700
17/10/2023,3900,4200,3800,3800,4200,4100,4200,3400,3700
16/10/2023,3800,4200,3800,3800,4200,4100,4200,3400,3700
13/10/2023,3800,4200,3800,3800,4200,4100,4200,3400,3700
12/10/2023,3800,4200,3800,3800,4200,4100,4200,3400,3700
11/10/2023,3800,4200,3800,3800,4200,4100,4200,3400,3700
10/10/2023,3800,4200,3800,3800,4200,4100,4200,3400,3700
09/10/2023,3800,4200,3800,3800,4200,4100,4200,3400,3700
06/10/2023,3800,4200,3800,3800,4200,4100,4200,3400,3700
05/10/2023,3800,4200,3800,3800,4200,4100,4200,3400,3700
04/10/2023,3800,4200,3800,3800,4200,4100,4200,3400,3700
03/10/2023,3800,4200,3800,3800,4200,4100,4200,3400,3700
29/09/2023,3800,4200,3800,3800,4200,4100,4200,3400,3700
27/09/2023,3800,4200,3800,3800,4200,4100,4200,3400,3700
26/09/2023,3800,4200,3800,3800,4200,4100,4200,3400,3700
25/09/2023,3800,4200,3800,3800,4200,4100,4200,3400,3700
22/09/2023,3800,4200,3800,3800,4200,4100,4200,3400,3700
21/09/2023,3800,4200,3800,3800,4200,4100,4200,3400,3700
20/09/2023,3800,4200,3800,3800,4200,4100,4200,3400,3700
18/09/2023,3800,4200,3800,3800,4200,4100,4200,3400,3700
15/09/2023,3800,4200,3800,3800,4200,4100,4200,3400,3700
14/09/2023,3800,4200,3800,3800,4200,4100,4200,3400,3700
13/09/2023,3800,4200,3800,3800,4200,4100,4200,3400,3700
12/09/2023,3800,4200,3800,3800,4200,4100,4200,3400,3700
11/09/2023,3800,4200,3800,3800,4200,4100,4200,3400,3700
08/09/2023,3800,4200,3800,3800,4200,4100,4200,3400,3700
07/09/2023,3800,4200,3800,3800,4200,4100,4200,3400,3700
06/09/2023,3800,4200,3800,3800,4200,4100,4200,3400,3700
05/09/2023,3800,4200,3800,3800,4200,4100,4200,3400,3700
04/09/2023,3800,4200,3800,3800,4200,4100,4200,3400,3700
01/09/2023,3800,4200,3800,3800,4200,4100,4200,3400,3700
31/08/2023,3800,4200,3800,3800,4200,4100,4200,3400,3700
30/08/2023,3900,4200,NR,3700,4200,NR,4200,3400,3700
29/08/2023,3900,4200,3800,3700,4200,4100,4200,3400,3700
28/08/2023,3900,4200,3800,3700,4200,4100,4200,3400,3700
25/08/2023,3900,4200,3800,3700,4200,4100,4200,3400,3700
24/08/2023,3900,4200,3800,3700,4200,4100,4200,3400,3700
23/08/2023,3900,4000,3800,3700,4200,4100,4200,3400,3700
22/08/2023,3900,4000,3800,3700,4200,4100,4200,3400,3700
21/08/2023,3900,4000,3800,3700,4200,4100,4200,3400,3700
18/08/2023,3900,4000,NR,3700,4200,4100,4200,3400,3700
17/08/2023,3900,4000,3800,3700,4200,4100,4200,3400,3700
16/08/2023,3900,4000,3800,3700,4200,4100,4200,3400,3700
14/08/2023,3900,4000,3800,3700,4200,4100,4200,3400,3700
11/08/2023,3900,4000,3800,3700,4200,4100,4200,3400,3700
10/08/2023,3900,4000,3800,3700,4200,4100,4200,3400,3700
09/08/2023,3900,4000,3800,3700,4200,4100,4200,3400,3700
08/08/2023,3900,4000,3800,3700,4200,4100,4200,3400,3700
07/08/2023,3850,4000,3800,3700,4200,4100,4200,3400,3700
04/08/2023,3850,4000,3800,3700,4200,4100,4200,3400,3700
03/08/2023,3850,4000,3800,3700,4200,4100,4200,3400,3700
02/08/2023,3850,4000,3800,3700,4200,4100,4200,3400,3700
01/08/2023,3850,4000,3800,3700,4200,4100,4200,3400,3700
31/07/2023,3850,4000,3800,3700,4200,4100,4200,3400,3700
28/07/2023,3850,4000,3800,3700,4200,4100,4200,3400,3700
27/07/2023,3850,4000,3800,3650,4200,4100,4200,3400,3700
26/07/2023,3850,4000,3800,3650,4200,4100,4200,3400,3700
25/07/2023,3850,4000,3800,3650,4200,4100,4200,3400,3700
24/07/2023,3850,3900,3800,3650,4200,4100,4200,3400,3800
21/07/2023,3800,3900,3800,3650,4200,4050,4200,3400,3800
20/07/2023,3800,3900,3800,3650,4200,4050,4200,3400,3800
19/07/2023,3800,3900,3800,3650,4060,4050,4200,3400,3800
18/07/2023,3800,3900,3800,3650,4060,4050,4200,3400,3800
17/07/2023,3800,3900,3800,3650,4060,4000,4200,3400,3800
14/07/2023,3800,3900,3800,3650,4060,4000,4200,3400,3800
13/07/2023,3800,3900,3800,3650,4060,4000,4200,3400,3800
12/07/2023,3800,3900,3600,3650,4060,4000,4200,3400,3800
11/07/2023,3800,3900,3600,3650,4060,4000,4200,3400,3800
10/07/2023,3800,3900,3600,3650,4060,4000,4200,3400,3800
07/07/2023,3800,3900,NR,3650,4060,4000,4200,3400,3800
06/07/2023,3800,3900,3600,3650,4060,4000,4200,3400,3800
05/07/2023,3800,3900,3600,3650,4060,4000,4200,3400,3800
04/07/2023,3800,3900,3600,3650,4060,4000,4200,3400,3800
03/07/2023,3800,3900,3600,3650,4060,4000,4200,3400,3800
30/06/2023,3800,3900,3600,3650,4060,4000,4200,3400,3800
28/06/2023,3800,3900,3600,3650,4060,4000,4000,3400,3800
27/06/2023,3800,3900,3600,3650,4060,4000,4000,3400,3800
26/06/2023,3800,3900,3600,3650,4060,3950,4000,3400,3800
23/06/2023,3800,3900,3600,3650,4000,3950,4000,3400,3800
22/06/2023,3800,3900,3600,3650,4000,3950,4000,3400,3800
21/06/2023,3800,3900,3600,3650,4000,3950,4000,3400,3800
20/06/2023,3800,3900,3600,3650,4000,NR,4000,3400,3800
19/06/2023,3800,3900,3600,3650,4000,3950,4000,3400,3800
16/06/2023,3800,3900,3600,3650,4000,3950,4000,3400,3800
15/06/2023,3800,3900,3600,3600,4000,3950,4000,3400,3600
14/06/2023,3750,3900,3600,3600,4000,3950,4000,3400,3500
13/06/2023,3750,3900,3600,3600,4000,3950,4000,3400,3500
12/06/2023,3750,3900,3600,3600,4000,3950,4000,3400,3500
09/06/2023,3750,3900,3600,3600,4000,3950,4000,3400,3500
08/06/2023,3750,3900,3600,3600,4000,3950,4000,3400,3500
07/06/2023,3750,3900,3600,3600,4000,3950,4000,3400,3500
06/06/2023,3750,3900,3600,3600,4000,3950,4000,3400,3500
05/06/2023,3750,3900,3600,3600,4000,3950,4000,3400,3500
02/06/2023,3750,3900,3600,3600,4000,3950,4000,3400,3500
01/06/2023,3750,3900,3600,3600,4000,3950,3900,3400,3500
31/05/2023,3750,3900,3600,3600,4100,3950,3900,3400,3500
30/05/2023,3750,3800,3600,3600,4000,3950,3900,3400,3600
29/05/2023,3750,3900,3600,3600,4000,3950,3900,3400,3600
26/05/2023,3750,3900,3600,3600,4000,3950,3900,3400,3600
25/05/2023,3750,3900,3600,3600,4060,3950,3900,3400,3600
24/05/2023,3700,3900,3600,3500,4060,3950,3900,3400,3600
23/05/2023,3700,3900,3600,3500,4060,3950,3900,3400,3600
22/05/2023,3700,3900,NR,3500,4060,3950,3900,3400,3600
19/05/2023,3700,3900,3600,3630,4060,3950,3900,3400,3600
18/05/2023,3700,3900,3600,3630,4100,3950,3900,3400,3600
17/05/2023,3750,3900,3600,3630,4060,3950,3900,3400,3600
16/05/2023,3750,3900,3600,3630,4060,3950,3900,3400,3600
15/05/2023,3750,3900,3600,3630,4060,3950,3900,3400,3600
12/05/2023,3750,3900,3600,3630,4060,3950,3900,3400,3600
11/05/2023,3750,3900,3600,3630,4060,3950,3900,3400,3600
10/05/2023,3750,3900,3600,3630,4060,4000,3900,3400,3600
09/05/2023,3750,3900,3600,3630,4060,NR,3900,3400,3600
08/05/2023,3750,3800,3600,3630,4060,3950,3900,3400,3600
05/05/2023,3750,3900,3600,3630,4060,NR,3900,3400,3600
04/05/2023,3750,3900,3600,3630,4060,3950,3900,3400,3600
03/05/2023,3750,3900,3600,3630,4040,3900,3900,3400,3600
02/05/2023,3800,3900,3600,3630,4040,3950,3900,3400,3600
28/04/2023,3800,3900,3600,3630,4100,4000,3900,3400,3800
27/04/2023,3800,3900,3600,3630,4100,4000,3900,3400,3800
26/04/2023,3800,3900,3600,3630,4100,4000,3960,3400,3800
25/04/2023,3800,3900,3600,3630,4100,4000,3900,3400,3800
24/04/2023,3800,3900,3600,3630,4080,4000,3900,3400,3800
21/04/2023,3800,3900,3600,3630,4080,NR,3900,3400,3800
20/04/2023,3800,3900,3600,3630,4080,4000,3900,3400,3800
19/04/2023,3800,3900,3600,3630,4080,4000,3900,3400,3800
18/04/2023,3800,3900,3600,3575,4080,4000,3900,3400,3800
17/04/2023,3800,3900,3600,3575,4080,4000,3900,3400,3800
14/04/2023,3800,3900,NR,3500,4000,NR,3900,3400,3800
13/04/2023,3800,3900,3600,3500,4000,4000,3900,3400,3800
12/04/2023,3800,3900,3600,3500,4000,3950,3900,3400,3800
11/04/2023,3800,3900,3600,3500,4000,3950,3900,3400,3800
10/04/2023,3800,3900,3600,3500,4000,3950,3900,3400,3800
07/04/2023,3800,3900,3600,3500,NR,4000,3900,3400,3800
06/04/2023,3800,3900,3600,3500,4000,3950,3960,3400,3800
05/04/2023,3800,3900,3600,3500,4000,3950,3900,3400,3800
04/04/2023,3800,3900,NR,3500,4000,3900,3900,3400,3800
03/04/2023,3800,3900,NR,3500,4000,NR,3900,3400,3800
31/03/2023,3800,3900,3600,3500,4000,3900,3900,3400,3800
30/03/2023,3700,3900,NR,3500,NR,3850,3900,3400,3800
29/03/2023,3700,3900,3600,3500,3860,3850,3900,3400,3800
28/03/2023,3700,3900,3600,3500,3860,3850,3900,3400,3800
27/03/2023,3700,3900,NR,3500,3860,3850,4000,3400,3800
24/03/2023,3700,3900,3600,3500,3860,3850,4000,3400,3800
23/03/2023,3700,3900,3600,3500,3850,3850,4000,3400,3800
21/03/2023,3700,3900,3600,3500,3850,3850,4000,3400,3700
20/03/2023,3700,3900,3600,3500,3850,3850,4000,3400,3700
17/03/2023,3700,3900,3600,3500,3850,3850,4000,3400,3700
16/03/2023,3800,3900,3600,3500,3850,3850,4000,3400,3700
15/03/2023,3800,3900,NR,3500,3850,3850,4000,3400,3700
14/03/2023,3800,3900,3600,3500,3850,3850,4100,3400,3700
13/03/2023,3800,3900,3600,3500,3850,3900,4100,3400,3700
10/03/2023,3800,3900,3600,3500,3850,3900,4100,3400,3700
09/03/2023,3800,3900,3600,3500,3850,3900,4100,3400,3700
08/03/2023,3800,NR,NR,3500,NR,NR,4100,3400,3700
07/03/2023,3800,3900,NR,3500,3850,NR,4100,3400,3750
06/03/2023,3800,3900,3600,3500,3850,3900,4100,3400,3750
03/03/2023,3800,3900,3600,3500,3860,3900,4100,3400,3750
02/03/2023,3800,3900,3600,3500,3860,3900,4100,3400,3750
01/03/2023,3800,3900,3600,3500,3860,3900,4100,3400,3750
28/02/2023,3800,3900,NR,3500,3860,3850,4100,3400,3750
27/02/2023,3800,3900,3600,3500,3860,3850,4100,3400,3750
24/02/2023,3800,3900,NR,3500,3860,3800,4100,3400,3750
23/02/2023,3800,3900,NR,3500,3860,3800,4100,3400,3750
22/02/2023,3800,3900,3600,3500,3860,3750,4100,3400,3750
01/08/2024,4370,4300,4200,4180,4210,4410,4400,4150,4410
31/07/2024,4370,4300,4200,4180,4210,4410,4400,4150,4410
30/07/2024,4370,4300,4200,4180,4210,4410,4400,4150,4410
29/07/2024,4370,4300,4200,4180,4210,4410,4400,4150,4410
27/07/2024,4260,4210,4100,4060,4110,4320,4310,4020,4300
26/07/2024,4160,4120,4000,4010,4040,4220,4210,3970,4210
25/07/2024,4170,4130,4010,4020,4050,4230,4220,3980,4220
24/07/2024,4170,4130,4010,4020,4050,4230,4220,3980,4220
23/07/2024,4170,4130,4010,4020,4050,4230,4220,3980,4220
22/07/2024,4170,4130,4010,4020,4050,4230,4220,3980,4220
20/07/2024,4160,4120,4000,4010,4040,4220,4210,3980,4210
19/07/2024,4150,4110,3990,4000,4030,4210,4200,3970,4200
18/07/2024,4150,4110,3990,4000,4030,4210,4200,3970,4200
17/07/2024,4140,4100,3980,3990,4020,4200,4190,3960,4190
16/07/2024,4120,4080,3970,3980,4000,4180,4170,3950,4170
15/07/2024,4110,4070,3960,3970,3990,4170,4160,3940,4160
13/07/2024,4100,4060,3950,3970,3980,4160,4150,3930,4150
12/07/2024,4090,4050,3950,3970,3970,4150,4140,3920,4140
11/07/2024,4090,4040,3950,3970,3970,4150,4140,3920,4140
10/07/2024,4090,4040,3950,3970,3970,4150,4140,3920,4140
09/07/2024,4110,4050,3950,3980,3980,4160,4150,3930,4150
08/07/2024,4110,4050,3950,3980,3980,4160,4150,3930,4150
06/07/2024,4120,4060,3960,3990,3990,4170,4160,3930,4160
05/07/2024,4120,4060,3960,3990,3990,4170,4160,3930,4160
04/07/2024,4130,4070,3970,4000,4000,4180,4170,3940,4170
03/07/2024,4140,4080,3980,4010,4010,4190,4180,3950,4180
02/07/2024,4140,4080,3980,4010,4010,4190,4180,3950,4180
01/07/2024,4150,4090,3980,4010,4020,4200,4190,3950,4190
29/06/2024,4150,4090,3980,4010,4020,4200,4190,3950,4190
28/06/2024,4160,4100,3980,4020,4030,4210,4200,3950,4200
27/06/2024,4170,4110,3980,4030,4040,4220,4200,3960,4210
26/06/2024,4160,4100,3970,4020,4030,4210,4190,3950,4200
25/06/2024,4160,4100,3970,4020,4030,4210,4190,3950,4200
24/06/2024,4160,4100,3970,4020,4030,4210,4190,3950,4200
22/06/2024,4170,4110,3980,4030,4050,4220,4200,3960,4210
21/06/2024,4180,4120,3990,4050,4060,4220,4210,3960,4210
20/06/2024,4180,4120,3990,4050,4060,4220,4210,3960,4210
19/06/2024,4180,4130,3990,4050,4060,4220,4210,3960,4210
18/06/2024,4170,4130,3980,4040,4060,4200,4200,3950,4200
17/06/2024,4180,4140,3990,4050,4070,4200,4200,3950,4210
15/06/2024,4190,4140,3990,4050,4080,4200,4200,3950,4210
14/06/2024,4190,4140,3990,4050,4080,4200,4200,3950,4210
13/06/2024,4190,4140,3990,4050,4080,4200,4200,3950,4210
12/06/2024,4180,4140,3990,4050,4080,4190,4180,3940,4200
11/06/2024,4190,4140,3990,4060,4090,4200,4190,3950,4200
10/06/2024,4200,4150,4000,4070,4100,4200,4190,3950,4200
08/06/2024,4210,4160,4000,4080,4110,4210,4200,3950,4210
07/06/2024,4230,4180,4000,4090,4120,4230,4230,3960,4220
06/06/2024,4230,4180,4000,4090,4120,4230,4230,3960,4220
05/06/2024,4240,4190,4010,4090,4120,4240,4240,3960,4230
04/06/2024,4250,4190,4010,4090,4130,4250,4250,3960,4230
03/06/2024,4260,4190,4010,4100,4130,4260,4260,3960,4230
01/06/2024,4260,4190,4000,4100,4130,4260,4260,3960,4230
31/05/2024,4260,4190,4000,4100,4130,4260,4260,3960,4230
30/05/2024,4260,4190,4000,4100,4130,4260,4260,3960,4230
29/05/2024,4260,4190,4000,4100,4130,4260,4260,3960,4230
28/05/2024,4260,4190,4000,4100,4130,4260,4260,3960,4230
27/05/2024,4240,4170,3980,4090,4110,4240,4240,3950,4210
25/05/2024,4240,4170,3980,4090,4110,4240,4240,3950,4210
24/05/2024,4240,4170,3980,4090,4110,4240,4240,3950,4210
23/05/2024,4250,4180,3980,4090,4110,4240,4240,3950,4210
22/05/2024,4230,4150,3960,4080,4100,4240,4220,3940,4210
21/05/2024,4220,4140,3950,4080,4090,4230,4210,3930,4200
20/05/2024,4220,4140,3950,4080,4090,4230,4210,3930,4200
18/05/2024,4230,4150,3950,4090,4100,4240,4220,3940,4210
17/05/2024,4230,4150,3940,4090,4100,4240,4220,3930,4210
16/05/2024,4240,4160,3930,4100,4110,4250,4230,3940,4220
15/05/2024,4240,4160,3920,4110,4110,4250,4230,3940,4220
14/05/2024,4240,4160,3920,4110,4110,4250,4230,3940,4220
13/05/2024,4240,4160,3920,4110,4110,4250,4230,3940,4220
11/05/2024,4220,4140,3900,4100,4110,4230,4210,3930,4200
10/05/2024,4220,4140,3900,4090,4110,4230,4210,3920,4180
09/05/2024,4220,4140,3900,4090,4110,4230,4210,3920,4180
08/05/2024,4230,4140,3910,4100,4120,4240,4220,3930,4190
07/05/2024,4240,4150,3920,4110,4130,4250,4230,3940,4200
06/05/2024,4250,4160,3930,4120,4140,4260,4240,3950,4210
04/05/2024,4260,4170,3940,4130,4150,4280,4250,3960,4220
03/05/2024,4260,4170,3940,4130,4150,4280,4250,3960,4220
02/05/2024,4250,4160,3930,4130,4150,4260,4230,3950,4210
30/04/2024,4200,4120,3890,4110,4130,4220,4190,3910,4160
29/04/2024,4190,4120,3890,4110,4130,4220,4190,3910,4160
27/04/2024,4190,4120,3890,4110,4130,4220,4190,3910,4160
26/04/2024,4190,4120,3890,4110,4130,4220,4190,3910,4160
25/04/2024,4190,4120,3890,4110,4130,4220,4190,3910,4160
24/04/2024,4200,4130,3900,4120,4140,4230,4200,3920,4170
23/04/2024,4210,4140,3900,4140,4160,4240,4200,3920,4180
22/04/2024,4210,4140,3900,4140,4160,4240,4200,3920,4180
20/04/2024,4220,4140,3900,4160,4160,4240,4200,3930,4180
19/04/2024,4230,4150,3910,4170,4170,4250,4210,3940,4190
18/04/2024,4230,4150,3910,4170,4170,4240,4210,3940,4190
17/04/2024,4230,4130,3900,4160,4160,4220,4200,3930,4180
16/04/2024,4220,4120,3890,3950,4150,4210,4190,3920,4170
15/04/2024,4170,4080,3850,3920,4110,4170,4150,3900,4150
13/04/2024,4150,4070,3830,3910,4100,4150,4130,3890,4130
12/04/2024,4150,4070,3830,3910,4100,4150,4130,3890,4130
11/04/2024,4150,4070,3830,3910,4100,4150,4130,3890,4130
10/04/2024,4150,4070,3830,3910,4100,4150,4130,3890,4130
08/04/2024,4140,4060,3820,3900,4090,4140,4120,3880,4120
06/04/2024,4130,4050,3810,3890,4080,4130,4110,3870,4110
05/04/2024,4130,4050,3810,3890,4080,4130,4110,3860,4110
04/04/2024,4130,4050,3810,3890,4080,4130,4110,3850,4110
03/04/2024,4130,4050,3810,3890,4080,4130,4110,3850,4110
02/04/2024,4130,4050,3810,3890,4080,4130,4110,3850,4110
01/04/2024,4120,4040,3800,3880,4070,4120,4100,3840,4100
30/03/2024,4130,4050,3800,3880,4070,4120,4100,3840,4100
29/03/2024,4130,4050,3800,3880,4070,4120,4100,3840,4100
28/03/2024,4130,4050,3800,3880,4070,4120,4100,3840,4100
27/03/2024,4130,4050,3800,3880,4070,4120,4100,3840,4100
26/03/2024,4130,4050,3800,3880,4070,4120,4100,3840,4100
25/03/2024,4130,4050,3800,3880,4070,4120,4100,3830,4100
23/03/2024,4130,4050,3800,3880,4070,4120,4100,3830,4100
22/03/2024,4130,4060,3800,3890,4080,4120,4100,3820,4090
21/03/2024,4130,4060,3800,3890,4080,4120,4100,3810,4080
20/03/2024,4140,4070,3800,3900,4090,4130,4110,3800,4080
19/03/2024,4150,4080,3800,3900,4100,4130,4110,3790,4070
18/03/2024,4150,4080,3800,3900,4100,4130,4110,3790,4070
16/03/2024,4140,4080,3800,3900,4100,4130,4110,3780,4060
15/03/2024,4150,4090,3810,3910,4110,4140,4120,3770,4060
14/03/2024,4150,4090,3810,3900,4110,4140,4120,3760,4060
13/03/2024,4150,4090,3810,3900,4110,4140,4120,3750,4050
12/03/2024,4140,4080,3800,3890,4110,4130,4110,3740,4040
11/03/2024,4130,4070,3780,3880,4100,4120,4100,3730,4030
09/03/2024,4110,4050,3770,3860,4090,4110,4080,3710,4010
08/03/2024,4100,4040,3760,3850,4080,4100,4070,3700,4000
07/03/2024,4100,4030,3760,3840,4080,4100,4070,3690,3990
06/03/2024,4100,4020,3760,3830,4080,4100,4070,3680,3980
05/03/2024,4100,4010,3760,3820,4080,4100,4070,3670,3970
04/03/2024,4100,3990,3760,3800,4080,4100,4070,3660,3960
02/03/2024,4100,4000,3760,3800,4080,4100,4070,3650,3950
01/03/2024,4100,4010,3760,3800,4080,4100,4070,3640,3940
29/02/2024,4100,4020,3760,3800,4080,4100,4070,3630,3930
28/02/2024,4100,4030,3760,3800,4080,4100,4070,3620,3920
27/02/2024,4100,4040,3760,3800,4080,4100,4070,3610,3910
26/02/2024,4100,4050,3760,3800,4080,4100,4070,3600,3900
24/02/2024,4110,4060,3760,3790,4090,4100,4070,3590,3890
23/02/2024,4120,4070,3760,3790,4090,4100,4070,3580,3880
22/02/2024,4120,4080,3760,3790,4090,4100,4070,3570,3870
21/02/2024,4110,4090,3750,3780,4090,4090,4080,3550,3850
20/02/2024,4110,4090,3750,3770,4090,4080,4090,3540,3840
19/02/2024,4110,4090,3750,3770,4090,4080,4100,3530,3830
17/02/2024,4120,4100,3750,3780,4100,4090,4110,3520,3820
16/02/2024,4110,4110,3750,3770,4110,4090,4110,3500,3800
15/02/2024,4100,4120,3750,3770,4120,4080,4120,3490,3790
14/02/2024,4090,4130,3750,3770,4130,4080,4130,3480,3780
13/02/2024,4100,4140,3760,3780,4140,4070,4140,3470,3770
12/02/2024,4100,4150,3770,3780,4150,4080,4150,3460,3760
10/02/2024,4110,4160,3780,3780,4160,4080,4160,3450,3750
09/02/2024,4120,4170,3790,3790,4170,4080,4170,3430,3730
08/02/2024,4130,4180,3800,3790,4180,4090,4180,3420,3720
07/02/2024,4150,4200,3800,3800,4200,4100,4200,3400,3700
06/02/2024,4150,4200,3800,3800,4200,4100,4200,3400,3700
05/02/2024,4150,4200,3800,3800,4200,4100,4200,3400,3700
03/02/2024,4150,4200,3800,3800,4200,4100,4200,3400,3700
02/02/2024,4150,4200,3800,3800,4200,4100,4200,3400,3700
01/02/2024,4150,4200,3800,3800,4200,4100,4200,3400,3700
31/01/2024,4150,4200,3800,3800,4200,4100,4200,3400,3700
30/01/2024,4150,4200,3800,3800,4200,4100,4200,3400,3700
29/01/2024,4150,4200,3800,3800,4200,4100,4200,3400,3700
28/01/2024,4150,4200,3800,3800,4200,4100,4200,3400,3700
27/01/2024,4150,4200,3800,3800,4200,4100,4200,3400,3700
26/01/2024,4150,4200,3800,3800,4200,4100,4200,3400,3700
25/01/2024,4150,4200,3800,3800,4200,4100,4200,3400,3700
24/01/2024,4150,4200,3800,3800,4200,4100,4200,3400,3700
23/01/2024,4150,4200,3800,3800,4200,4100,4200,3400,3700
22/01/2024,4150,4200,3800,3800,4200,4100,4200,3400,3700
20/01/2024,4150,4200,3800,3800,4200,4100,4200,3400,3700
19/01/2024,4150,4200,3800,3800,4200,4100,4200,3400,3700
18/01/2024,4150,4200,3800,3800,4200,4100,4200,3400,3700
17/01/2024,4150,4200,3800,3800,4200,4100,4200,3400,3700
16/01/2024,4150,4200,3800,3800,4200,4100,4200,3400,3700
15/01/2024,4150,4200,3800,3800,4200,4100,4200,3400,3700
12/01/2024,4150,4200,3800,3800,4200,4100,4200,3400,3700
11/01/2024,4150,4200,3800,3800,4200,4100,4200,3400,3700
10/01/2024,4150,4200,3800,3800,4200,4100,4200,3400,3700
09/01/2024,4150,4200,3800,3800,4200,4100,4200,3400,3700
08/01/2024,4150,4200,3800,3800,4200,4100,4200,3400,3700
05/01/2024,4150,4200,3800,3800,4200,4100,4200,3400,3700
04/01/2024,4150,4200,3800,3800,4200,4100,4200,3400,3700
03/01/2024,4150,4200,3800,3800,4200,4100,4200,3400,3700
02/01/2024,4150,4200,3800,3800,4200,4100,4200,3400,3700
01/01/2024,4150,4200,3800,3800,4200,4100,4200,3400,3700
30/12/2023,4150,4200,3800,3800,4200,4100,4200,3400,3700
29/12/2023,4150,4200,3800,3800,4200,4100,4200,3400,3700
28/12/2023,4150,4200,3800,3800,4200,4100,4200,3400,3700
27/12/2023,4150,4200,3800,3800,4200,4100,4200,3400,3700
26/12/2023,4150,4200,3800,3800,4200,4100,4200,3400,3700
25/12/2023,4150,4200,3800,3800,4200,4100,4200,3400,3700
23/12/2023,4150,4200,3800,3800,4200,4100,4200,3400,3700
22/12/2023,4150,4200,3800,3800,4200,4100,4200,3400,3700
21/12/2023,4200,4200,3800,3800,4200,4100,4200,3400,3700
20/12/2023,4200,4200,3800,3800,4200,4100,4200,3400,3700
19/12/2023,4200,4200,3800,3800,4200,4100,4200,3400,3700
18/12/2023,4200,4200,3800,3800,4200,4100,4200,3400,3700
16/12/2023,4200,4200,3800,3800,4200,4100,4200,3400,3700
15/12/2023,4200,4200,3800,3800,4200,4100,4200,3400,3700
14/12/2023,4200,4200,3800,3800,4200,4100,4200,3400,3700
13/12/2023,4200,4200,3800,3800,4200,4100,4200,3400,3700
12/12/2023,4200,4200,3800,3800,4200,4100,4200,3400,3700
11/12/2023,4200,4200,3800,3800,4200,4100,4200,3400,3700
09/12/2023,4200,4200,3800,3800,4200,4100,4200,3400,3700
08/12/2023,4200,4200,3800,3800,4200,4100,4200,3400,3700
07/12/2023,4200,4200,3800,3800,4200,4100,4200,3400,3700
06/12/2023,4200,4200,3800,3800,4200,4100,4200,3400,3700
05/12/2023,4200,4200,3800,3800,4200,4100,4200,3400,3700
04/12/2023,4200,4200,3800,3800,4200,4100,4200,3400,3700
02/12/2023,4200,4200,3800,3800,4200,4100,4200,3400,3700
01/12/2023,4200,4200,3800,3800,4200,4100,4200,3400,3700
30/11/2023,4100,4200,3800,3800,4200,4100,4200,3400,3700
29/11/2023,4100,4200,3800,3800,4200,4100,4200,3400,3700
28/11/2023,4100,4200,3800,3800,4200,4100,4200,3400,3700
27/11/2023,4000,4200,3800,3800,4200,4100,4200,3400,3700
24/11/2023,4000,4200,3800,3800,4200,4100,4200,3400,3700
23/11/2023,4000,4200,3800,3800,4200,4100,4200,3400,3700
22/11/2023,4000,4200,3800,3800,4200,4100,4200,3400,3700
21/11/2023,4000,4200,3800,3800,4200,4100,4200,3400,3700
20/11/2023,4000,4200,3800,3800,4200,4100,4200,3400,3700
17/11/2022,3900,4200,3800,3800,4200,4100,4200,3400,3700
16/11/2023,3900,4200,3800,3800,4200,4100,4200,3400,3700
15/11/2023,3900,4200,3800,3800,4200,4100,4200,3400,3700
13/11/2023,3900,4200,3800,3800,4200,4100,4200,3400,3700
10/11/2023,3900,4200,3800,3800,4200,4100,4200,3400,3700
09/11/2023,3900,4200,3800,3800,4200,4100,4200,3400,3700
08/11/2023,3900,4200,3800,3800,4200,4100,4200,3400,3700
07/11/2023,3900,4200,3800,3800,4200,4100,4200,3400,3700
06/11/2023,3900,4200,3800,3800,4200,4100,4200,3400,3700
03/11/2023,3900,4200,3800,3800,4200,4100,4200,3400,3700
02/11/2023,3900,4200,3800,3800,4200,4100,4200,3400,3700
01/11/2023,3900,4200,3800,3800,4200,4100,4200,3400,3700
31/10/2023,3900,4200,3800,3800,4200,4100,4200,3400,3700
30/10/2023,3900,4200,3800,3800,4200,4100,4200,3400,3700
27/10/2023,3900,4200,3800,3800,4200,4100,4200,3400,3700
26/10/2023,3900,4200,3800,3800,4200,4100,4200,3400,3700
25/10/2023,3900,4200,3800,3800,4200,4100,4200,3400,3700
23/10/2023,3900,4200,3800,3800,4200,4100,4200,3400,3700
20/10/2023,3900,4200,3800,3800,4200,4100,4200,3400,3700
19/10/2023,3900,4200,3800,3800,4200,4100,4200,3400,3700
18/10/2023,3900,4200,3800,3800,4200,4100,4200,3400,3700
17/10/2023,3900,4200,3800,3800,4200,4100,4200,3400,3700
16/10/2023,3800,4200,3800,3800,4200,4100,4200,3400,3700
13/10/2023,3800,4200,3800,3800,4200,4100,4200,3400,3700
12/10/2023,3800,4200,3800,3800,4200,4100,4200,3400,3700
11/10/2023,3800,4200,3800,3800,4200,4100,4200,3400,3700
10/10/2023,3800,4200,3800,3800,4200,4100,4200,3400,3700
09/10/2023,3800,4200,3800,3800,4200,4100,4200,3400,3700
06/10/2023,3800,4200,3800,3800,4200,4100,4200,3400,3700
05/10/2023,3800,4200,3800,3800,4200,4100,4200,3400,3700
04/10/2023,3800,4200,3800,3800,4200,4100,4200,3400,3700
03/10/2023,3800,4200,3800,3800,4200,4100,4200,3400,3700
29/09/2023,3800,4200,3800,3800,4200,4100,4200,3400,3700
27/09/2023,3800,4200,3800,3800,4200,4100,4200,3400,3700
26/09/2023,3800,4200,3800,3800,4200,4100,4200,3400,3700
25/09/2023,3800,4200,3800,3800,4200,4100,4200,3400,3700
22/09/2023,3800,4200,3800,3800,4200,4100,4200,3400,3700
21/09/2023,3800,4200,3800,3800,4200,4100,4200,3400,3700
20/09/2023,3800,4200,3800,3800,4200,4100,4200,3400,3700
18/09/2023,3800,4200,3800,3800,4200,4100,4200,3400,3700
15/09/2023,3800,4200,3800,3800,4200,4100,4200,3400,3700
14/09/2023,3800,4200,3800,3800,4200,4100,4200,3400,3700
13/09/2023,3800,4200,3800,3800,4200,4100,4200,3400,3700
12/09/2023,3800,4200,3800,3800,4200,4100,4200,3400,3700
11/09/2023,3800,4200,3800,3800,4200,4100,4200,3400,3700
08/09/2023,3800,4200,3800,3800,4200,4100,4200,3400,3700
07/09/2023,3800,4200,3800,3800,4200,4100,4200,3400,3700
06/09/2023,3800,4200,3800,3800,4200,4100,4200,3400,3700
05/09/2023,3800,4200,3800,3800,4200,4100,4200,3400,3700
04/09/2023,3800,4200,3800,3800,4200,4100,4200,3400,3700
01/09/2023,3800,4200,3800,3800,4200,4100,4200,3400,3700
31/08/2023,3800,4200,3800,3800,4200,4100,4200,3400,3700
30/08/2023,3900,4200,NR,3700,4200,NR,4200,3400,3700
29/08/2023,3900,4200,3800,3700,4200,4100,4200,3400,3700
28/08/2023,3900,4200,3800,3700,4200,4100,4200,3400,3700
25/08/2023,3900,4200,3800,3700,4200,4100,4200,3400,3700
24/08/2023,3900,4200,3800,3700,4200,4100,4200,3400,3700
23/08/2023,3900,4000,3800,3700,4200,4100,4200,3400,3700
22/08/2023,3900,4000,3800,3700,4200,4100,4200,3400,3700
21/08/2023,3900,4000,3800,3700,4200,4100,4200,3400,3700
18/08/2023,3900,4000,NR,3700,4200,4100,4200,3400,3700
17/08/2023,3900,4000,3800,3700,4200,4100,4200,3400,3700
16/08/2023,3900,4000,3800,3700,4200,4100,4200,3400,3700
14/08/2023,3900,4000,3800,3700,4200,4100,4200,3400,3700
11/08/2023,3900,4000,3800,3700,4200,4100,4200,3400,3700
10/08/2023,3900,4000,3800,3700,4200,4100,4200,3400,3700
09/08/2023,3900,4000,3800,3700,4200,4100,4200,3400,3700
08/08/2023,3900,4000,3800,3700,4200,4100,4200,3400,3700
07/08/2023,3850,4000,3800,3700,4200,4100,4200,3400,3700
04/08/2023,3850,4000,3800,3700,4200,4100,4200,3400,3700
03/08/2023,3850,4000,3800,3700,4200,4100,4200,3400,3700
02/08/2023,3850,4000,3800,3700,4200,4100,4200,3400,3700
01/08/2023,3850,4000,3800,3700,4200,4100,4200,3400,3700
31/07/2023,3850,4000,3800,3700,4200,4100,4200,3400,3700
28/07/2023,3850,4000,3800,3700,4200,4100,4200,3400,3700
27/07/2023,3850,4000,3800,3650,4200,4100,4200,3400,3700
26/07/2023,3850,4000,3800,3650,4200,4100,4200,3400,3700
25/07/2023,3850,4000,3800,3650,4200,4100,4200,3400,3700
24/07/2023,3850,3900,3800,3650,4200,4100,4200,3400,3800
21/07/2023,3800,3900,3800,3650,4200,4050,4200,3400,3800
20/07/2023,3800,3900,3800,3650,4200,4050,4200,3400,3800
19/07/2023,3800,3900,3800,3650,4060,4050,4200,3400,3800
18/07/2023,3800,3900,3800,3650,4060,4050,4200,3400,3800
17/07/2023,3800,3900,3800,3650,4060,4000,4200,3400,3800
14/07/2023,3800,3900,3800,3650,4060,4000,4200,3400,3800
13/07/2023,3800,3900,3800,3650,4060,4000,4200,3400,3800
12/07/2023,3800,3900,3600,3650,4060,4000,4200,3400,3800
11/07/2023,3800,3900,3600,3650,4060,4000,4200,3400,3800
10/07/2023,3800,3900,3600,3650,4060,4000,4200,3400,3800
07/07/2023,3800,3900,NR,3650,4060,4000,4200,3400,3800
06/07/2023,3800,3900,3600,3650,4060,4000,4200,3400,3800
05/07/2023,3800,3900,3600,3650,4060,4000,4200,3400,3800
04/07/2023,3800,3900,3600,3650,4060,4000,4200,3400,3800
03/07/2023,3800,3900,3600,3650,4060,4000,4200,3400,3800
30/06/2023,3800,3900,3600,3650,4060,4000,4200,3400,3800
28/06/2023,3800,3900,3600,3650,4060,4000,4000,3400,3800
27/06/2023,3800,3900,3600,3650,4060,4000,4000,3400,3800
26/06/2023,3800,3900,3600,3650,4060,3950,4000,3400,3800
23/06/2023,3800,3900,3600,3650,4000,3950,4000,3400,3800
22/06/2023,3800,3900,3600,3650,4000,3950,4000,3400,3800
21/06/2023,3800,3900,3600,3650,4000,3950,4000,3400,3800
20/06/2023,3800,3900,3600,3650,4000,NR,4000,3400,3800
19/06/2023,3800,3900,3600,3650,4000,3950,4000,3400,3800
16/06/2023,3800,3900,3600,3650,4000,3950,4000,3400,3800
15/06/2023,3800,3900,3600,3600,4000,3950,4000,3400,3600
14/06/2023,3750,3900,3600,3600,4000,3950,4000,3400,3500
13/06/2023,3750,3900,3600,3600,4000,3950,4000,3400,3500
12/06/2023,3750,3900,3600,3600,4000,3950,4000,3400,3500
09/06/2023,3750,3900,3600,3600,4000,3950,4000,3400,3500
08/06/2023,3750,3900,3600,3600,4000,3950,4000,3400,3500
07/06/2023,3750,3900,3600,3600,4000,3950,4000,3400,3500
06/06/2023,3750,3900,3600,3600,4000,3950,4000,3400,3500
05/06/2023,3750,3900,3600,3600,4000,3950,4000,3400,3500
02/06/2023,3750,3900,3600,3600,4000,3950,4000,3400,3500
01/06/2023,3750,3900,3600,3600,4000,3950,3900,3400,3500
31/05/2023,3750,3900,3600,3600,4100,3950,3900,3400,3500
30/05/2023,3750,3800,3600,3600,4000,3950,3900,3400,3600
29/05/2023,3750,3900,3600,3600,4000,3950,3900,3400,3600
26/05/2023,3750,3900,3600,3600,4000,3950,3900,3400,3600
25/05/2023,3750,3900,3600,3600,4060,3950,3900,3400,3600
24/05/2023,3700,3900,3600,3500,4060,3950,3900,3400,3600
23/05/2023,3700,3900,3600,3500,4060,3950,3900,3400,3600
22/05/2023,3700,3900,NR,3500,4060,3950,3900,3400,3600
19/05/2023,3700,3900,3600,3630,4060,3950,3900,3400,3600
18/05/2023,3700,3900,3600,3630,4100,3950,3900,3400,3600
17/05/2023,3750,3900,3600,3630,4060,3950,3900,3400,3600
16/05/2023,3750,3900,3600,3630,4060,3950,3900,3400,3600
15/05/2023,3750,3900,3600,3630,4060,3950,3900,3400,3600
12/05/2023,3750,3900,3600,3630,4060,3950,3900,3400,3600
11/05/2023,3750,3900,3600,3630,4060,3950,3900,3400,3600
10/05/2023,3750,3900,3600,3630,4060,4000,3900,3400,3600
09/05/2023,3750,3900,3600,3630,4060,NR,3900,3400,3600
08/05/2023,3750,3800,3600,3630,4060,3950,3900,3400,3600
05/05/2023,3750,3900,3600,3630,4060,NR,3900,3400,3600
04/05/2023,3750,3900,3600,3630,4060,3950,3900,3400,3600
03/05/2023,3750,3900,3600,3630,4040,3900,3900,3400,3600
02/05/2023,3800,3900,3600,3630,4040,3950,3900,3400,3600
28/04/2023,3800,3900,3600,3630,4100,4000,3900,3400,3800
27/04/2023,3800,3900,3600,3630,4100,4000,3900,3400,3800
26/04/2023,3800,3900,3600,3630,4100,4000,3960,3400,3800
25/04/2023,3800,3900,3600,3630,4100,4000,3900,3400,3800
24/04/2023,3800,3900,3600,3630,4080,4000,3900,3400,3800
21/04/2023,3800,3900,3600,3630,4080,NR,3900,3400,3800
20/04/2023,3800,3900,3600,3630,4080,4000,3900,3400,3800
19/04/2023,3800,3900,3600,3630,4080,4000,3900,3400,3800
18/04/2023,3800,3900,3600,3575,4080,4000,3900,3400,3800
17/04/2023,3800,3900,3600,3575,4080,4000,3900,3400,3800
14/04/2023,3800,3900,NR,3500,4000,NR,3900,3400,3800
13/04/2023,3800,3900,3600,3500,4000,4000,3900,3400,3800
12/04/2023,3800,3900,3600,3500,4000,3950,3900,3400,3800
11/04/2023,3800,3900,3600,3500,4000,3950,3900,3400,3800
10/04/2023,3800,3900,3600,3500,4000,3950,3900,3400,3800
07/04/2023,3800,3900,3600,3500,NR,4000,3900,3400,3800
06/04/2023,3800,3900,3600,3500,4000,3950,3960,3400,3800
05/04/2023,3800,3900,3600,3500,4000,3950,3900,3400,3800
04/04/2023,3800,3900,NR,3500,4000,3900,3900,3400,3800
03/04/2023,3800,3900,NR,3500,4000,NR,3900,3400,3800
31/03/2023,3800,3900,3600,3500,4000,3900,3900,3400,3800
30/03/2023,3700,3900,NR,3500,NR,3850,3900,3400,3800
29/03/2023,3700,3900,3600,3500,3860,3850,3900,3400,3800
28/03/2023,3700,3900,3600,3500,3860,3850,3900,3400,3800
27/03/2023,3700,3900,NR,3500,3860,3850,4000,3400,3800
24/03/2023,3700,3900,3600,3500,3860,3850,4000,3400,3800
23/03/2023,3700,3900,3600,3500,3850,3850,4000,3400,3800
21/03/2023,3700,3900,3600,3500,3850,3850,4000,3400,3700
20/03/2023,3700,3900,3600,3500,3850,3850,4000,3400,3700
17/03/2023,3700,3900,3600,3500,3850,3850,4000,3400,3700
16/03/2023,3800,3900,3600,3500,3850,3850,4000,3400,3700
15/03/2023,3800,3900,NR,3500,3850,3850,4000,3400,3700
14/03/2023,3800,3900,3600,3500,3850,3850,4100,3400,3700
13/03/2023,3800,3900,3600,3500,3850,3900,4100,3400,3700
10/03/2023,3800,3900,3600,3500,3850,3900,4100,3400,3700
09/03/2023,3800,3900,3600,3500,3850,3900,4100,3400,3700
08/03/2023,3800,NR,NR,3500,NR,NR,4100,3400,3700
07/03/2023,3800,3900,NR,3500,3850,NR,4100,3400,3750
06/03/2023,3800,3900,3600,3500,3850,3900,4100,3400,3750
03/03/2023,3800,3900,3600,3500,3860,3900,4100,3400,3750
02/03/2023,3800,3900,3600,3500,3860,3900,4100,3400,3750
01/03/2023,3800,3900,3600,3500,3860,3900,4100,3400,3750
28/02/2023,3800,3900,NR,3500,3860,3850,4100,3400,3750
27/02/2023,3800,3900,3600,3500,3860,3850,4100,3400,3750
24/02/2023,3800,3900,NR,3500,3860,3800,4100,3400,3750
23/02/2023,3800,3900,NR,3500,3860,3800,4100,3400,3750
22/02/2023,3800,3900,3600,3500,3860,3750,4100,3400,3750
Date,Delhi,Kanpur,Raipur,Mumbai,Ranchi,Kolkata,Guwahati,Hyderabad,Chennai
26/11/2025,4360,4340,4300,4100,4340,4400,4420,4110,4400
25/11/2025,4360,4340,4300,4120,4340,4400,4420,4160,4400
24/11/2025,4360,4320,4300,4120,4340,4400,4420,4160,4400
22/11/2025,4360,4320,4300,4120,4340,4400,4420,4160,4400
21/11/2025,4360,4320,4300,4120,4340,4400,4420,4160,4400
20/11/2025,4340,4300,4300,4100,4340,4400,4420,4160,4400
19/11/2025,4320,4280,4300,4100,4340,4400,4420,4160,4400
18/11/2025,4320,4280,4300,4120,4340,4400,4420,4180,4400
17/11/2025,4320,4280,4300,4120,4340,4400,4420,4180,4400
15/11/2025,4320,4280,4300,4120,4340,4400,4420,4180,4400
14/11/2025,4320,4280,4300,4120,4340,4400,4420,4180,4400
13/11/2025,4320,4280,4300,4120,4340,4400,4420,4200,4400
12/11/2025,4320,4280,4300,4120,4340,4400,4420,4200,4400
11/11/2025,4320,4280,4300,4120,4340,4400,4420,4200,4400
10/11/2025,4320,4280,4300,4120,4340,4400,4420,4200,4400
07/11/2025,4320,4280,4300,4120,4340,4380,4400,4200,4400
06/11/2025,4320,4280,4300,4120,4340,4350,4360,4200,4380
05/11/2025,4320,4280,4300,4100,4340,4340,4360,4180,4380
04/11/2025,4300,4250,4280,4080,4340,4300,4320,4170,4380
03/11/2025,4300,4250,4280,4080,4340,4300,4320,4170,4380
01/11/2025,4300,4250,4280,4080,4340,4300,4320,4170,4380
31/10/2025,4300,4250,4280,4080,4340,4300,4320,4170,4380
30/10/2025,4300,4250,4280,4080,4340,4300,4320,4170,4380
29/10/2025,4300,4250,4280,4080,4340,4300,4320,4170,4380
28/10/2025,4300,4250,4280,4080,4340,4300,4320,4170,4380
27/10/2025,4300,4250,4280,4080,4340,4300,4320,4170,4380
25/10/2025,4300,4260,4280,4100,4350,4320,4340,4180,4400
24/10/2025,4320,4270,4280,4120,4360,4320,4340,4200,4420
23/10/2025,4340,4300,4300,4160,4400,4360,4380,4220,4440
20/10/2025,4340,4300,4300,4160,4400,4360,4380,4220,4440
18/10/2025,4340,4300,4300,4160,4400,4360,4380,4220,4440
17/10/2025,4340,4300,4300,4160,4400,4360,4380,4220,4440
16/10/2025,4340,4300,4300,4160,4400,4360,4380,4220,4440
15/10/2025,4330,4300,4300,4150,4400,4350,4370,4220,4440
14/10/2025,4350,4310,4310,4170,4410,4370,4390,4230,4450
13/10/2025,4360,4320,4320,4180,4420,4380,4400,4230,4450
11/10/2025,4360,4320,4320,4180,4420,4380,4400,4230,4450
10/10/2025,4370,4320,4320,4180,4430,4390,4410,4230,4460
09/10/2025,4370,4320,4320,4180,4430,4390,4410,4230,4460
08/10/2025,4380,4330,4320,4180,4430,4410,4430,4230,4470
07/10/2025,4390,4340,4320,4180,4430,4410,4430,4230,4470
06/10/2025,4400,4350,4340,4200,4450,4420,4440,4240,4480
04/10/2025,4400,4350,4340,4200,4450,4420,4440,4240,4480
03/10/2025,4400,4350,4340,4200,4450,4420,4440,4240,4500
01/10/2025,4400,4350,4350,4220,4450,4420,4440,4250,4520
30/09/2025,4400,4350,4350,4220,4450,4420,4440,4250,4520
29/09/2025,4400,4350,4350,4220,4450,4420,4440,4250,4520
27/09/2025,4400,4350,4330,4220,4320,4420,4440,4250,4520
26/09/2025,4400,4350,4330,4220,4320,4420,4440,4250,4520
25/09/2025,4400,4350,4330,4220,4320,4420,4440,4250,4530
24/09/2025,4400,4350,4330,4220,4320,4420,4440,4250,4530
23/09/2025,4400,4350,4330,4220,4320,4420,4440,4250,4530
22/09/2025,4400,4350,4330,4220,4320,4420,4440,4250,4530
20/09/2025,4400,4350,4330,4240,4340,4430,4450,4260,4540
19/09/2025,4400,4350,4330,4240,4340,4430,4450,4260,4540
18/09/2025,4400,4350,4330,4240,4340,4430,4450,4270,4550
17/09/2025,4390,4350,4320,4220,4320,4420,4440,4250,4520
16/09/2025,4390,4350,4320,4240,4320,4420,4440,4250,4520
15/09/2025,4390,4350,4320,4240,4320,4420,4440,4250,4520
13/09/2025,4400,4360,4330,4250,4330,4430,4450,4250,4520
12/09/2025,4400,4360,4330,4250,4330,4430,4450,4250,4520
11/09/2025,4400,4360,4330,4250,4330,4430,4450,4250,4520
10/09/2025,4400,4360,4330,4250,4330,4430,4450,4250,4520
09/09/2025,4400,4360,4330,4250,4330,4430,4450,4250,4520
08/09/2025,4380,4360,4330,4240,4320,4420,4440,4240,4500
06/09/2025,4380,4360,4330,4240,4320,4420,4440,4240,4500
05/09/2025,4380,4360,4330,4240,4320,4420,4440,4240,4500
04/09/2025,4380,4360,4330,4250,4330,4420,4440,4250,4500
03/09/2025,4390,4370,4350,4260,4340,4430,4440,4270,4470
02/09/2025,4390,4370,4350,4260,4340,4430,4440,4270,4470
01/09/2025,4390,4370,4350,4260,4340,4430,4440,4270,4470
30/08/2025,4390,4370,4350,4260,4340,4430,4440,4270,4470
29/08/2025,4390,4370,4350,4260,4340,4430,4440,4270,4470
28/08/2025,4400,4380,4360,4280,4350,4440,4450,4280,4480
26/08/2025,4400,4380,4360,4280,4350,4440,4450,4280,4480
25/08/2025,4400,4380,4360,4280,4350,4440,4450,4280,4480
23/08/2025,4400,4380,4360,4280,4350,4440,4450,4280,4480
22/08/2025,4400,4380,4360,4280,4350,4440,4450,4280,4480
21/08/2025,4400,4380,4360,4270,4350,4440,4450,4280,4480
20/08/2025,4400,4380,4350,4280,4350,4460,4460,4290,4480
19/08/2025,4400,4380,4350,4280,4350,4460,4460,4290,4480
18/08/2025,4400,4380,4350,4260,4350,4460,4460,4280,4480
16/08/2025,4400,4380,4350,4230,4350,4460,4460,4240,4480
14/08/2025,4400,4380,4350,4230,4350,4460,4460,4240,4480
13/08/2025,4400,4380,4350,4230,4350,4460,4460,4240,4480
12/08/2025,4400,4380,4350,4230,4350,4460,4460,4240,4480
11/08/2025,4400,4380,4320,4230,4350,4460,4460,4240,4480
09/08/2025,4400,4380,4300,4230,4300,4460,4460,4240,4480
08/08/2025,4400,4380,4280,4240,4300,4480,4480,4250,4500
07/08/2025,4400,4380,4280,4240,4300,4480,4480,4250,4500
06/08/2025,4400,4380,4280,4240,4300,4480,4480,4250,4500
05/08/2025,4400,4380,4280,4240,4300,4480,4480,4250,4500
04/08/2025,4400,4380,4280,4240,4300,4480,4480,4250,4500
02/08/2025,4400,4370,4260,4240,4270,4480,4480,4240,4500
01/08/2025,4400,4370,4260,4240,4270,4480,4480,4240,4500
31/07/2025,4400,4370,4260,4240,4270,4480,4480,4240,4500
30/07/2025,4380,4340,4220,4180,4220,4450,4450,4180,4500
29/07/2025,4350,4320,4180,4160,4180,4400,4410,4150,4460
28/07/2025,4320,4300,4160,4140,4160,4370,4380,4130,4440
26/07/2025,4320,4300,4160,4140,4160,4370,4380,4130,4440
25/07/2025,4320,4300,4160,4140,4160,4370,4380,4130,4440
24/07/2025,4300,4275,4150,4120,4160,4350,4360,4120,4420
23/07/2025,4300,4275,4150,4120,4160,4350,4360,4120,4420
22/07/2025,4300,4275,4150,4120,4160,4350,4360,4120,4420
21/07/2025,4300,4275,4150,4120,4160,4350,4360,4120,4420
19/07/2025,4300,4275,4150,4120,4160,4350,4360,4120,4420
18/07/2025,4300,4275,4150,4120,4160,4350,4360,4120,4420
17/07/2025,4300,4275,4150,4120,4160,4350,4360,4120,4420
16/07/2025,4320,4300,4170,4140,4180,4350,4360,4120,4420
15/07/2025,4340,4320,4200,4160,4200,4350,4360,4120,4420
14/07/2025,4340,4320,4200,4160,4200,4350,4360,4120,4420
12/07/2025,4340,4320,4200,4160,4200,4350,4360,4120,4420
11/07/2025,4340,4320,4200,4160,4200,4350,4360,4120,4420
10/07/2025,4340,4320,4200,4160,4200,4350,4360,4120,4420
09/07/2025,4340,4320,4200,4160,4200,4350,4360,4120,4420
08/07/2025,4340,4320,4200,4160,4200,4350,4360,4120,4420
07/07/2025,4340,4320,4200,4160,4200,4350,4360,4120,4420
05/07/2025,4340,4320,4200,4160,4200,4350,4360,4120,4420
04/07/2025,4340,4320,4200,4160,4200,4350,4360,4120,4420
03/07/2025,4350,4320,4220,4160,4220,4360,4370,4130,4440
02/07/2025,4350,4320,4220,4160,4220,4360,4370,4130,4440
01/07/2025,4350,4320,4220,4160,4220,4360,4370,4130,4440
30/06/2025,4350,4320,4220,4150,4220,4360,4370,4130,4440
28/06/2025,4350,4320,4220,4150,4220,4360,4370,4130,4440
27/06/2025,4350,4320,4220,4150,4220,4360,4370,4130,4440
26/06/2025,4320,4300,4200,4120,4200,4340,4350,4100,4400
25/06/2025,4300,4280,4180,4100,4180,4320,4330,4100,4380
24/06/2025,4300,4280,4180,4100,4180,4320,4330,4100,4380
23/06/2025,4300,4280,4180,4100,4180,4320,4330,4100,4380
21/06/2025,4330,4310,4200,4120,4200,4340,4360,4110,4400
20/06/2025,4330,4310,4200,4120,4200,4340,4360,4110,4400
19/06/2025,4340,4320,4200,4120,4200,4350,4370,4120,4400
18/06/2025,4340,4320,4200,4120,4200,4350,4370,4120,4400
17/06/2025,4340,4320,4200,4120,4200,4350,4370,4120,4400
16/06/2025,4340,4320,4200,4120,4200,4350,4370,4120,4400
14/06/2025,4320,4300,4200,4120,4200,4330,4350,4120,4400
13/06/2025,4320,4300,4200,4120,4200,4330,4350,4120,4400
12/06/2025,4310,4300,4200,4120,4200,4330,4350,4120,4400
11/06/2025,4320,4310,4200,4120,4200,4340,4350,4130,4420
10/06/2025,4320,4310,4200,4120,4200,4340,4350,4130,4420
09/06/2025,4320,4310,4200,4120,4200,4340,4350,4130,4420
07/06/2025,4330,4320,4200,4140,4200,4350,4360,4140,4420
06/06/2025,4330,4320,4200,4140,4200,4350,4360,4140,4420
05/06/2025,4330,4320,4190,4150,4190,4340,4350,4150,4420
04/06/2025,4340,4330,4200,4170,4190,4350,4360,4180,4420
03/06/2025,4350,4340,4200,4180,4210,4360,4370,4200,4430
02/06/2025,4350,4340,4200,4180,4210,4360,4370,4200,4430
31/05/2025,4360,4340,4200,4180,4220,4370,4380,4210,4430
30/05/2025,4360,4340,4200,4180,4220,4370,4380,4210,4430
29/05/2025,4360,4340,4200,4180,4220,4370,4380,4210,4430
28/05/2025,4360,4340,4200,4180,4220,4370,4380,4210,4430
27/05/2025,4360,4340,4200,4180,4220,4370,4380,4210,4430
26/05/2025,4360,4340,4200,4180,4220,4370,4380,4210,4430
24/05/2025,4360,4340,4200,4180,4220,4370,4380,4210,4430
23/05/2025,4360,4340,4200,4180,4220,4370,4380,4210,4430
22/05/2025,4360,4340,4200,4180,4220,4370,4380,4210,4430
21/05/2025,4360,4340,4200,4200,4220,4370,4380,4200,4420
20/05/2025,4360,4340,4200,4190,4220,4370,4380,4200,4420
19/05/2025,4360,4340,4200,4180,4220,4370,4380,4200,4420
17/05/2025,4380,4340,4200,4180,4230,4370,4380,4200,4420
16/05/2025,4380,4340,4200,4200,4240,4370,4380,4200,4420
15/05/2025,4380,4340,4200,4200,4240,4370,4380,4200,4420
14/05/2025,4380,4340,4220,4200,4240,4370,4380,4200,4420
13/05/2025,4400,4350,4240,4200,4260,4380,4390,4210,4420
12/05/2025,4400,4350,4240,4200,4260,4380,4390,4210,4420
10/05/2025,4400,4350,4240,4200,4260,4380,4390,4220,4420
09/05/2025,4400,4350,4240,4200,4260,4380,4390,4220,4420
08/05/2025,4400,4350,4240,4200,4260,4380,4390,4220,4420
07/05/2025,4400,4350,4240,4200,4260,4380,4390,4220,4420
06/05/2025,4400,4350,4240,4200,4260,4380,4390,4220,4410
05/05/2025,4400,4350,4240,4180,4260,4375,4390,4200,4400
03/05/2025,4400,4360,4250,4180,4270,4380,4390,4200,4400
02/05/2025,4400,4360,4250,4180,4270,4380,4390,4200,4400
30/04/2025,4380,4340,4260,4180,4280,4370,4380,4190,4400
29/04/2025,4370,4330,4260,4180,4280,4360,4380,4190,4400
28/04/2025,4370,4330,4270,4180,4290,4370,4380,4200,4400
26/04/2025,4350,4310,4250,4160,4270,4340,4360,4180,4380
25/04/2025,4360,4320,4250,4160,4270,4350,4370,4180,4380
24/04/2025,4360,4320,4250,4160,4270,4350,4370,4180,4380
23/04/2025,4370,4330,4250,4160,4270,4350,4370,4180,4380
22/04/2025,4380,4330,4250,4170,4280,4360,4380,4180,4380
21/04/2025,4390,4340,4250,4180,4290,4360,4380,4190,4390
19/04/2025,4390,4340,4250,4180,4290,4360,4380,4190,4390
18/04/2025,4390,4340,4250,4180,4290,4360,4380,4190,4390
17/04/2025,4390,4340,4250,4180,4290,4360,4380,4190,4390
16/04/2025,4390,4340,4260,4190,4290,4370,4390,4190,4390
15/04/2025,4390,4340,4260,4190,4290,4370,4390,4190,4390
14/04/2025,4380,4320,4250,4180,4280,4360,4380,4180,4380
12/04/2025,4380,4320,4250,4180,4280,4360,4380,4180,4380
11/04/2025,4370,4300,4220,4180,4280,4360,4380,4180,4380
10/04/2025,4370,4300,4220,4180,4280,4360,4380,4180,4380
09/04/2025,4370,4300,4220,4180,4280,4360,4380,4180,4380
08/04/2025,4370,4300,4220,4180,4280,4360,4380,4180,4380
07/04/2025,4380,4300,4225,4180,4280,4360,4380,4180,4380
05/04/2025,4400,4310,4240,4190,4300,4380,4400,4190,4390
04/04/2025,4410,4320,4250,4190,4300,4390,4400,4200,4400
03/04/2025,4400,4320,4260,4190,4300,4390,4410,4210,4400
02/04/2025,4400,4320,4280,4190,4300,4400,4420,4210,4400
01/04/2025,4390,4290,4300,4200,4300,4400,4420,4220,4400
31/03/2025,4380,4280,4300,4200,4300,4400,4420,4220,4400
29/03/2025,4380,4280,4320,4200,4300,4400,4420,4220,4400
28/03/2025,4380,4280,4320,4200,4300,4400,4420,4220,4400
27/03/2025,4350,4260,4320,4160,4280,4380,4410,4200,4390
26/03/2025,4360,4270,4340,4140,4280,4380,4410,4220,4400
25/03/2025,4340,4250,4325,4130,4260,4360,4400,4210,4400
24/03/2025,4340,4250,4325,4130,4260,4360,4400,4210,4400
22/03/2025,4350,4260,4325,4130,4280,4380,4420,4210,4400
21/03/2025,4350,4260,4325,4130,4280,4380,4420,4210,4400
20/03/2025,4350,4260,4325,4130,4280,4380,4420,4210,4400
19/03/2025,4350,4260,4325,4130,4280,4380,4420,4210,4400
18/03/2025,4350,4260,4325,4130,4280,4380,4420,4210,4400
17/03/2025,4350,4260,4325,4130,4280,4380,4420,4210,4400
15/03/2025,4350,4260,4325,4130,4280,4380,4420,4210,4400
14/03/2025,4360,4270,4325,4150,4290,4400,4450,4210,4400
13/03/2025,4360,4270,4325,4150,4290,4400,4450,4210,4400
12/03/2025,4360,4270,4325,4150,4290,4400,4450,4210,4400
11/03/2025,4360,4270,4325,4150,4290,4420,4450,4200,4400
10/03/2025,4360,4270,4325,4150,4290,4420,4450,4200,4400
08/03/2025,4370,4280,4325,4170,4290,4450,4470,4200,4400
07/03/2025,4390,4300,4340,4180,4290,4480,4490,4200,4400
06/03/2025,4400,4320,4340,4180,4300,4490,4500,4210,4400
05/03/2025,4400,4330,4340,4200,4300,4500,4500,4210,4420
04/03/2025,4400,4330,4340,4240,4340,4480,4480,4210,4420
03/03/2025,4420,4340,4340,4240,4340,4490,4480,4210,4420
01/03/2025,4430,4350,4340,4240,4340,4490,4480,4210,4420
28/02/2025,4410,4330,4320,4220,4320,4470,4460,4190,4400
27/02/2025,4390,4310,4310,4210,4300,4450,4440,4170,4380
26/02/2025,4390,4310,4310,4210,4300,4450,4440,4170,4380
25/02/2025,4340,4260,4270,4190,4270,4400,4390,4150,4350
24/02/2025,4340,4260,4270,4190,4270,4400,4390,4150,4350
22/02/2025,4360,4280,4290,4200,4290,4420,4410,4160,4370
21/02/2025,4360,4280,4290,4200,4290,4420,4410,4160,4370
20/02/2025,4330,4260,4260,4180,4260,4380,4370,4130,4340
19/02/2025,4290,4220,4230,4150,4220,4340,4330,4090,4310
18/02/2025,4290,4220,4230,4150,4220,4340,4330,4090,4310
17/02/2025,4310,4240,4240,4150,4230,4360,4350,4090,4310
15/02/2025,4340,4270,4270,4170,4260,4390,4380,4110,4340
14/02/2025,4370,4290,4290,4190,4280,4420,4410,4130,4360
13/02/2025,4400,4310,4310,4210,4300,4450,4440,4150,4380
12/02/2025,4430,4350,4340,4240,4320,4490,4480,4180,4410
11/02/2025,4430,4350,4340,4240,4320,4490,4480,4180,4410
10/02/2025,4450,4370,4350,4250,4330,4510,4500,4190,4430
08/02/2025,4470,4400,4370,4270,4350,4540,4530,4210,4460
07/02/2025,4470,4400,4370,4270,4350,4540,4530,4210,4460
06/02/2025,4450,4380,4350,4250,4330,4520,4510,4190,4450
05/02/2025,4450,4380,4350,4250,4330,4520,4510,4190,4450
04/02/2025,4450,4380,4340,4200,4320,4520,4510,4160,4450
03/02/2025,4450,4390,4320,4150,4300,4510,4500,4120,4440
01/02/2025,4450,4390,4320,4150,4300,4510,4500,4120,4440
31/01/2025,4330,4270,4240,4060,4220,4380,4370,4000,4350
30/01/2025,4330,4270,4240,4060,4220,4380,4370,4000,4350
29/01/2025,4320,4260,4230,4050,4210,4370,4360,3990,4340
28/01/2025,4300,4240,4210,4020,4190,4350,4340,3970,4310
27/01/2025,4290,4230,4190,4000,4170,4340,4330,3960,4290
25/01/2025,4290,4230,4190,4000,4170,4340,4330,3960,4290
24/01/2025,4290,4230,4190,4000,4170,4340,4330,3960,4290
23/01/2025,4300,4240,4200,4010,4180,4350,4340,3970,4300
22/01/2025,4310,4250,4210,4020,4190,4360,4350,3980,4310
21/01/2025,4310,4250,4210,4020,4190,4360,4350,3980,4310
20/01/2025,4310,4250,4210,4010,4180,4360,4350,3970,4310
18/01/2025,4250,4190,4130,3960,4110,4300,4290,3900,4260
17/01/2025,4250,4190,4130,3960,4110,4300,4290,3900,4260
16/01/2025,4240,4170,4120,3940,4100,4280,4270,3880,4240
15/01/2025,4230,4150,4100,3930,4090,4270,4260,3870,4230
14/01/2025,4210,4130,4080,3920,4080,4250,4240,3860,4210
13/01/2025,4210,4130,4080,3920,4080,4250,4240,3860,4210
11/01/2025,4180,4110,4060,3900,4060,4220,4210,3840,4190
10/01/2025,4160,4090,4050,3890,4050,4200,4190,3830,4170
09/01/2025,4160,4090,4050,3890,4050,4200,4190,3830,4170
08/01/2025,4160,4090,4050,3890,4050,4200,4190,3830,4170
07/01/2025,4150,4080,4040,3880,4040,4180,4170,3820,4160
06/01/2025,4150,4080,4040,3880,4040,4180,4170,3820,4160
04/01/2025,4160,4090,4040,3880,4040,4190,4180,3820,4160
03/01/2025,4160,4090,4040,3880,4040,4190,4180,3820,4160
02/01/2025,4130,4060,4010,3860,4010,4160,4150,3800,4130
01/01/2025,4120,4050,4000,3850,4000,4150,4140,3790,4120
31/12/2024,4110,4040,3950,3830,3990,4130,4120,3780,4100
30/12/2024,4110,4040,3950,3830,3990,4130,4120,3780,4100
28/12/2024,4110,4040,3950,3830,3990,4130,4120,3780,4100
27/12/2024,4070,4000,3920,3810,3960,4100,4090,3760,4070
26/12/2024,4050,3980,3900,3800,3940,4080,4070,3750,4050
25/12/2024,4030,3960,3880,3790,3920,4060,4050,3750,4030
24/12/2024,4030,3960,3880,3790,3920,4060,4050,3750,4030
23/12/2024,4020,3950,3870,3780,3910,4050,4040,3740,4020
21/12/2024,4000,3930,3850,3770,3890,4030,4020,3730,4000
20/12/2024,3980,3910,3840,3760,3870,4010,4000,3720,3970
19/12/2024,3960,3880,3820,3740,3860,3990,3980,3710,3950
18/12/2024,3940,3860,3810,3730,3850,3970,3960,3700,3940
17/12/2024,3950,3860,3820,3740,3860,3970,3960,3710,3950
16/12/2024,3970,3870,3840,3760,3880,3990,3980,3730,3970
14/12/2024,3970,3870,3840,3760,3880,3990,3980,3730,3970
13/12/2024,3970,3870,3840,3760,3880,3990,3980,3730,3970
12/12/2024,3960,3860,3840,3760,3880,3980,3970,3730,3970
11/12/2024,3950,3850,3840,3760,3880,3970,3960,3730,3970
10/12/2024,3970,3870,3860,3780,3900,3990,3980,3750,3980
09/12/2024,4000,3880,3880,3820,3920,4010,4000,3780,4000
07/12/2024,3950,3870,3880,3820,3920,4000,3990,3780,4000
06/12/2024,3950,3870,3880,3820,3920,4000,3990,3780,4000
05/12/2024,3950,3870,3880,3820,3920,4000,3990,3780,4000
04/12/2024,3960,3880,3890,3830,3930,4010,4000,3790,4010
03/12/2024,3970,3890,3900,3840,3940,4020,4010,3800,4020
02/12/2024,3990,3910,3920,3860,3960,4040,4030,3820,4040
30/11/2024,4000,3920,3930,3870,3980,4050,4040,3830,4050
29/11/2024,4010,3930,3940,3880,4000,4060,4050,3840,4060
28/11/2024,4010,3930,3940,3880,4000,4060,4050,3840,4060
27/11/2024,4010,3930,3940,3880,4000,4060,4050,3840,4060
26/11/2024,4020,3950,3960,3900,4020,4080,4070,3850,4070
25/11/2024,4040,3970,3970,3910,4030,4100,4090,3860,4080
23/11/2024,4060,3990,3980,3920,4040,4120,4110,3870,4090
22/11/2024,4060,3990,3980,3920,4040,4120,4110,3870,4090
21/11/2024,4070,4000,3990,3930,4050,4130,4120,3880,4100
20/11/2024,4070,4000,3990,3930,4050,4130,4120,3880,4100
19/11/2024,4070,4000,3990,3930,4050,4130,4120,3880,4100
18/11/2024,4070,4000,3990,3930,4050,4130,4120,3880,4100
16/11/2024,4100,4030,4010,3940,4070,4150,4140,3910,4120
15/11/2024,4100,4030,4010,3940,4070,4150,4140,3910,4120
14/11/2024,4120,4050,4020,3950,4090,4170,4160,3930,4130
13/11/2024,4140,4070,4040,3970,4110,4190,4180,3950,4150
12/11/2024,4140,4070,4040,3970,4110,4190,4180,3950,4150
11/11/2024,4160,4090,4050,3980,4120,4210,4200,3960,4160
09/11/2024,4170,4100,4050,3980,4120,4220,4210,3960,4160
08/11/2024,4190,4120,4060,3990,4130,4240,4230,3970,4170
07/11/2024,4200,4130,4070,4000,4140,4250,4240,3980,4180
06/11/2024,4210,4140,4080,4010,4150,4260,4250,3990,4190
05/11/2024,4230,4150,4090,4030,4150,4270,4260,4000,4200
04/11/2024,4230,4150,4090,4030,4150,4270,4260,4000,4200
31/10/2024,4230,4150,4090,4030,4150,4270,4260,4000,4200
30/10/2024,4230,4150,4090,4030,4150,4270,4260,4000,4200
29/10/2024,4230,4150,4090,4030,4150,4270,4260,4000,4200
28/10/2024,4230,4150,4090,4030,4150,4270,4260,4000,4200
26/10/2024,4150,4090,4070,4020,4110,4200,4190,3980,4180
25/10/2024,4150,4090,4070,4020,4110,4200,4190,3980,4180
24/10/2024,4150,4090,4070,4020,4110,4200,4190,3980,4180
23/10/2024,4160,4100,4090,4040,4120,4210,4210,4000,4190
22/10/2024,4170,4110,4100,4050,4130,4220,4220,4010,4200
21/10/2024,4170,4110,4100,4050,4130,4220,4220,4010,4200
19/10/2024,4180,4120,4110,4060,4140,4230,4230,4020,4210
18/10/2024,4200,4140,4120,4070,4150,4250,4250,4030,4220
17/10/2024,4210,4150,4130,4080,4160,4260,4260,4040,4230
16/10/2024,4220,4160,4140,4090,4170,4270,4270,4050,4240
15/10/2024,4220,4160,4140,4090,4170,4270,4270,4050,4240
14/10/2024,4230,4170,4150,4100,4180,4280,4280,4060,4250
11/10/2024,4240,4180,4150,4100,4180,4290,4280,4060,4250
10/10/2024,4240,4180,4150,4100,4180,4290,4280,4060,4250
09/10/2024,4240,4180,4150,4100,4180,4290,4280,4060,4250
08/10/2024,4260,4200,4160,4110,4190,4310,4300,4070,4260
07/10/2024,4260,4200,4160,4110,4190,4310,4300,4070,4260
05/10/2024,4270,4210,4170,4120,4200,4320,4310,4080,4270
04/10/2024,4270,4210,4170,4120,4200,4320,4310,4090,4280
03/10/2024,4270,4210,4170,4120,4200,4320,4310,4090,4280
01/10/2024,4260,4200,4160,4110,4190,4310,4300,4080,4270
30/09/2024,4250,4190,4150,4100,4180,4300,4290,4070,4260
28/09/2024,4270,4210,4150,4110,4180,4300,4290,4080,4260
27/09/2024,4270,4210,4150,4110,4180,4300,4290,4080,4260
26/09/2024,4170,4120,4100,4080,4130,4210,4190,4040,4220
25/09/2024,4170,4120,4100,4080,4130,4210,4190,4040,4220
24/09/2024,4180,4130,4100,4080,4140,4220,4200,4050,4230
23/09/2024,4180,4130,4100,4080,4140,4220,4200,4050,4230
21/09/2024,4200,4150,4110,4080,4150,4240,4220,4060,4240
20/09/2024,4200,4150,4110,4080,4150,4250,4230,4060,4240
19/09/2024,4200,4150,4110,4080,4150,4250,4230,4060,4240
18/09/2024,4200,4150,4110,4080,4150,4250,4230,4060,4240
17/09/2024,4160,4110,4090,4070,4130,4210,4190,4050,4220
16/09/2024,4150,4100,4080,4060,4120,4200,4180,4040,4210
14/09/2024,4090,4040,4030,4040,4070,4140,4130,4020,4180
13/09/2024,4050,4010,4010,4030,4040,4110,4100,4020,4160
12/09/2024,4070,4030,4020,4030,4050,4130,4120,4030,4160
11/09/2024,4070,4030,4020,4030,4050,4130,4120,4030,4160
10/09/2024,4080,4040,4030,4040,4060,4140,4130,4040,4160
09/09/2024,4090,4050,4040,4040,4070,4150,4140,4050,4170
06/09/2024,4110,4070,4050,4050,4080,4170,4160,4060,4180
05/09/2024,4110,4070,4050,4050,4080,4170,4160,4060,4180
04/09/2024,4130,4090,4050,4060,4090,4190,4180,4070,4190
03/09/2024,4140,4100,4060,4070,4100,4200,4190,4080,4200
02/09/2024,4150,4100,4060,4070,4100,4210,4200,4080,4200
31/08/2024,4160,4110,4065,4080,4105,4220,4210,4085,4210
30/08/2024,4160,4110,4065,4080,4105,4220,4210,4085,4210
29/08/2024,4160,4110,4065,4080,4105,4230,4220,4085,4220
28/08/2024,4160,4110,4065,4080,4105,4230,4220,4085,4220
27/08/2024,4150,4100,4055,4070,4095,4220,4210,4075,4215
26/08/2024,4160,4110,4060,4070,4100,4230,4220,4080,4220
24/08/2024,4170,4120,4070,4080,4110,4240,4230,4080,4230
23/08/2024,4180,4130,4080,4090,4120,4250,4240,4080,4240
22/08/2024,4180,4130,4080,4090,4120,4250,4240,4080,4240
21/08/2024,4190,4140,4090,4090,4120,4260,4250,4080,4250
20/08/2024,4190,4140,4090,4090,4120,4260,4250,4080,4250
19/08/2024,4200,4150,4100,4090,4120,4270,4260,4080,4260
17/08/2024,4210,4160,4110,4100,4130,4280,4270,4090,4270
16/08/2024,4210,4160,4110,4100,4130,4280,4270,4090,4270
14/08/2024,4220,4170,4120,4110,4140,4290,4280,4100,4290
13/08/2024,4230,4180,4130,4120,4150,4300,4290,4110,4300
12/08/2024,4250,4200,4140,4120,4160,4310,4300,4110,4300
09/08/2024,4290,4240,4160,4150,4180,4350,4340,4130,4330
08/08/2024,4300,4250,4170,4160,4190,4360,4350,4140,4340
07/08/2024,4300,4250,4170,4160,4190,4360,4350,4140,4340
06/08/2024,4300,4250,4170,4160,4190,4360,4350,4140,4340
05/08/2024,4310,4260,4180,4170,4200,4370,4360,4140,4360
03/08/2024,4340,4270,4180,4170,4200,4380,4370,4140,4380
02/08/2024,4350,4280,4190,4170,4200,4390,4380,4140,4400
01/08/2024,4370,4300,4200,4180,4210,4410,4400,4150,4410
31/07/2024,4370,4300,4200,4180,4210,4410,4400,4150,4410
30/07/2024,4370,4300,4200,4180,4210,4410,4400,4150,4410
29/07/2024,4370,4300,4200,4180,4210,4410,4400,4150,4410
27/07/2024,4260,4210,4100,4060,4110,4320,4310,4020,4300
26/07/2024,4160,4120,4000,4010,4040,4220,4210,3970,4210
25/07/2024,4170,4130,4010,4020,4050,4230,4220,3980,4220
24/07/2024,4170,4130,4010,4020,4050,4230,4220,3980,4220
23/07/2024,4170,4130,4010,4020,4050,4230,4220,3980,4220
22/07/2024,4170,4130,4010,4020,4050,4230,4220,3980,4220
20/07/2024,4160,4120,4000,4010,4040,4220,4210,3980,4210
19/07/2024,4150,4110,3990,4000,4030,4210,4200,3970,4200
18/07/2024,4150,4110,3990,4000,4030,4210,4200,3970,4200
17/07/2024,4140,4100,3980,3990,4020,4200,4190,3960,4190
16/07/2024,4120,4080,3970,3980,4000,4180,4170,3950,4170
15/07/2024,4110,4070,3960,3970,3990,4170,4160,3940,4160
13/07/2024,4100,4060,3950,3970,3980,4160,4150,3930,4150
12/07/2024,4090,4050,3950,3970,3970,4150,4140,3920,4140
11/07/2024,4090,4040,3950,3970,3970,4150,4140,3920,4140
10/07/2024,4090,4040,3950,3970,3970,4150,4140,3920,4140
09/07/2024,4110,4050,3950,3980,3980,4160,4150,3930,4150
08/07/2024,4110,4050,3950,3980,3980,4160,4150,3930,4150
06/07/2024,4120,4060,3960,3990,3990,4170,4160,3930,4160
05/07/2024,4120,4060,3960,3990,3990,4170,4160,3930,4160
04/07/2024,4130,4070,3970,4000,4000,4180,4170,3940,4170
03/07/2024,4140,4080,3980,4010,4010,4190,4180,3950,4180
02/07/2024,4140,4080,3980,4010,4010,4190,4180,3950,4180
01/07/2024,4150,4090,3980,4010,4020,4200,4190,3950,4190
29/06/2024,4150,4090,3980,4010,4020,4200,4190,3950,4190
28/06/2024,4160,4100,3980,4020,4030,4210,4200,3950,4200
27/06/2024,4170,4110,3980,4030,4040,4220,4200,3960,4210
26/06/2024,4160,4100,3970,4020,4030,4210,4190,3950,4200
25/06/2024,4160,4100,3970,4020,4030,4210,4190,3950,4200
24/06/2024,4160,4100,3970,4020,4030,4210,4190,3950,4200
22/06/2024,4170,4110,3980,4030,4050,4220,4200,3960,4210
21/06/2024,4180,4120,3990,4050,4060,4220,4210,3960,4210
20/06/2024,4180,4120,3990,4050,4060,4220,4210,3960,4210
19/06/2024,4180,4130,3990,4050,4060,4220,4210,3960,4210
18/06/2024,4170,4130,3980,4040,4060,4200,4200,3950,4200
17/06/2024,4180,4140,3990,4050,4070,4200,4200,3950,4210
15/06/2024,4190,4140,3990,4050,4080,4200,4200,3950,4210
14/06/2024,4190,4140,3990,4050,4080,4200,4200,3950,4210
13/06/2024,4190,4140,3990,4050,4080,4200,4200,3950,4210
12/06/2024,4180,4140,3990,4050,4080,4190,4180,3940,4200
11/06/2024,4190,4140,3990,4060,4090,4200,4190,3950,4200
10/06/2024,4200,4150,4000,4070,4100,4200,4190,3950,4200
08/06/2024,4210,4160,4000,4080,4110,4210,4200,3950,4210
07/06/2024,4230,4180,4000,4090,4120,4230,4230,3960,4220
06/06/2024,4230,4180,4000,4090,4120,4230,4230,3960,4220
05/06/2024,4240,4190,4010,4090,4120,4240,4240,3960,4230
04/06/2024,4250,4190,4010,4090,4130,4250,4250,3960,4230
03/06/2024,4260,4190,4010,4100,4130,4260,4260,3960,4230
01/06/2024,4260,4190,4000,4100,4130,4260,4260,3960,4230
31/05/2024,4260,4190,4000,4100,4130,4260,4260,3960,4230
30/05/2024,4260,4190,4000,4100,4130,4260,4260,3960,4230
29/05/2024,4260,4190,4000,4100,4130,4260,4260,3960,4230
28/05/2024,4260,4190,4000,4100,4130,4260,4260,3960,4230
27/05/2024,4240,4170,3980,4090,4110,4240,4240,3950,4210
25/05/2024,4240,4170,3980,4090,4110,4240,4240,3950,4210
24/05/2024,4240,4170,3980,4090,4110,4240,4240,3950,4210
23/05/2024,4250,4180,3980,4090,4110,4240,4240,3950,4210
22/05/2024,4230,4150,3960,4080,4100,4240,4220,3940,4210
21/05/2024,4220,4140,3950,4080,4090,4230,4210,3930,4200
20/05/2024,4220,4140,3950,4080,4090,4230,4210,3930,4200
18/05/2024,4230,4150,3950,4090,4100,4240,4220,3940,4210
17/05/2024,4230,4150,3940,4090,4100,4240,4220,3930,4210
16/05/2024,4240,4160,3930,4100,4110,4250,4230,3940,4220
15/05/2024,4240,4160,3920,4110,4110,4250,4230,3940,4220
14/05/2024,4240,4160,3920,4110,4110,4250,4230,3940,4220
13/05/2024,4240,4160,3920,4110,4110,4250,4230,3940,4220
11/05/2024,4220,4140,3900,4100,4110,4230,4210,3930,4200
10/05/2024,4220,4140,3900,4090,4110,4230,4210,3920,4180
09/05/2024,4220,4140,3900,4090,4110,4230,4210,3920,4180
08/05/2024,4230,4140,3910,4100,4120,4240,4220,3930,4190
07/05/2024,4240,4150,3920,4110,4130,4250,4230,3940,4200
06/05/2024,4250,4160,3930,4120,4140,4260,4240,3950,4210
04/05/2024,4260,4170,3940,4130,4150,4280,4250,3960,4220
03/05/2024,4260,4170,3940,4130,4150,4280,4250,3960,4220
02/05/2024,4250,4160,3930,4130,4150,4260,4230,3950,4210
30/04/2024,4200,4120,3890,4110,4130,4220,4190,3910,4160
29/04/2024,4190,4120,3890,4110,4130,4220,4190,3910,4160
27/04/2024,4190,4120,3890,4110,4130,4220,4190,3910,4160
26/04/2024,4190,4120,3890,4110,4130,4220,4190,3910,4160
25/04/2024,4190,4120,3890,4110,4130,4220,4190,3910,4160
24/04/2024,4200,4130,3900,4120,4140,4230,4200,3920,4170
23/04/2024,4210,4140,3900,4140,4160,4240,4200,3920,4180
22/04/2024,4210,4140,3900,4140,4160,4240,4200,3920,4180
20/04/2024,4220,4140,3900,4160,4160,4240,4200,3930,4180
19/04/2024,4230,4150,3910,4170,4170,4250,4210,3940,4190
18/04/2024,4230,4150,3910,4170,4170,4240,4210,3940,4190
17/04/2024,4230,4130,3900,4160,4160,4220,4200,3930,4180
16/04/2024,4220,4120,3890,3950,4150,4210,4190,3920,4170
15/04/2024,4170,4080,3850,3920,4110,4170,4150,3900,4150
13/04/2024,4150,4070,3830,3910,4100,4150,4130,3890,4130
12/04/2024,4150,4070,3830,3910,4100,4150,4130,3890,4130
11/04/2024,4150,4070,3830,3910,4100,4150,4130,3890,4130
10/04/2024,4150,4070,3830,3910,4100,4150,4130,3890,4130
08/04/2024,4140,4060,3820,3900,4090,4140,4120,3880,4120
06/04/2024,4130,4050,3810,3890,4080,4130,4110,3870,4110
05/04/2024,4130,4050,3810,3890,4080,4130,4110,3860,4110
04/04/2024,4130,4050,3810,3890,4080,4130,4110,3850,4110
03/04/2024,4130,4050,3810,3890,4080,4130,4110,3850,4110
02/04/2024,4130,4050,3810,3890,4080,4130,4110,3850,4110
01/04/2024,4120,4040,3800,3880,4070,4120,4100,3840,4100
30/03/2024,4130,4050,3800,3880,4070,4120,4100,3840,4100
29/03/2024,4130,4050,3800,3880,4070,4120,4100,3840,4100
28/03/2024,4130,4050,3800,3880,4070,4120,4100,3840,4100
27/03/2024,4130,4050,3800,3880,4070,4120,4100,3840,4100
26/03/2024,4130,4050,3800,3880,4070,4120,4100,3840,4100
25/03/2024,4130,4050,3800,3880,4070,4120,4100,3830,4100
23/03/2024,4130,4050,3800,3880,4070,4120,4100,3830,4100
22/03/2024,4130,4060,3800,3890,4080,4120,4100,3820,4090
21/03/2024,4130,4060,3800,3890,4080,4120,4100,3810,4080
20/03/2024,4140,4070,3800,3900,4090,4130,4110,3800,4080
19/03/2024,4150,4080,3800,3900,4100,4130,4110,3790,4070
18/03/2024,4150,4080,3800,3900,4100,4130,4110,3790,4070
16/03/2024,4140,4080,3800,3900,4100,4130,4110,3780,4060
15/03/2024,4150,4090,3810,3910,4110,4140,4120,3770,4060
14/03/2024,4150,4090,3810,3900,4110,4140,4120,3760,4060
13/03/2024,4150,4090,3810,3900,4110,4140,4120,3750,4050
12/03/2024,4140,4080,3800,3890,4110,4130,4110,3740,4040
11/03/2024,4130,4070,3780,3880,4100,4120,4100,3730,4030
09/03/2024,4110,4050,3770,3860,4090,4110,4080,3710,4010
08/03/2024,4100,4040,3760,3850,4080,4100,4070,3700,4000
07/03/2024,4100,4030,3760,3840,4080,4100,4070,3690,3990
06/03/2024,4100,4020,3760,3830,4080,4100,4070,3680,3980
05/03/2024,4100,4010,3760,3820,4080,4100,4070,3670,3970
04/03/2024,4100,3990,3760,3800,4080,4100,4070,3660,3960
02/03/2024,4100,4000,3760,3800,4080,4100,4070,3650,3950
01/03/2024,4100,4010,3760,3800,4080,4100,4070,3640,3940
29/02/2024,4100,4020,3760,3800,4080,4100,4070,3630,3930
28/02/2024,4100,4030,3760,3800,4080,4100,4070,3620,3920
27/02/2024,4100,4040,3760,3800,4080,4100,4070,3610,3910
26/02/2024,4100,4050,3760,3800,4080,4100,4070,3600,3900
24/02/2024,4110,4060,3760,3790,4090,4100,4070,3590,3890
23/02/2024,4120,4070,3760,3790,4090,4100,4070,3580,3880
22/02/2024,4120,4080,3760,3790,4090,4100,4070,3570,3870
21/02/2024,4110,4090,3750,3780,4090,4090,4080,3550,3850
20/02/2024,4110,4090,3750,3770,4090,4080,4090,3540,3840
19/02/2024,4110,4090,3750,3770,4090,4080,4100,3530,3830
17/02/2024,4120,4100,3750,3780,4100,4090,4110,3520,3820
16/02/2024,4110,4110,3750,3770,4110,4090,4110,3500,3800
15/02/2024,4100,4120,3750,3770,4120,4080,4120,3490,3790
14/02/2024,4090,4130,3750,3770,4130,4080,4130,3480,3780
13/02/2024,4100,4140,3760,3780,4140,4070,4140,3470,3770
12/02/2024,4100,4150,3770,3780,4150,4080,4150,3460,3760
10/02/2024,4110,4160,3780,3780,4160,4080,4160,3450,3750
09/02/2024,4120,4170,3790,3790,4170,4080,4170,3430,3730
08/02/2024,4130,4180,3800,3790,4180,4090,4180,3420,3720
07/02/2024,4150,4200,3800,3800,4200,4100,4200,3400,3700
06/02/2024,4150,4200,3800,3800,4200,4100,4200,3400,3700
05/02/2024,4150,4200,3800,3800,4200,4100,4200,3400,3700
03/02/2024,4150,4200,3800,3800,4200,4100,4200,3400,3700
02/02/2024,4150,4200,3800,3800,4200,4100,4200,3400,3700
01/02/2024,4150,4200,3800,3800,4200,4100,4200,3400,3700
31/01/2024,4150,4200,3800,3800,4200,4100,4200,3400,3700
30/01/2024,4150,4200,3800,3800,4200,4100,4200,3400,3700
29/01/2024,4150,4200,3800,3800,4200,4100,4200,3400,3700
28/01/2024,4150,4200,3800,3800,4200,4100,4200,3400,3700
27/01/2024,4150,4200,3800,3800,4200,4100,4200,3400,3700
26/01/2024,4150,4200,3800,3800,4200,4100,4200,3400,3700
25/01/2024,4150,4200,3800,3800,4200,4100,4200,3400,3700
24/01/2024,4150,4200,3800,3800,4200,4100,4200,3400,3700
23/01/2024,4150,4200,3800,3800,4200,4100,4200,3400,3700
22/01/2024,4150,4200,3800,3800,4200,4100,4200,3400,3700
20/01/2024,4150,4200,3800,3800,4200,4100,4200,3400,3700
19/01/2024,4150,4200,3800,3800,4200,4100,4200,3400,3700
18/01/2024,4150,4200,3800,3800,4200,4100,4200,3400,3700
17/01/2024,4150,4200,3800,3800,4200,4100,4200,3400,3700
16/01/2024,4150,4200,3800,3800,4200,4100,4200,3400,3700
15/01/2024,4150,4200,3800,3800,4200,4100,4200,3400,3700
12/01/2024,4150,4200,3800,3800,4200,4100,4200,3400,3700
11/01/2024,4150,4200,3800,3800,4200,4100,4200,3400,3700
10/01/2024,4150,4200,3800,3800,4200,4100,4200,3400,3700
09/01/2024,4150,4200,3800,3800,4200,4100,4200,3400,3700
08/01/2024,4150,4200,3800,3800,4200,4100,4200,3400,3700
05/01/2024,4150,4200,3800,3800,4200,4100,4200,3400,3700
04/01/2024,4150,4200,3800,3800,4200,4100,4200,3400,3700
03/01/2024,4150,4200,3800,3800,4200,4100,4200,3400,3700
02/01/2024,4150,4200,3800,3800,4200,4100,4200,3400,3700
01/01/2024,4150,4200,3800,3800,4200,4100,4200,3400,3700
30/12/2023,4150,4200,3800,3800,4200,4100,4200,3400,3700
29/12/2023,4150,4200,3800,3800,4200,4100,4200,3400,3700
28/12/2023,4150,4200,3800,3800,4200,4100,4200,3400,3700
27/12/2023,4150,4200,3800,3800,4200,4100,4200,3400,3700
26/12/2023,4150,4200,3800,3800,4200,4100,4200,3400,3700
25/12/2023,4150,4200,3800,3800,4200,4100,4200,3400,3700
23/12/2023,4150,4200,3800,3800,4200,4100,4200,3400,3700
22/12/2023,4150,4200,3800,3800,4200,4100,4200,3400,3700
21/12/2023,4200,4200,3800,3800,4200,4100,4200,3400,3700
20/12/2023,4200,4200,3800,3800,4200,4100,4200,3400,3700
19/12/2023,4200,4200,3800,3800,4200,4100,4200,3400,3700
18/12/2023,4200,4200,3800,3800,4200,4100,4200,3400,3700
16/12/2023,4200,4200,3800,3800,4200,4100,4200,3400,3700
15/12/2023,4200,4200,3800,3800,4200,4100,4200,3400,3700
14/12/2023,4200,4200,3800,3800,4200,4100,4200,3400,3700
13/12/2023,4200,4200,3800,3800,4200,4100,4200,3400,3700
12/12/2023,4200,4200,3800,3800,4200,4100,4200,3400,3700
11/12/2023,4200,4200,3800,3800,4200,4100,4200,3400,3700
09/12/2023,4200,4200,3800,3800,4200,4100,4200,3400,3700
08/12/2023,4200,4200,3800,3800,4200,4100,4200,3400,3700
07/12/2023,4200,4200,3800,3800,4200,4100,4200,3400,3700
06/12/2023,4200,4200,3800,3800,4200,4100,4200,3400,3700
05/12/2023,4200,4200,3800,3800,4200,4100,4200,3400,3700
04/12/2023,4200,4200,3800,3800,4200,4100,4200,3400,3700
02/12/2023,4200,4200,3800,3800,4200,4100,4200,3400,3700
01/12/2023,4200,4200,3800,3800,4200,4100,4200,3400,3700
30/11/2023,4100,4200,3800,3800,4200,4100,4200,3400,3700
29/11/2023,4100,4200,3800,3800,4200,4100,4200,3400,3700
28/11/2023,4100,4200,3800,3800,4200,4100,4200,3400,3700
27/11/2023,4000,4200,3800,3800,4200,4100,4200,3400,3700
24/11/2023,4000,4200,3800,3800,4200,4100,4200,3400,3700
23/11/2023,4000,4200,3800,3800,4200,4100,4200,3400,3700
22/11/2023,4000,4200,3800,3800,4200,4100,4200,3400,3700
21/11/2023,4000,4200,3800,3800,4200,4100,4200,3400,3700
20/11/2023,4000,4200,3800,3800,4200,4100,4200,3400,3700
17/11/2022,3900,4200,3800,3800,4200,4100,4200,3400,3700
16/11/2023,3900,4200,3800,3800,4200,4100,4200,3400,3700
15/11/2023,3900,4200,3800,3800,4200,4100,4200,3400,3700
13/11/2023,3900,4200,3800,3800,4200,4100,4200,3400,3700
10/11/2023,3900,4200,3800,3800,4200,4100,4200,3400,3700
09/11/2023,3900,4200,3800,3800,4200,4100,4200,3400,3700
08/11/2023,3900,4200,3800,3800,4200,4100,4200,3400,3700
07/11/2023,3900,4200,3800,3800,4200,4100,4200,3400,3700
06/11/2023,3900,4200,3800,3800,4200,4100,4200,3400,3700
03/11/2023,3900,4200,3800,3800,4200,4100,4200,3400,3700
02/11/2023,3900,4200,3800,3800,4200,4100,4200,3400,3700
01/11/2023,3900,4200,3800,3800,4200,4100,4200,3400,3700
31/10/2023,3900,4200,3800,3800,4200,4100,4200,3400,3700
30/10/2023,3900,4200,3800,3800,4200,4100,4200,3400,3700
27/10/2023,3900,4200,3800,3800,4200,4100,4200,3400,3700
26/10/2023,3900,4200,3800,3800,4200,4100,4200,3400,3700
25/10/2023,3900,4200,3800,3800,4200,4100,4200,3400,3700
23/10/2023,3900,4200,3800,3800,4200,4100,4200,3400,3700
20/10/2023,3900,4200,3800,3800,4200,4100,4200,3400,3700
19/10/2023,3900,4200,3800,3800,4200,4100,4200,3400,3700
18/10/2023,3900,4200,3800,3800,4200,4100,4200,3400,3700
17/10/2023,3900,4200,3800,3800,4200,4100,4200,3400,3700
16/10/2023,3800,4200,3800,3800,4200,4100,4200,3400,3700
13/10/2023,3800,4200,3800,3800,4200,4100,4200,3400,3700
12/10/2023,3800,4200,3800,3800,4200,4100,4200,3400,3700
11/10/2023,3800,4200,3800,3800,4200,4100,4200,3400,3700
10/10/2023,3800,4200,3800,3800,4200,4100,4200,3400,3700
09/10/2023,3800,4200,3800,3800,4200,4100,4200,3400,3700
06/10/2023,3800,4200,3800,3800,4200,4100,4200,3400,3700
05/10/2023,3800,4200,3800,3800,4200,4100,4200,3400,3700
04/10/2023,3800,4200,3800,3800,4200,4100,4200,3400,3700
03/10/2023,3800,4200,3800,3800,4200,4100,4200,3400,3700
29/09/2023,3800,4200,3800,3800,4200,4100,4200,3400,3700
27/09/2023,3800,4200,3800,3800,4200,4100,4200,3400,3700
26/09/2023,3800,4200,3800,3800,4200,4100,4200,3400,3700
25/09/2023,3800,4200,3800,3800,4200,4100,4200,3400,3700
22/09/2023,3800,4200,3800,3800,4200,4100,4200,3400,3700
21/09/2023,3800,4200,3800,3800,4200,4100,4200,3400,3700
20/09/2023,3800,4200,3800,3800,4200,4100,4200,3400,3700
18/09/2023,3800,4200,3800,3800,4200,4100,4200,3400,3700
15/09/2023,3800,4200,3800,3800,4200,4100,4200,3400,3700
14/09/2023,3800,4200,3800,3800,4200,4100,4200,3400,3700
13/09/2023,3800,4200,3800,3800,4200,4100,4200,3400,3700
12/09/2023,3800,4200,3800,3800,4200,4100,4200,3400,3700
11/09/2023,3800,4200,3800,3800,4200,4100,4200,3400,3700
08/09/2023,3800,4200,3800,3800,4200,4100,4200,3400,3700
07/09/2023,3800,4200,3800,3800,4200,4100,4200,3400,3700
06/09/2023,3800,4200,3800,3800,4200,4100,4200,3400,3700
05/09/2023,3800,4200,3800,3800,4200,4100,4200,3400,3700
04/09/2023,3800,4200,3800,3800,4200,4100,4200,3400,3700
01/09/2023,3800,4200,3800,3800,4200,4100,4200,3400,3700
31/08/2023,3800,4200,3800,3800,4200,4100,4200,3400,3700
30/08/2023,3900,4200,NR,3700,4200,NR,4200,3400,3700
29/08/2023,3900,4200,3800,3700,4200,4100,4200,3400,3700
28/08/2023,3900,4200,3800,3700,4200,4100,4200,3400,3700
25/08/2023,3900,4200,3800,3700,4200,4100,4200,3400,3700
24/08/2023,3900,4200,3800,3700,4200,4100,4200,3400,3700
23/08/2023,3900,4000,3800,3700,4200,4100,4200,3400,3700
22/08/2023,3900,4000,3800,3700,4200,4100,4200,3400,3700
21/08/2023,3900,4000,3800,3700,4200,4100,4200,3400,3700
18/08/2023,3900,4000,NR,3700,4200,4100,4200,3400,3700
17/08/2023,3900,4000,3800,3700,4200,4100,4200,3400,3700
16/08/2023,3900,4000,3800,3700,4200,4100,4200,3400,3700
14/08/2023,3900,4000,3800,3700,4200,4100,4200,3400,3700
11/08/2023,3900,4000,3800,3700,4200,4100,4200,3400,3700
10/08/2023,3900,4000,3800,3700,4200,4100,4200,3400,3700
09/08/2023,3900,4000,3800,3700,4200,4100,4200,3400,3700
08/08/2023,3900,4000,3800,3700,4200,4100,4200,3400,3700
07/08/2023,3850,4000,3800,3700,4200,4100,4200,3400,3700
04/08/2023,3850,4000,3800,3700,4200,4100,4200,3400,3700
03/08/2023,3850,4000,3800,3700,4200,4100,4200,3400,3700
02/08/2023,3850,4000,3800,3700,4200,4100,4200,3400,3700
01/08/2023,3850,4000,3800,3700,4200,4100,4200,3400,3700
31/07/2023,3850,4000,3800,3700,4200,4100,4200,3400,3700
28/07/2023,3850,4000,3800,3700,4200,4100,4200,3400,3700
27/07/2023,3850,4000,3800,3650,4200,4100,4200,3400,3700
26/07/2023,3850,4000,3800,3650,4200,4100,4200,3400,3700
25/07/2023,3850,4000,3800,3650,4200,4100,4200,3400,3700
24/07/2023,3850,3900,3800,3650,4200,4100,4200,3400,3800
21/07/2023,3800,3900,3800,3650,4200,4050,4200,3400,3800
20/07/2023,3800,3900,3800,3650,4200,4050,4200,3400,3800
19/07/2023,3800,3900,3800,3650,4060,4050,4200,3400,3800
18/07/2023,3800,3900,3800,3650,4060,4050,4200,3400,3800
17/07/2023,3800,3900,3800,3650,4060,4000,4200,3400,3800
14/07/2023,3800,3900,3800,3650,4060,4000,4200,3400,3800
13/07/2023,3800,3900,3800,3650,4060,4000,4200,3400,3800
12/07/2023,3800,3900,3600,3650,4060,4000,4200,3400,3800
11/07/2023,3800,3900,3600,3650,4060,4000,4200,3400,3800
10/07/2023,3800,3900,3600,3650,4060,4000,4200,3400,3800
07/07/2023,3800,3900,NR,3650,4060,4000,4200,3400,3800
06/07/2023,3800,3900,3600,3650,4060,4000,4200,3400,3800
05/07/2023,3800,3900,3600,3650,4060,4000,4200,3400,3800
04/07/2023,3800,3900,3600,3650,4060,4000,4200,3400,3800
03/07/2023,3800,3900,3600,3650,4060,4000,4200,3400,3800
30/06/2023,3800,3900,3600,3650,4060,4000,4200,3400,3800
28/06/2023,3800,3900,3600,3650,4060,4000,4000,3400,3800
27/06/2023,3800,3900,3600,3650,4060,4000,4000,3400,3800
26/06/2023,3800,3900,3600,3650,4060,3950,4000,3400,3800
23/06/2023,3800,3900,3600,3650,4000,3950,4000,3400,3800
22/06/2023,3800,3900,3600,3650,4000,3950,4000,3400,3800
21/06/2023,3800,3900,3600,3650,4000,3950,4000,3400,3800
20/06/2023,3800,3900,3600,3650,4000,NR,4000,3400,3800
19/06/2023,3800,3900,3600,3650,4000,3950,4000,3400,3800
16/06/2023,3800,3900,3600,3650,4000,3950,4000,3400,3800
15/06/2023,3800,3900,3600,3600,4000,3950,4000,3400,3600
14/06/2023,3750,3900,3600,3600,4000,3950,4000,3400,3500
13/06/2023,3750,3900,3600,3600,4000,3950,4000,3400,3500
12/06/2023,3750,3900,3600,3600,4000,3950,4000,3400,3500
09/06/2023,3750,3900,3600,3600,4000,3950,4000,3400,3500
08/06/2023,3750,3900,3600,3600,4000,3950,4000,3400,3500
07/06/2023,3750,3900,3600,3600,4000,3950,4000,3400,3500
06/06/2023,3750,3900,3600,3600,4000,3950,4000,3400,3500
05/06/2023,3750,3900,3600,3600,4000,3950,4000,3400,3500
02/06/2023,3750,3900,3600,3600,4000,3950,4000,3400,3500
01/06/2023,3750,3900,3600,3600,4000,3950,3900,3400,3500
31/05/2023,3750,3900,3600,3600,4100,3950,3900,3400,3500
30/05/2023,3750,3800,3600,3600,4000,3950,3900,3400,3600
29/05/2023,3750,3900,3600,3600,4000,3950,3900,3400,3600
26/05/2023,3750,3900,3600,3600,4000,3950,3900,3400,3600
25/05/2023,3750,3900,3600,3600,4060,3950,3900,3400,3600
24/05/2023,3700,3900,3600,3500,4060,3950,3900,3400,3600
23/05/2023,3700,3900,3600,3500,4060,3950,3900,3400,3600
22/05/2023,3700,3900,NR,3500,4060,3950,3900,3400,3600
19/05/2023,3700,3900,3600,3630,4060,3950,3900,3400,3600
18/05/2023,3700,3900,3600,3630,4100,3950,3900,3400,3600
17/05/2023,3750,3900,3600,3630,4060,3950,3900,3400,3600
16/05/2023,3750,3900,3600,3630,4060,3950,3900,3400,3600
15/05/2023,3750,3900,3600,3630,4060,3950,3900,3400,3600
12/05/2023,3750,3900,3600,3630,4060,3950,3900,3400,3600
11/05/2023,3750,3900,3600,3630,4060,3950,3900,3400,3600
10/05/2023,3750,3900,3600,3630,4060,4000,3900,3400,3600
09/05/2023,3750,3900,3600,3630,4060,NR,3900,3400,3600
08/05/2023,3750,3800,3600,3630,4060,3950,3900,3400,3600
05/05/2023,3750,3900,3600,3630,4060,NR,3900,3400,3600
04/05/2023,3750,3900,3600,3630,4060,3950,3900,3400,3600
03/05/2023,3750,3900,3600,3630,4040,3900,3900,3400,3600
02/05/2023,3800,3900,3600,3630,4040,3950,3900,3400,3600
28/04/2023,3800,3900,3600,3630,4100,4000,3900,3400,3800
27/04/2023,3800,3900,3600,3630,4100,4000,3900,3400,3800
26/04/2023,3800,3900,3600,3630,4100,4000,3960,3400,3800
25/04/2023,3800,3900,3600,3630,4100,4000,3900,3400,3800
24/04/2023,3800,3900,3600,3630,4080,4000,3900,3400,3800
21/04/2023,3800,3900,3600,3630,4080,NR,3900,3400,3800
20/04/2023,3800,3900,3600,3630,4080,4000,3900,3400,3800
19/04/2023,3800,3900,3600,3630,4080,4000,3900,3400,3800
18/04/2023,3800,3900,3600,3575,4080,4000,3900,3400,3800
17/04/2023,3800,3900,3600,3575,4080,4000,3900,3400,3800
14/04/2023,3800,3900,NR,3500,4000,NR,3900,3400,3800
13/04/2023,3800,3900,3600,3500,4000,4000,3900,3400,3800
12/04/2023,3800,3900,3600,3500,4000,3950,3900,3400,3800
11/04/2023,3800,3900,3600,3500,4000,3950,3900,3400,3800
10/04/2023,3800,3900,3600,3500,4000,3950,3900,3400,3800
07/04/2023,3800,3900,3600,3500,NR,4000,3900,3400,3800
06/04/2023,3800,3900,3600,3500,4000,3950,3960,3400,3800
05/04/2023,3800,3900,3600,3500,4000,3950,3900,3400,3800
04/04/2023,3800,3900,NR,3500,4000,3900,3900,3400,3800
03/04/2023,3800,3900,NR,3500,4000,NR,3900,3400,3800
31/03/2023,3800,3900,3600,3500,4000,3900,3900,3400,3800
30/03/2023,3700,3900,NR,3500,NR,3850,3900,3400,3800
29/03/2023,3700,3900,3600,3500,3860,3850,3900,3400,3800
28/03/2023,3700,3900,3600,3500,3860,3850,3900,3400,3800
27/03/2023,3700,3900,NR,3500,3860,3850,4000,3400,3800
24/03/2023,3700,3900,3600,3500,3860,3850,4000,3400,3800
23/03/2023,3700,3900,3600,3500,3850,3850,4000,3400,3800
21/03/2023,3700,3900,3600,3500,3850,3850,4000,3400,3700
20/03/2023,3700,3900,3600,3500,3850,3850,4000,3400,3700
17/03/2023,3700,3900,3600,3500,3850,3850,4000,3400,3700
16/03/2023,3800,3900,3600,3500,3850,3850,4000,3400,3700
15/03/2023,3800,3900,NR,3500,3850,3850,4000,3400,3700
14/03/2023,3800,3900,3600,3500,3850,3850,4100,3400,3700
13/03/2023,3800,3900,3600,3500,3850,3900,4100,3400,3700
10/03/2023,3800,3900,3600,3500,3850,3900,4100,3400,3700
09/03/2023,3800,3900,3600,3500,3850,3900,4100,3400,3700
08/03/2023,3800,NR,NR,3500,NR,NR,4100,3400,3700
07/03/2023,3800,3900,NR,3500,3850,NR,4100,3400,3750
06/03/2023,3800,3900,3600,3500,3850,3900,4100,3400,3750
03/03/2023,3800,3900,3600,3500,3860,3900,4100,3400,3750
02/03/2023,3800,3900,3600,3500,3860,3900,4100,3400,3750
01/03/2023,3800,3900,3600,3500,3860,3900,4100,3400,3750
28/02/2023,3800,3900,NR,3500,3860,3850,4100,3400,3750
27/02/2023,3800,3900,3600,3500,3860,3850,4100,3400,3750
24/02/2023,3800,3900,NR,3500,3860,3800,4100,3400,3750
23/02/2023,3800,3900,NR,3500,3860,3800,4100,3400,3750
22/02/2023,3800,3900,3600,3500,3860,3750,4100,3400,3750
21/02/2023,3800,3900,3600,3500,3860,3750,4100,3400,3750
20/02/2023,3800,3900,NR,3500,3860,3800,4100,3400,3750
17/02/2023,3800,3900,3600,3500,3860,3800,4100,3400,3750
16/02/2023,3800,3900,3600,3500,3860,3800,4100,3400,3750
15/02/2023,3800,3900,3600,3500,3860,3800,4100,3400,3850
14/02/2023,3800,3900,3600,3500,3860,NR,4100,3400,3850
13/02/2022,3800,3900,3600,3500,3860,NR,4100,3400,3850
10/02/2022,3800,3900,3600,3500,3860,3750,4100,3400,3850
09/02/2022,3800,3900,3600,3500,3920,3750,4100,3400,3850
08/02/2023,3800,3900,3600,3500,3920,3750,4100,3400,3850
07/02/2023,3800,3900,3600,3500,3920,3750,4100,3400,3850
06/02/2023,3800,3900,3600,3500,3920,3750,4100,3400,3850
03/02/2023,3800,3900,3600,3500,3860,3750,4100,3400,3850
02/02/2023,3800,3900,3600,3500,3860,3750,4100,3400,3750
01/02/2022,3800,3900,3600,3500,3860,3750,4100,3400,3750
31/01/2023,3800,3900,3600,3500,3860,3770,4100,3400,3750
30/01/2023,3800,3900,3600,3500,3860,3770,4100,3400,3750
27/01/2023,3800,3900,3600,3500,3860,3770,4100,3400,3750
25/01/2023,3800,3900,3600,3500,3860,3770,4100,3400,3750
24/01/2023,3800,3900,3600,3500,3860,3770,4100,3400,3750
23/01/2023,3800,3900,3600,3466,3860,3760,4100,3400,3750
20/01/2023,3800,3900,NR,3466,3900,3760,4100,3400,3750
19/01/2023,3800,3900,3600,3466,3900,3750,4100,3400,3750
18/01/2023,3800,3900,3600,3466,3900,3750,4100,3400,3750
17/01/2023,3800,3900,3600,3466,3900,3750,4100,3400,3750
16/01/2023,3800,3900,3600,3466,3900,3750,4100,3400,3750
13/01/2023,3800,3900,3600,3550,3900,3800,4100,3400,3750
12/01/2023,3800,3900,3600,3550,3900,3800,4100,3400,3750
11/01/2023,3800,3900,3600,3550,3900,3800,4100,3400,3750
10/01/2023,3800,3900,3600,3550,3900,3800,4100,3400,3650
09/01/2023,3800,3900,3600,3550,3920,3800,4100,3400,3650
06/01/2023,3800,3900,3600,3500,3920,3800,4100,3400,3650
05/01/2023,3800,3900,3600,3500,3920,3800,4100,3400,3650
04/01/2023,3800,3900,3600,3500,3950,3810,4100,3400,3650
03/01/2023,3800,3900,3600,3500,3950,3810,4100,3400,3650
02/01/2023,3800,3900,3600,3500,3950,3810,4100,3400,3650
30/12/2022,3800,3900,3600,3532,3950,3810,4100,3400,3650
29/12/2022,3800,3900,3600,3532,3950,3810,4100,3400,3650
28/12/2022,3800,3900,3600,3532,3950,3810,4100,3400,3650
27/12/2022,3800,3900,3600,3532,3950,3810,4100,3400,3700
26/12/2022,3800,3900,3600,3532,3950,3870,4100,3400,3700
23/12/2022,3800,3900,3800,3532,4100,3870,4100,3400,3700
22/12/2022,3800,3900,3800,3532,4100,3870,4100,3400,3700
21/12/2022,3800,3900,3800,3532,4100,3870,4100,3400,3700
20/12/2022,3800,3900,3800,3539,4100,3870,4100,3400,3700
19/12/2022,3800,3900,3800,3562,4100,3850,4100,3400,3700
16/12/2022,3800,3900,3800,3562,4100,3850,4100,3400,3900
15/12/2022,3800,3900,3800,3562,4100,3850,4100,3400,3900
14/12/2022,3800,3900,3800,3562,3950,3850,4100,3400,3900
13/12/2022,3840,3900,3800,3562,3950,3850,4100,3400,3900
12/12/2022,3840,3900,3800,3562,3950,3850,4100,3400,3900
09/12/2022,3800,3900,3700,3562,3950,3950,4100,3400,3900
08/12/2022,3800,3900,3700,3562,4000,3950,4100,3400,3900
07/12/2022,3750,3900,3800,3562,4000,3950,4100,3400,3900
06/12/2022,3750,3900,3800,3562,4000,3950,4100,3400,3900
05/12/2022,3750,3900,3800,3577,4000,3950,4100,3400,3900
02/12/2022,3750,3900,3800,3577,4000,3950,4100,3400,3900
01/12/2022,3750,3900,3800,3577,4000,3940,4100,3400,3900
30/11/2022,3750,3900,3800,3577,4000,3940,4100,3400,3900
29/11/2022,3750,3900,NR,3577,4000,3940,4100,3400,3900
28/11/2022,3750,3900,3800,3577,4000,3940,4100,3400,3900
25/11/2022,3750,3900,3800,3577,4000,3940,4100,3400,3900
24/11/2022,3750,3900,3800,3577,4000,3940,4100,3400,3800
23/11/2022,3750,3900,3800,3577,4000,3940,4100,3400,3800
22/11/2022,3750,3900,3800,3564,4000,3940,4100,3400,3800
21/11/2022,3750,3900,3800,3564,4000,3940,4100,3400,3800
18/11/2022,3750,3900,3800,3564,4000,3930,4100,3400,3800
17/11/2022,3750,3900,3800,3564,4000,3930,4100,3400,3800
16/11/2022,3750,3900,3800,3564,4000,3930,4100,3400,3800
15/11/2022,3750,3900,3800,3564,4000,NR,4100,3400,3800
14/11/2022,3800,3900,3800,3546,4000,3930,4100,3400,3800
11/11/2022,3800,3900,3700,3546,4000,3930,4100,3400,3800
10/11/2022,3800,3900,3700,3546,4000,3930,3900,3400,3800
09/11/2022,3800,3900,3700,3546,4000,3900,3900,3400,3800
08/11/2022,3800,3900,3700,3546,4000,NR,3900,3400,3800
07/11/2022,3800,3900,3700,3546,4000,3900,3900,3400,3800
04/11/2022,3800,3900,3800,3546,4000,3880,3900,3400,3800
03/11/2022,3800,3900,3800,3546,4000,3880,3900,3400,3800
02/11/2022,3800,3900,3800,3555,4020,3880,3900,3400,3800
01/11/2022,3800,3900,3800,3555,4020,3880,3900,3400,3800
31/10/2022,3900,3900,3800,3555,4020,3880,3900,3400,3800
28/10/2022,3900,3900,3900,3555,4020,3880,3900,3400,3800
27/10/2022,3900,3900,3900,3555,4020,NR,3900,3400,3800
25/10/2022,3900,3900,NR,3555,3980,3900,3900,3400,3800
21/10/2022,3900,3900,3900,3546,3980,3900,3900,3400,3800
20/10/2022,3900,3900,3900,3546,3980,3900,3900,3400,3800
19/10/2022,3900,3900,NR,3546,3980,3900,3900,3400,3800
18/10/2022,3900,3900,3900,3546,3980,3900,3900,3400,3800
17/10/2022,3900,3900,3900,3546,3980,3900,3900,3400,3800
14/10/2022,3800,3900,4000,3546,3980,3900,3900,3600,3800
13/10/2022,3800,3900,4000,3557,3980,3900,3900,3600,3800
12/10/2022,3800,3900,4000,3557,3980,3920,3900,3600,3800
11/10/2022,3800,3900,4000,3557,3980,3920,3900,3600,3800
10/10/2022,3800,3900,4000,3557,3980,3920,3900,3600,3800
07/10/2022,3800,3900,4000,3562,3980,3920,3900,3600,3800
06/10/2022,3800,3900,3900,3562,3980,3920,3900,3600,3800
05/10/2022,3800,3900,NR,NR,NR,NR,3900,3600,3800
04/10/2022,3800,3900,3900,3562,NR,NR,3900,3600,3800
03/10/2022,3800,3900,3900,3562,3980,3920,3900,3600,3800
30/09/2022,3800,3900,3900,3585,3980,3920,3900,3600,3800
29/09/2022,3800,3900,3900,3585,3980,3920,3900,3600,3800
28/09/2022,3800,3900,3900,3585,3980,3920,3900,3600,3800
27/09/2022,3800,3900,3900,3585,3980,3920,3900,3600,3800
26/09/2022,3800,3900,3900,3585,NR,3920,3900,3600,3800
23/09/2022,3800,3900,3900,3585,3960,3920,3900,3600,3800
22/09/2022,3800,3900,3900,3585,3960,3920,3900,3600,3800
21/09/2022,3800,3900,3900,3585,3960,3920,3900,3600,3800
20/09/2022,3800,3900,3900,3585,3960,3920,3900,3600,3800
19/09/2022,3800,3900,3900,3592,3960,3920,3900,3600,3800
16/09/2022,3800,3900,3900,3592,3980,3930,3900,3600,3800
15/09/2022,3800,3900,3900,3592,3980,3930,3900,3600,3800
14/09/2022,3800,3900,3900,3592,3980,3930,3900,3600,3800
13/09/2022,3800,3900,3900,3592,3980,3930,3900,3600,3800
12/09/2022,3800,3900,3900,3592,3980,3930,3900,3600,3800
10/09/2022,3800,3900,4000,NR,4000,3900,3900,3600,3800
09/09/2022,3800,3900,4000,NR,4000,3900,3900,3600,3800
08/09/2022,3800,3900,4000,3592,4000,3900,3900,3600,3800
07/09/2022,3800,3900,4000,3562,4000,3900,3900,3600,3800
06/09/2022,3800,3900,4000,3562,NR,3900,3900,3600,3800
05/09/2022,3800,3900,4000,3562,4000,3900,3900,3600,3800
02/09/2022,3800,3900,4000,3562,4000,3900,3900,3600,3800
01/09/2022,3800,3900,4000,3562,4000,3900,3900,3600,3800
30/08/2022,3900,3800,4000,3562,4000,3900,3900,3600,3800
29/08/2022,3900,3800,4000,3562,4000,3900,3900,3600,3800
26/08/2022,3900,3800,4000,3562,4050,3900,3900,NR,3800
25/08/2022,3850,3800,3900,3562,4050,3900,3900,NR,3700
24/08/2022,3800,3800,3900,3562,4050,3900,3900,3600,3750
23/08/2022,3800,3800,3900,3562,4050,3900,3900,3600,3750
22/08/2022,3800,3800,3900,3562,4050,3900,3900,3600,3750
19/08/2022,3800,3800,3900,NR,NR,NR,3900,3600,3750
18/08/2022,3800,3800,3900,3562,4050,3900,3900,3600,3750
17/08/2022,3800,3800,3800,3562,4050,3900,3900,3600,3750
16/08/2022,3800,3800,3800,NR,4050,3900,3900,3600,3750
12/08/2022,3800,3800,3800,3562,4000,3860,3900,3600,3700
10/08/2022,3800,3800,3800,3562,4000,3860,3900,3600,3680
09/08/2022,NR,3800,NR,NR,NR,NR,3900,3600,3680
08/08/2022,3800,3800,3800,3562,4000,3860,3900,3600,3680
05/08/2022,3800,3800,3800,3562,4000,3860,3900,3600,3680
04/08/2022,3800,3800,3700,3562,4000,3810,3900,3600,3680
03/08/2022,3700,3800,3700,3562,4000,3810,3900,3600,3680
02/08/2022,3700,3800,3700,3467,4000,3810,3900,3600,3700
01/08/2022,3700,3900,3700,3467,4000,3810,3900,3600,3700
29/07/2022,3700,3900,3700,3467,4000,3810,3900,3600,3700
28/07/2022,3700,3900,NR,NR,4000,3810,3900,3600,3700
27/07/2022,3700,3900,3700,3482,4000,3810,3900,3600,3700
26/07/2022,3700,3900,3700,3467,4000,3810,3900,3600,3700
25/07/2022,3700,3800,3700,3467,4000,3810,3900,3600,3700
22/07/2022,3700,NR,3700,3467,4000,3810,3900,3600,3700
21/07/2022,3700,3800,3700,3467,4000,3810,3900,3600,3700
20/07/2022,3700,3800,3700,3467,4000,3810,3900,3600,3820
19/07/2022,3700,3800,3700,3469,4000,3810,3900,3600,3820
18/07/2022,3700,3800,3700,3469,4000,3810,3900,3600,3820
15/07/2022,3700,3800,3700,3469,4000,3800,3900,3600,3820
14/07/2022,3650,3800,3700,3469,4000,3800,3900,3600,3820
13/07/2022,3650,3800,3700,3469,4000,3800,3900,3600,3820
12/07/2022,3650,3800,3700,3469,4000,3800,3900,3600,3750
11/07/2022,3650,3800,3700,3458,4000,3800,3900,3600,3700
08/07/2022,3650,3800,3700,3458,4000,3800,3900,3600,3700
07/07/2022,3650,3800,3700,3458,4000,3800,3900,3600,3700
06/07/2022,3650,3800,3700,3458,4000,3800,3900,3600,3700
05/07/2022,3650,3800,3700,3358,4000,3800,3900,3600,3800
04/07/2022,3650,3800,3700,3462,4000,3800,3900,3600,3800
01/07/2022,3720,3800,3700,3462,4000,3800,3900,3600,3800
30/06/2022,3700,NR,3700,3462,NR,3800,3900,3600,3800
29/06/2022,3700,3800,3700,3462,4000,3800,3900,3600,3800
28/06/2022,3700,3800,3700,3462,4000,3820,3900,3600,3800
27/06/2022,3700,3800,3700,3472,4000,3820,3900,3600,3800
24/06/2022,3700,3800,3750,3472,4000,3820,3900,3600,3800
23/06/2022,3700,3800,3750,3472,4000,3820,3900,3600,3800
22/06/2022,3700,3800,3750,3472,4000,3820,3900,3600,3800
21/06/2022,3700,3800,3750,3476,4000,3820,3900,3600,3800
17/06/2022,3700,3800,3750,3536,4000,3820,3900,3600,3800
16/06/2022,3700,3800,3750,3536,4000,3820,3900,3600,3800
15/06/2022,3680,3800,3750,3536,4000,3820,3900,3600,3800
14/06/2022,3680,3800,3750,3536,4000,3820,3900,3600,3800
13/06/2022,3680,3800,3750,3536,4000,3820,3900,3600,3800
10/06/2022,3680,3800,3750,3536,4000,3820,3900,3600,3800
09/06/2022,3680,3800,3750,3536,4000,3820,3900,3600,3900
08/06/2022,3680,3800,3750,3536,4000,3820,3900,3600,3900
07/06/2022,3700,3800,3750,3536,4000,3820,3900,3600,3900
06/06/2022,3700,3800,3750,3537,4000,3820,3900,3600,3800
03/06/2022,3700,3800,NR,3537,4000,3820,3900,3600,3800
02/06/2022,3700,3800,3750,3537,4000,3820,3900,3600,3800
01/06/2022,3650,3800,3750,3537,4000,3800,3900,3600,3800
31/05/2022,3650,3800,3750,3557,4000,3800,3900,3600,3800
30/05/2022,3650,3800,3750,3557,4000,3800,3900,3600,3800
27/05/2022,3650,3800,3750,3557,4000,3780,3900,3600,3800
26/05/2022,3650,3800,3750,3557,4000,3780,3900,3600,3800
25/05/2022,3680,3800,3750,3557,4000,3780,3900,3600,3800
24/05/2022,3680,3800,NR,3557,4000,3780,3900,3600,3800
23/05/2022,3700,3800,3750,3557,4000,3780,3900,3600,3800
20/05/2022,3700,3800,3750,3557,3900,3780,3900,3600,3800
19/05/2022,3700,3800,3750,3557,3900,3780,3900,3600,3800
18/05/2022,3740,3800,3750,3557,3900,3780,3900,3600,3800
17/05/2022,3740,3800,3750,3557,NR,3780,3900,3600,3800
16/05/2022,3740,3800,NR,NR,NR,3780,3900,3600,3800
13/05/2022,3740,3800,3750,3557,3900,3780,3900,3600,3800
12/05/2022,3740,3800,3750,3557,3900,3780,3900,3600,3800
11/05/2022,3740,3800,NR,3557,3900,3780,3900,3600,3800
10/05/2022,3740,3800,3750,3557,3900,3780,3900,3600,3800
09/05/2022,3740,NR,3750,3557,3900,3780,3900,3600,3800
06/05/2022,3740,3800,3750,3532,3900,3790,3900,3600,3800
05/05/2022,3740,3800,3750,3532,3900,3790,3900,3600,3800
04/05/2022,3740,3800,NR,3532,3900,3790,3900,NR,3800
03/05/2022,3740,3800,3750,NR,NR,3790,NR,NR,3800
02/05/2022,3740,3800,3750,3532,3900,3790,3900,3600,3800
29/04/2022,3740,3800,NR,3532,3900,3790,3900,3600,3700
28/04/2022,3690,3800,3750,3532,3900,3790,3900,3600,3700
27/04/2022,3690,3800,3750,3532,3900,3790,3900,3600,3700
26/04/2022,3700,3800,NR,3532,3900,3790,3900,3600,3700
25/04/2022,3700,3800,NR,3532,3900,3790,3900,3600,3700
22/04/2022,3700,3800,3750,3532,3880,3780,3900,3600,3700
21/04/2022,3650,3800,NR,3532,3880,3780,NR,3600,3700
20/04/2022,3650,3800,3750,3532,3880,3780,3900,3600,3700
19/04/2022,3700,3800,3750,NR,3880,3780,3900,3600,3700
18/04/2022,3700,3800,3750,3541,3880,3780,3900,3600,3700
15/04/2022,3700,3800,NR,NR,NR,3750,NR,NR,3700
14/04/2022,3700,3800,3750,NR,NR,3750,NR,NR,3700
13/04/2022,3700,3800,3750,3541,3880,3750,3900,3600,3700
12/04/2022,3700,3800,3750,3541,3850,3750,3900,3600,3700
11/04/2022,3700,3800,3750,3541,3850,3750,3900,3600,3600
07/04/2022,3680,3800,3750,3472,3850,3750,3900,3600,3600
06/04/2022,3680,3800,3750,3472,3850,3750,3900,3600,3600
05/04/2022,3680,3800,3800,3472,3850,3750,3900,NR,3600
04/04/2022,3680,3800,3800,3472,NR,3720,3900,3600,3600
01/04/2022,3650,3800,3800,3472,3850,3720,3900,3600,3600
31/03/2022,3650,3900,3800,3472,3850,3720,3900,3600,3600
30/03/2022,3650,4000,3800,3472,3850,3720,3900,3600,3600
29/03/2022,3660,4000,NR,3472,3850,3720,3900,3600,3650
28/03/2022,3660,4000,NR,3472,3850,3720,3900,3600,3650
25/03/2022,3680,4000,NR,3358,3850,3720,3900,3600,3650
24/03/2022,3680,4000,NR,3392,3850,3720,3900,3600,3650
23/03/2022,3680,4000,NR,NR,3850,3720,3900,3600,3650
22/03/2022,3680,4000,NR,3392,3850,3720,3900,3600,3650
21/03/2022,3680,4000,NR,3392,3850,3720,3900,3600,3600
17/03/2022,3720,4000,NR,3392,NR,3690,3900,3600,3600
16/03/2022,3720,4000,NR,3392,3850,3690,3900,3600,3600
15/03/2022,3720,4000,NR,3392,3850,3690,3900,3600,3600
14/03/2022,3720,4000,3800,3392,3850,3690,3900,3600,3600
12/03/2022,3720,NR,NR,NR,3850,3690,3900,NR,3600
11/03/2022,3720,4000,3800,3392,3850,3690,3900,3600,3600
10/03/2022,3720,NR,NR,NR,3850,3690,3900,NR,3600
09/03/2022,3700,4000,NR,3392,3800,3690,3900,3600,3600
08/03/2022,3700,4000,3800,3392,3800,3690,3900,3600,3600
07/03/2022,3700,4000,3800,NR,3800,3690,3900,3600,3600
05/02/2022,3700,3800,4000,NR,3800,3690,3900,3600,3600
04/02/2022,3700,4000,3800,3392,3800,3690,3900,3600,3600
03/02/2022,3700,4000,NR,3382,3800,3690,3900,3600,3600
02/03/2022,3700,4000,NR,3382,3800,3690,3900,3600,3600
01/03/2022,3700,4000,NR,NR,NR,3690,3900,NR,3600
28/02/2022,3700,4000,3800,3382,3800,3690,3900,3600,3600
26/02/2022,3700,4000,NR,NR,3800,3690,NR,3600,3600
25/02/2022,3700,4000,3800,3392,3800,3690,4000,3600,3600
24/02/2022,3700,4000,3800,3392,3800,3690,4100,3600,3600
23/02/2022,3680,4000,3800,3392,3800,3690,4100,3600,3700
22/02/2022,3680,4000,NR,3362,3800,3690,4100,3600,3700
21/02/2022,3680,4000,NR,3362,3800,3680,4100,3600,3700
19/02/2022,3680,NR,NR,NR,3800,3680,4000,3600,3700
18/02/2022,3680,4000,NR,3362,3800,3680,4000,3600,3700
17/02/2022,3680,NR,NR,3382,3800,3680,4000,3600,3700
16/02/2022,3680,4000,NR,3372,NR,3680,4000,3600,3700
15/02/2022,3680,NR,NR,NR,3800,3680,NR,3600,3700
14/02/2022,3660,4000,NR,3372,3800,3680,4000,3600,3700
12/02/2022,3660,4000,NR,NR,3800,3680,NR,3600,3700
11/02/2022,3660,4000,3800,3372,NR,3680,4000,3600,3700
10/02/2022,3660,4000,NR,NR,3800,3680,4000,3600,3600
09/02/2022,3660,4000,3800,3372,3800,3680,4100,3600,3600
08/02/2022,3660,4000,3800,3412,3800,3680,4100,3600,3700
07/02/2022,3680,4000,NR,3412,3900,3720,4100,3600,3700
05/02/2022,3680,4000,NR,NR,NR,3720,4100,3600,3700
04/02/2022,3680,4000,NR,3402,3900,3720,4100,3600,3700
03/02/2022,3680,4000,NR,3402,3900,3720,4100,3600,3700
02/02/2022,3680,NR,3800,3402,3900,3720,4100,3600,3700
01/02/2022,3680,4000,3800,3402,3900,3720,4100,3600,3700
31/01/2022,3680,4000,3800,3402,3900,3730,NR,3600,NR
29/01/2022,3680,4000,3800,NR,3900,3730,4100,3600,3700
28/01/2022,3680,4000,NR,3402,3900,3730,4100,3600,3700
27/01/2022,3680,4000,NR,3402,3900,3730,4100,3600,3700
25/01/2022,3700,4000,NR,3452,3900,3760,4100,3600,3700
24/01/2022,3700,4000,NR,3452,3900,3760,4100,3600,3700
22/01/2022,3700,4000,NR,NR,3900,3810,NR,3600,3700
21/01/2022,3700,4000,NR,3452,3900,3810,4100,3600,3700
20/01/2022,3700,4000,NR,3452,3900,3810,4100,3600,3700
19/01/2022,3700,4000,3800,3452,3900,3810,4100,3600,3700
18/01/2022,3700,4000,NR,NR,3900,3810,4100,3600,3700
17/01/2022,3700,4000,NR,3452,3900,3860,4100,3600,3700
15/01/2022,3680,4000,NR,NR,3900,3860,NR,NR,3700
14/01/2022,3680,4000,NR,3452,NR,3860,NR,NR,3700
13/01/2022,3680,4000,NR,3452,NR,3860,4100,3600,NR
12/01/2022,3680,NR,3800,3452,3900,3860,4100,3600,3700
11/01/2022,3680,4000,NR,3452,3900,3860,4100,NR,3700
10/01/2022,3680,4000,NR,3452,3900,3860,4100,3600,3700
08/01/2022,3860,4000,NR,NR,3900,3860,4100,NR,3800
07/01/2022,3680,4000,NR,3462,3900,3860,4100,3600,3800
06/01/2022,3680,4000,3800,3462,3900,3860,4100,3600,3800
05/01/2022,3680,4000,NR,3462,3900,3860,4100,3600,3800
04/01/2022,3680,4000,NR,3462,3900,3860,4100,NR,3800
03/01/2022,3650,NR,3800,3492,3900,3860,4100,NR,3700
01/01/2022,3650,NR,NR,NR,NR,3860,4100,NR,3700
31/12/2021,3650,4000,NR,3492,3900,3860,4100,3600,3700
30/12/2021,3700,NR,NR,3482,3900,3860,4100,3600,3700
29/12/2021,3700,4000,NR,3472,3900,3860,4100,3600,3700
28/12/2021,3750,NR,NR,NR,3900,3860,4100,3600,3800
27/12/2021,3750,4000,NR,3482,3900,3890,4100,3600,3800
25/12/2021,3750,4000,NR,NR,NR,3890,NR,NR,3800
24/12/2021,3750,4000,NR,3482,4100,3890,4100,3600,3800
23/12/2021,3750,4000,NR,3482,3900,3890,4100,3600,3800
22/12/2021,3800,NR,NR,3482,3900,3800,4100,3600,3800
21/12/2021,3780,4000,NR,3482,3900,3800,4100,3600,3800
20/12/2021,3780,4000,NR,3482,3900,3800,4100,3600,3800
18/12/2021,3780,4000,NR,NR,4000,3800,4100,3700,3700
17/12/2021,3780,4000,NR,3482,4000,3800,4100,3700,3700
16/12/2021,3780,4000,NR,3482,4000,3800,4100,3700,3700
15/12/2021,3780,NR,NR,3482,4000,3800,4100,3700,3700
14/12/2021,3780,NR,NR,3482,4000,3800,4100,3700,3700
13/12/2021,3780,4000,NR,NR,4000,3800,4100,NR,3700
11/12/2021,3780,NR,NR,NR,4000,3950,4100,NR,3650
10/12/2021,3780,4000,NR,3462,4000,3950,4100,NR,3650
09/12/2021,3780,4000,3600,3462,4000,3950,4100,NR,3700
08/12/2021,3800,4000,3800,3462,4000,3950,4100,NR,3700
07/12/2021,3800,4000,NR,3462,4000,3950,4100,3700,3700
06/12/2021,3800,4000,3800,3462,4000,3950,4100,3700,3700
04/12/2021,3800,4000,3800,NR,4000,3950,4100,3600,3700
03/12/2021,3800,4000,3800,3462,4000,3950,4100,3600,3700
02/12/2021,3800,4000,NR,3462,4000,3950,4100,3600,3700
01/12/2021,3800,4000,NR,3462,4000,3950,4100,3600,3700
30/11/2021,3750,4000,NR,3462,4000,3950,4100,3600,3700
29/11/2021,3750,4000,NR,3462,4000,3950,4100,3800,3700
27/11/2021,3800,4000,3800,NR,4100,3950,4100,3600,3700
26/11/2021,3800,4000,NR,3476,4100,3950,4100,3800,3700
25/11/2021,3800,4000,NR,3476,4100,3950,4100,3800,3800
24/11/2021,3820,NR,NR,3476,4100,3950,4100,3800,3800
23/11/2021,3820,4000,NR,3482,4100,3950,4100,3800,3800
22/11/2021,3820,4000,NR,3612,4100,3950,4100,3800,3800
20/11/2021,3840,4000,NR,NR,4100,3950,4100,NR,3800
19/11/2021,3840,NR,NR,NR,NR,3950,4100,NR,3800
18/11/2021,3840,NR,NR,3612,4100,3950,4100,3800,3800
17/11/2021,3840,4000,3790,3612,4100,3950,4100,3800,3800
16/11/2021,3840,4000,3790,3612,4100,3950,4100,3800,3850
15/11/2021,3840,4000,3790,3612,NR,3950,4100,3800,3850
13/11/2021,3840,4000,NR,NR,4100,3950,NR,NR,3850
12/11/2021,3840,4000,3850,3612,4100,3950,4100,3800,3850
11/11/2021,3840,4000,3850,3612,NR,3950,4100,3800,3850
10/11/2021,3870,4000,NR,3602,NR,3950,4100,3800,3850
09/11/2021,3870,4000,3800,3602,4100,3950,4100,3800,3900
08/11/2021,3870,4000,NR,3602,4100,3950,4100,3800,3900
06/11/2021,3840,4000,NR,NR,NR,3950,NR,3800,3900
05/11/2021,3840,4000,NR,NR,NR,3950,4100,3800,3900
03/11/2021,3840,4000,NR,3602,4100,3950,4100,3800,3900
02/11/2021,3840,4000,NR,3602,4100,3950,4100,3800,3900
01/11/2021,3840,4000,NR,3602,4100,3950,4100,3800,3900
30/10/2021,3860,4000,3850,NR,4100,3950,4100,3800,3900
29/10/2021,3860,4000,3850,3602,4100,3950,4100,3800,3900
28/10/2021,3860,4000,3850,3602,4100,3950,4100,3800,3900
27/10/2021,3860,4000,3850,3602,4100,3950,4100,3800,NR
27/10/2021,3860,4000,3850,3602,4100,3950,4100,3800,NR
26/10/2021,3860,4000,NR,3602,4100,3950,4100,3800,3900
25/10/2021,3840,NR,3800,3602,4100,3950,4100,3800,3900
23/10/2021,3840,3400,3800,NR,4100,3950,NR,NR,3900
21/10/2021,3840,3400,NR,3672,4100,3950,4100,NR,3900
20/10/2021,3820,3400,3800,3672,4100,3950,4100,3800,3950
19/10/2021,3820,3400,3800,NR,NR,3950,4100,NR,3950
18/10/2021,NR,3400,3800,3672,4100,3950,NR,3800,3950
16/10/2021,3820,3400,NR,NR,4100,3950,4100,NR,3950
14/10/2021,NR,3400,NR,3652,NR,3950,NR,NR,3950
13/10/2021,3820,3400,3800,3652,NR,3950,NR,3800,3950
12/10/2021,3820,3400,NR,3672,NR,3950,4100,NR,3900
11/11/2021,3800,3400,NR,NR,4100,3950,4100,3800,3900
09/10/2021,3800,3400,NR,NR,4100,3950,NR,NR,3900
08/10/2021,3800,3400,3800,3672,4100,3950,4100,3800,3900
07/10/2021,3800,3400,3800,3672,NR,3950,4100,4100,3800
06/10/2021,3800,3400,NR,3672,4100,3950,4100,NR,3900
05/10/2021,3800,3900,NR,3672,4100,3950,4000,3500,3900
04/10/2021,3800,3900,NR,3672,4100,3950,3900,3800,3900
02/10/2021,3800,3900,3800,NR,NR,3950,NR,NR,3900
01/10/2021,3800,3900,3800,3652,4100,3950,3800,3800,3900
30/09/2021,3800,3900,3800,3652,4100,3950,3800,3800,3900
29/09/2021,3780,3900,3800,3672,4100,3950,3800,NR,3900
28/09/2021,3780,3900,3800,3672,4100,3950,3800,NR,3900
27/09/2021,3780,3900,3800,3672,4100,3900,3800,NR,3900
25/09/2021,3760,3900,3800,NR,4100,3850,NR,3800,3900
24/09/2021,3760,3900,3800,3672,4100,3850,3800,3600,3900
23/09/2021,3760,3900,3800,3672,4100,3850,3800,3600,3900
22/09/2021,3760,3900,3800,3662,NR,3850,3800,3600,3900
21/09/2021,3760,3900,3800,3662,4050,3850,3800,NR,3900
20/09/2021,3800,3900,3800,3662,4050,3850,3800,NR,3900
18/09/2021,3800,3900,NR,NR,4050,3850,3800,3800,3900
17/09/2021,3800,3900,NR,3662,NR,3850,NR,NR,3900
16/09/2021,3760,3900,NR,3642,4050,3850,3800,NR,3900
15/09/2021,3760,3900,NR,3652,4050,3850,3800,3600,3900
14/09/2021,3750,3900,NR,3652,4050,3850,3800,3600,3900
13/09/2021,3750,3900,NR,3782,4000,3850,3800,3600,3900
11/09/2021,3750,3900,NR,NR,4000,3850,NR,NR,3900
10/09/2021,3750,3900,NR,NR,NR,3850,3800,NR,3900
09/09/2021,3750,3900,NR,3646,4000,3850,3800,NR,3900
08/09/2021,3750,3900,NR,3646,4000,3850,NR,3600,3900
07/09/2021,3780,3900,3800,3642,4000,3850,3800,3600,3900
06/09/2021,3780,3900,3800,3562,4000,3850,3800,NR,3900
04/09/2021,3760,3900,NR,NR,3950,3850,3800,3600,NR
03/09/2021,3760,3900,NR,3562,3950,3850,3800,3600,3900
02/09/2021,3760,3900,NR,3562,3950,3850,3800,3600,3900
01/09/2021,3760,3900,NR,3562,3950,3850,3800,3600,3900
31/08/2021,3680,3900,NR,NR,3950,3850,3800,NR,NR
30/08/2021,3680,3900,3600,3562,NR,3850,3800,3600,NR
28/08/2021,3680,3900,NR,NR,3950,3850,NR,3400,3820
27/08/2021,3680,3900,NR,3592,3950,3850,3900,3400,3820
26/08/2021,3700,NR,NR,3592,3950,3850,3900,3400,3820
25/08/2021,3700,3900,NR,3592,3950,3850,3900,NR,3740
24/08/2021,3700,3900,3900,3580,3950,3850,3900,3400,3740
23/08/2021,3700,3900,3900,3500,3950,3850,3700,3400,3740
21/08/2021,3700,3900,3900,NR,3800,3480,3800,3400,3740
20/08/2021,3700,NR,3900,3500,NR,3480,3800,NR,3740
19/08/2021,3700,3900,3900,NR,3800,3480,3800,3400,3740
18/08/2021,3700,3900,3900,3382,3800,3480,3700,3400,3540
17/08/2021,3700,3900,3900,3342,3800,3480,3700,NR,3540
16/08/2021,3580,3900,3900,NR,3800,3480,3700,NR,3540
14/08/2021,3580,3900,3900,NR,3800,3480,NR,NR,3540
13/08/2021,3580,3900,3900,3342,3800,3480,3700,3400,3540
12/08/2021,3540,3900,3900,3342,3800,3480,3700,3400,3540
11/08/2021,3540,3900,3900,3342,3800,3480,3700,3400,3500
10/08/2021,3540,3900,3900,3322,3750,3480,3700,3400,3500
09/08/2021,3540,3900,3900,3322,NR,3480,3700,3400,3500
07/08/2021,3540,3900,3900,NR,3750,3480,3700,3400,NR
06/08/2021,3500,3900,NR,NR,3750,3480,3700,3400,3500
05/08/2021,3500,NR,NR,3332,3680,3480,3700,3400,3500
04/08/2021,3500,3900,NR,3282,3680,3480,3700,3400,3500
03/08/2021,3500,3900,NR,3282,3680,3480,3700,3400,3460
02/08/2021,3450,3900,NR,3242,3680,3480,3700,NR,3460
31/07/2021,3450,3900,NR,NR,3680,3480,3650,3400,NR
30/07/2021,3450,3900,NR,3232,3680,3480,3650,3400,NR
29/07/2021,3450,3900,NR,3232,3680,3480,3650,3400,3460
28/07/2021,3440,3900,3900,3232,3680,3480,3650,NR,3460
27/07/2021,3440,3900,3900,3232,3680,3480,3650,3400,3460
26/07/2021,3440,3900,3900,3232,3680,3480,3650,NR,3460
24/07/2021,3440,3900,3900,NR,3680,3480,NR,3400,3460
23/07/2021,3440,3900,3900,3232,3680,3480,3650,3400,3460
22/07/2021,3440,3900,3900,3232,3680,3480,3650,3400,3460
21/07/2021,3470,3900,3900,NR,NR,3480,3650,NR,3460
20/07/2021,3470,3900,3900,NR,3680,3480,3650,NR,3460
19/07/2021,3470,3900,3900,3232,3680,3480,3650,NR,3460
16/07/2021,3460,3900,3900,3232,3680,3480,3650,NR,3460
15/07/2021,3460,3900,3900,3232,3680,3480,3650,3400,3460
14/07/2021,3450,3900,3900,3232,3680,3480,3650,3400,3460
13/07/2021,3450,3900,3900,3232,3680,3480,3650,NR,3460
12/07/2021,3450,3900,3900,3226,NR,3520,3650,NR,3460
10/07/2021,3450,3900,3900,NR,3680,3520,3700,NR,NR
09/07/2021,3450,3900,3900,3226,3680,3520,3700,NR,NR
06/08/2026,5100,5130,5100,5080,5100,5150,5170,5090,5300
05/08/2026,5100,5130,5100,5090,5100,5100,5120,5100,5300
04/08/2026,5120,5150,5050,5100,5100,5130,5150,5100,5250
03/08/2026,5100,5120,5020,5030,5050,5100,5120,5020,5250
08/08/2026,5100,5130,5070,5060,5100,5150,5170,5080,5300
07/08/2026,5100,5130,5100,5080,5100,5150,5170,5090,5300
